arm,batch,x,weights,head,gdn_state,attention_kv,logits
plain,1,0,7.140,1.271,0.103,0.023,0.003
plain,8,3,7.140,1.271,0.824,0.184,0.024
plain,16,6,7.140,1.271,1.648,0.367,0.048
plain,32,9,7.140,1.271,3.297,0.734,0.095
plain,64,12,7.140,1.271,6.593,1.468,0.191
plain,128,15,7.140,1.271,13.187,2.936,0.381
plain,256,18,7.140,1.271,26.374,5.872,0.763
mtp,1,1,2.808,1.816,0.128,0.011,0.007
mtp,8,4,2.808,1.816,1.023,0.090,0.060
mtp,16,7,2.808,1.816,2.047,0.180,0.119
mtp,32,10,2.808,1.816,4.094,0.360,0.238
mtp,64,13,2.808,1.816,8.188,0.721,0.477
mtp,128,16,2.808,1.816,16.376,1.442,0.954
mtp,256,19,2.808,1.816,32.752,2.884,1.907
