pair,id,pos,tok_a,tok_b,margin_a,margin_b,ulp,cls,max_drift,max_drift_pos,first_logprob_diff,len_a,len_b,length_mismatch,cycle_offset_b,prev_cycle_len_b,cycles_ok_b
stock c32 vs fresh-server repeat (floor),cnn_dailymail-0026,,,,,,,,0.0008905623108148575,255,255,256,256,False,,,
stock c32 vs fresh-server repeat (floor),cnn_dailymail-0029,207,14217,10661,0.125,0.0,0.125,tie,0.15007317066192627,195,178,256,256,False,,,
stock c32 vs fresh-server repeat (floor),cnn_dailymail-0032,153,22525,75532,0.0,0.125,0.125,tie,0.11427807807922363,140,139,256,256,False,,,
stock c32 vs fresh-server repeat (floor),cnn_dailymail-0035,,,,,,,,0.15454578399658203,185,83,256,256,False,,,
stock c32 vs fresh-server repeat (floor),cnn_dailymail-0036,,,,,,,,0.2064802646636963,65,35,108,108,False,,,
stock c32 vs fresh-server repeat (floor),cnn_dailymail-0037,53,264,20684,0.0,0.125,0.125,tie,0.11330318450927734,32,32,110,137,False,,,
stock c32 vs fresh-server repeat (floor),cnn_dailymail-0038,,,,,,,,0.21825218200683594,190,26,256,256,False,,,
stock c32 vs fresh-server repeat (floor),cnn_dailymail-0039,53,310,303,0.125,0.0,0.125,tie,0.19490718841552734,31,1,151,151,False,,,
"stock c1 vs stock c32, one server (floor)",alpaca_eval-0180,21,6206,4752,0.125,0.0,0.125,tie,0.17781639099121094,20,2,256,256,False,,,
"stock c1 vs stock c32, one server (floor)",alpaca_eval-0310,,,,,,,,0.23276114463806152,208,2,256,256,False,,,
"stock c1 vs stock c32, one server (floor)",alpaca_eval-0480,107,1879,7497,0.0,0.125,0.125,tie,0.23333454132080078,99,0,256,256,False,,,
"stock c1 vs stock c32, one server (floor)",alpaca_eval-0490,103,5129,1496,0.125,0.0,0.125,tie,0.14397192001342773,43,0,256,256,False,,,
"stock c1 vs stock c32, one server (floor)",alpaca_eval-0580,96,321,10340,0.0,0.125,0.125,tie,0.24531006813049316,4,0,256,256,False,,,
"stock c1 vs stock c32, one server (floor)",alpaca_eval-0590,235,21426,37568,0.0,0.125,0.125,tie,0.23099493980407715,121,0,256,256,False,,,
"stock c1 vs stock c32, one server (floor)",cnn_dailymail-0009,47,888,279,0.125,0.0,0.125,tie,0.1762923002243042,45,0,80,81,False,,,
"stock c1 vs stock c32, one server (floor)",cnn_dailymail-0011,,,,,,,,0.12545537948608398,230,181,256,256,False,,,
"stock c1 vs stock c32, one server (floor)",cnn_dailymail-0014,,,,,,,,0.1400463581085205,206,154,256,256,False,,,
"stock c1 vs stock c32, one server (floor)",cnn_dailymail-0016,,,,,,,,0.11604595184326172,122,122,126,126,False,,,
"stock c1 vs stock c32, one server (floor)",cnn_dailymail-0017,,,,,,,,0.20322418212890625,206,77,256,256,False,,,
"stock c1 vs stock c32, one server (floor)",cnn_dailymail-0018,91,279,264,0.125,0.0,0.125,tie,0.20024418830871582,71,46,111,111,False,,,
"stock c1 vs stock c32, one server (floor)",cnn_dailymail-0019,52,3372,8855,0.0,0.25,0.125,tie,0.11365032196044922,42,37,102,104,False,,,
"stock c1 vs stock c32, one server (floor)",cnn_dailymail-0020,71,2824,12968,0.125,0.125,0.125,one_ulp,0.22194337844848633,33,19,256,256,False,,,
"stock c1 vs stock c32, one server (floor)",cnn_dailymail-0021,43,4788,1010,0.125,0.0,0.125,tie,0.21401619911193848,13,1,118,131,False,,,
"stock c1 vs stock c32, one server (floor)",cnn_dailymail-0022,,,,,,,,0.18754839897155762,63,1,116,116,False,,,
"stock c1 vs stock c32, one server (floor)",cnn_dailymail-0023,,,,,,,,0.16561436653137207,235,11,256,256,False,,,
"stock c1 vs stock c32, one server (floor)",cnn_dailymail-0024,22,5732,2785,0.125,0.0,0.125,tie,0.10567736625671387,19,10,107,112,False,,,
"stock c1 vs stock c32, one server (floor)",cnn_dailymail-0025,,,,,,,,0.21702218055725098,113,1,116,116,False,,,
"stock c1 vs stock c32, one server (floor)",cnn_dailymail-0026,226,45482,48401,0.0,0.125,0.125,tie,0.21873092651367188,33,1,256,256,False,,,
"stock c1 vs stock c32, one server (floor)",cnn_dailymail-0029,152,8897,279,0.125,0.0,0.125,tie,0.08760416507720947,151,144,256,256,False,,,
"stock c1 vs stock c32, one server (floor)",cnn_dailymail-0030,59,491,1528,0.0,0.125,0.125,tie,0.2166154384613037,23,0,92,94,False,,,
"stock c1 vs stock c32, one server (floor)",cnn_dailymail-0031,,,,,,,,0.12887120246887207,131,131,132,132,False,,,
"stock c1 vs stock c32, one server (floor)",cnn_dailymail-0032,153,75532,22525,0.125,0.0,0.125,tie,0.21542704105377197,128,105,256,256,False,,,
"stock c1 vs stock c32, one server (floor)",cnn_dailymail-0033,,,,,,,,0.12049722671508789,88,86,95,95,False,,,
"stock c1 vs stock c32, one server (floor)",cnn_dailymail-0034,,,,,,,,0.11946511268615723,84,78,110,110,False,,,
"stock c1 vs stock c32, one server (floor)",cnn_dailymail-0035,192,21046,1615,0.25,0.0,0.125,tie,0.1867234706878662,138,49,256,256,False,,,
"stock c1 vs stock c32, one server (floor)",cnn_dailymail-0036,,,,,,,,0.22142887115478516,5,1,108,108,False,,,
"stock c1 vs stock c32, one server (floor)",cnn_dailymail-0037,53,20684,264,0.125,0.0,0.125,tie,0.1413133144378662,42,32,137,110,False,,,
"stock c1 vs stock c32, one server (floor)",cnn_dailymail-0038,104,509,9290,0.0,0.125,0.125,tie,0.23810482025146484,72,24,256,256,False,,,
"stock c1 vs stock c32, one server (floor)",cnn_dailymail-0039,132,864,28546,0.0,0.125,0.125,tie,0.22824883460998535,108,1,166,151,False,,,
"stock c1 vs stock c32, one server (floor)",gsm8k-0001,,,,,,,,0.23381352424621582,45,0,178,178,False,,,
"stock c1 vs stock c32, one server (floor)",gsm8k-0002,29,279,17704,0.0,0.125,0.125,tie,0.2454688549041748,0,0,256,256,False,,,
"stock c1 vs stock c32, one server (floor)",gsm8k-0003,,,,,,,,0.17856431007385254,8,0,170,170,False,,,
"stock c1 vs stock c32, one server (floor)",gsm8k-0005,61,283,25,0.25,0.0,0.25,tie,0.16491460800170898,54,0,256,256,False,,,
"stock c1 vs stock c32, one server (floor)",gsm8k-0006,194,188144,15875,0.125,0.0,0.125,tie,0.3463411331176758,8,0,256,256,False,,,
"stock c1 vs stock c32, one server (floor)",gsm8k-0007,144,1,279,0.0,0.125,0.125,tie,0.21152830123901367,43,0,256,256,False,,,
"stock c1 vs stock c32, one server (floor)",gsm8k-0010,19,29478,1324,0.25,0.0,0.25,tie,0.11870837211608887,0,0,256,256,False,,,
"stock c1 vs stock c32, one server (floor)",gsm8k-0011,26,1421,38663,0.0,0.12500005960464478,0.125,tie,0.09239614009857178,8,0,256,256,False,,,
"stock c1 vs stock c32, one server (floor)",gsm8k-0012,187,65253,36941,0.125,0.0,0.125,tie,0.5716531276702881,67,0,256,256,False,,,
"stock c1 vs stock c32, one server (floor)",gsm8k-0013,,,,,,,,0.22965168952941895,155,0,256,256,False,,,
"stock c1 vs stock c32, one server (floor)",gsm8k-0014,,,,,,,,0.23746752738952637,145,0,256,256,False,,,
"stock c1 vs stock c32, one server (floor)",gsm8k-0015,44,31187,4997,0.125,0.125,0.125,one_ulp,0.3601553440093994,15,0,256,256,False,,,
"stock c1 vs stock c32, one server (floor)",gsm8k-0018,,,,,,,,0.2442176342010498,6,0,235,235,False,,,
"stock c1 vs stock c32, one server (floor)",gsm8k-0019,,,,,,,,0.2379322052001953,235,0,256,256,False,,,
"stock c1 vs stock c32, one server (floor)",gsm8k-0020,113,2989,220,0.125,0.0,0.125,tie,0.1987457275390625,40,0,256,256,False,,,
"stock c1 vs stock c32, one server (floor)",gsm8k-0021,,,,,,,,0.21324610710144043,113,0,168,168,False,,,
"stock c1 vs stock c32, one server (floor)",gsm8k-0022,,,,,,,,0.193109393119812,234,0,256,256,False,,,
"stock c1 vs stock c32, one server (floor)",gsm8k-0023,,,,,,,,0.2391643524169922,247,0,256,256,False,,,
"stock c1 vs stock c32, one server (floor)",gsm8k-0028,27,2702,3377,0.0,0.125,0.125,tie,0.12370443344116211,17,0,248,240,False,,,
"stock c1 vs stock c32, one server (floor)",gsm8k-0029,,,,,,,,0.15557676553726196,194,0,256,256,False,,,
"stock c1 vs stock c32, one server (floor)",gsm8k-0030,,,,,,,,0.2381148338317871,80,0,256,256,False,,,
"stock c1 vs stock c32, one server (floor)",gsm8k-0031,7,1144,1118,0.125,0.0,0.125,tie,0.12003159523010254,4,0,256,256,False,,,
"stock c1 vs stock c32, one server (floor)",gsm8k-0037,47,1088,16,0.125,0.0,0.125,tie,0.12243843078613281,41,0,256,256,False,,,
"stock c1 vs stock c32, one server (floor)",gsm8k-0038,201,32645,328,0.25,0.0,0.125,tie,0.19590270519256592,105,0,256,256,False,,,
"stock c1 vs stock c32, one server (floor)",gsm8k-0039,,,,,,,,0.24349498748779297,233,0,256,256,False,,,
"stock c1 vs stock c32, one server (floor)",gsm8k-0045,,,,,,,,0.2433018684387207,25,0,256,256,False,,,
"stock c1 vs stock c32, one server (floor)",gsm8k-0046,,,,,,,,0.2286362648010254,0,0,256,256,False,,,
"stock c1 vs stock c32, one server (floor)",gsm8k-0047,,,,,,,,0.23332619667053223,142,0,256,256,False,,,
"stock c1 vs stock c32, one server (floor)",gsm8k-0053,74,393,56014,0.0,0.25,0.25,tie,0.24454092979431152,27,0,256,256,False,,,
"stock c1 vs stock c32, one server (floor)",gsm8k-0054,,,,,,,,0.3599057197570801,74,0,256,256,False,,,
"stock c1 vs stock c32, one server (floor)",gsm8k-0055,,,,,,,,0.20881009101867676,42,0,147,147,False,,,
"stock c1 vs stock c32, one server (floor)",gsm8k-0057,,,,,,,,0.23642826080322266,164,2,256,256,False,,,
"stock c1 vs stock c32, one server (floor)",gsm8k-0062,,,,,,,,0.21932697296142578,162,0,256,256,False,,,
"stock c1 vs stock c32, one server (floor)",gsm8k-0063,155,271,198,0.125,0.0,0.125,tie,0.16934490203857422,145,0,256,256,False,,,
"stock c1 vs stock c32, one server (floor)",gsm8k-0067,17,25,13,0.125,0.0,0.125,tie,0.12280130386352539,8,2,256,256,False,,,
"stock c1 vs stock c32, one server (floor)",gsm8k-0070,15,25,13,0.125,0.0,0.125,tie,0.1498410701751709,12,0,256,256,False,,,
"stock c1 vs stock c32, one server (floor)",gsm8k-0071,,,,,,,,0.21871447563171387,124,0,256,256,False,,,
"stock c1 vs stock c32, one server (floor)",gsm8k-0077,,,,,,,,0.2007143497467041,27,2,256,256,False,,,
"stock c1 vs stock c32, one server (floor)",gsm8k-0078,,,,,,,,0.20583653450012207,24,0,256,256,False,,,
"stock c1 vs stock c32, one server (floor)",gsm8k-0079,85,1590,553,0.125,0.0,0.125,tie,0.21295475959777832,31,0,170,170,False,,,
"stock c1 vs stock c32, one server (floor)",humaneval-0032,94,682,1902,0.0,0.125,0.125,tie,0.20372724533081055,71,0,256,256,False,,,
"stock c1 vs stock c32, one server (floor)",humaneval-0033,164,271,198,0.125,0.0,0.125,tie,0.12264800071716309,155,0,256,256,False,,,
"stock c1 vs stock c32, one server (floor)",mt_bench-0001,127,10386,1040,0.125,0.0,0.125,tie,0.2434864044189453,109,0,153,153,False,,,
"stock c1 vs stock c32, one server (floor)",mt_bench-0032,137,34167,27382,0.125,0.0,0.125,tie,0.1475222110748291,36,2,256,256,False,,,
stock c1 vs lever_v1 c1,alpaca_eval-0000,146,8252,7745,0.0625,0.0,0.0625,tie,0.23271608352661133,87,1,256,256,False,,,
stock c1 vs lever_v1 c1,alpaca_eval-0010,29,44280,975,0.125,0.0,0.125,tie,0.16475486755371094,28,1,256,256,False,,,
stock c1 vs lever_v1 c1,alpaca_eval-0020,136,30424,58555,0.0,0.0625,0.0625,tie,0.13746780157089233,73,1,256,256,False,,,
stock c1 vs lever_v1 c1,alpaca_eval-0030,94,357,1394,0.0,0.125,0.125,tie,0.19417643547058105,88,2,256,256,False,,,
stock c1 vs lever_v1 c1,alpaca_eval-0040,253,383,11,0.12499994039535522,0.0,0.125,tie,0.23488473892211914,145,1,256,256,False,,,
stock c1 vs lever_v1 c1,alpaca_eval-0050,254,1151,7832,0.0,0.125,0.125,tie,0.23751282691955566,112,1,256,256,False,,,
stock c1 vs lever_v1 c1,alpaca_eval-0060,125,37462,20331,0.0625,0.0,0.0625,tie,0.2058725357055664,38,1,256,256,False,,,
stock c1 vs lever_v1 c1,alpaca_eval-0070,,,,,,,,0.22180581092834473,3,1,95,95,False,,,
stock c1 vs lever_v1 c1,alpaca_eval-0080,76,15214,50209,0.0,0.125,0.125,tie,0.15407395362854004,51,1,256,256,False,,,
stock c1 vs lever_v1 c1,alpaca_eval-0090,88,4364,6762,0.0,0.125,0.125,tie,0.2326962947845459,21,1,256,256,False,,,
stock c1 vs lever_v1 c1,alpaca_eval-0100,51,10919,264,0.125,0.0,0.125,tie,0.18804585933685303,1,1,256,256,False,,,
stock c1 vs lever_v1 c1,alpaca_eval-0110,153,5138,8545,0.0,0.125,0.125,tie,0.23824000358581543,6,1,256,256,False,,,
stock c1 vs lever_v1 c1,alpaca_eval-0120,100,68587,1852,0.125,0.0,0.125,tie,0.34078359603881836,12,1,156,169,False,,,
stock c1 vs lever_v1 c1,alpaca_eval-0130,38,1876,39107,0.0,0.125,0.0625,tie,0.19878935813903809,19,1,256,256,False,,,
stock c1 vs lever_v1 c1,alpaca_eval-0140,,,,,,,,0.21420574188232422,140,1,256,256,False,,,
stock c1 vs lever_v1 c1,alpaca_eval-0150,134,16629,1273,0.125,0.0,0.125,tie,0.23964858055114746,85,1,256,256,False,,,
stock c1 vs lever_v1 c1,alpaca_eval-0160,,,,,,,,0.22225451469421387,197,1,256,256,False,,,
stock c1 vs lever_v1 c1,alpaca_eval-0170,192,557,579,0.0,0.125,0.125,tie,0.23958086967468262,37,1,256,256,False,,,
stock c1 vs lever_v1 c1,alpaca_eval-0180,28,318,310,0.125,0.0,0.125,tie,0.11912965774536133,8,1,256,256,False,,,
stock c1 vs lever_v1 c1,alpaca_eval-0190,,,,,,,,0.0023193657398223877,2,1,3,3,False,,,
stock c1 vs lever_v1 c1,alpaca_eval-0200,144,68,39551,0.0,0.125,0.125,tie,0.21831035614013672,78,1,256,256,False,,,
stock c1 vs lever_v1 c1,alpaca_eval-0210,20,321,4016,0.0,0.125,0.125,tie,0.12153935432434082,15,1,256,256,False,,,
stock c1 vs lever_v1 c1,alpaca_eval-0220,7,1402,65884,0.0,0.125,0.125,tie,0.23839449882507324,2,1,256,256,False,,,
stock c1 vs lever_v1 c1,alpaca_eval-0230,190,23373,12298,0.125,0.0,0.125,tie,0.20801115036010742,30,1,256,256,False,,,
stock c1 vs lever_v1 c1,alpaca_eval-0240,152,488,781,0.0,0.125,0.125,tie,0.24071836471557617,131,1,256,256,False,,,
stock c1 vs lever_v1 c1,alpaca_eval-0250,28,1765,1593,0.0625,0.0,0.0625,tie,0.1948862075805664,8,1,256,256,False,,,
stock c1 vs lever_v1 c1,alpaca_eval-0260,78,198,271,0.0,0.125,0.125,tie,0.23817992210388184,29,1,256,256,False,,,
stock c1 vs lever_v1 c1,alpaca_eval-0270,248,974,6316,0.0,0.125,0.125,tie,0.2446746826171875,32,2,256,256,False,,,
stock c1 vs lever_v1 c1,alpaca_eval-0280,42,314,159029,0.0,0.125,0.125,tie,0.16015517711639404,33,1,256,256,False,,,
stock c1 vs lever_v1 c1,alpaca_eval-0290,109,958,3579,0.0,0.125,0.125,tie,0.19442439079284668,46,1,256,256,False,,,
stock c1 vs lever_v1 c1,alpaca_eval-0300,174,321,364,0.0,0.125,0.125,tie,0.18899869918823242,141,1,256,256,False,,,
stock c1 vs lever_v1 c1,alpaca_eval-0310,,,,,,,,0.20739281177520752,89,1,256,256,False,,,
stock c1 vs lever_v1 c1,alpaca_eval-0320,31,25,5469,0.0,0.125,0.125,tie,0.18561482429504395,6,1,256,256,False,,,
stock c1 vs lever_v1 c1,alpaca_eval-0330,10,13759,2534,0.125,0.0,0.125,tie,0.12072277069091797,4,1,256,256,False,,,
stock c1 vs lever_v1 c1,alpaca_eval-0340,111,4650,68,0.125,0.0,0.125,tie,0.19740819931030273,14,1,188,205,False,,,
stock c1 vs lever_v1 c1,alpaca_eval-0350,254,15714,3050,0.125,0.0,0.125,tie,0.24041008949279785,92,0,256,256,False,,,
stock c1 vs lever_v1 c1,alpaca_eval-0360,113,17,18,0.0,0.125,0.125,tie,0.23873281478881836,107,1,256,256,False,,,
stock c1 vs lever_v1 c1,alpaca_eval-0370,,,,,,,,0.14112520217895508,13,1,71,71,False,,,
stock c1 vs lever_v1 c1,alpaca_eval-0380,,,,,,,,0.3512098789215088,228,0,256,256,False,,,
stock c1 vs lever_v1 c1,alpaca_eval-0390,3,10,220,0.0,0.0625,0.0625,tie,0.11792564392089844,1,1,256,256,False,,,
stock c1 vs lever_v1 c1,alpaca_eval-0400,236,1048,23197,0.0,0.125,0.125,tie,0.23814058303833008,109,2,256,256,False,,,
stock c1 vs lever_v1 c1,alpaca_eval-0410,74,357,20656,0.0,0.125,0.125,tie,0.2294023036956787,65,1,256,256,False,,,
stock c1 vs lever_v1 c1,alpaca_eval-0420,,,,,,,,0.24195647239685059,34,1,202,202,False,,,
stock c1 vs lever_v1 c1,alpaca_eval-0430,119,4213,1061,0.125,0.0,0.125,tie,0.19501376152038574,80,1,256,256,False,,,
stock c1 vs lever_v1 c1,alpaca_eval-0440,72,1970,13,0.125,0.0,0.125,tie,0.1451125144958496,53,1,256,256,False,,,
stock c1 vs lever_v1 c1,alpaca_eval-0450,19,4370,1732,0.125,0.0,0.125,tie,0.16521334648132324,8,1,256,256,False,,,
stock c1 vs lever_v1 c1,alpaca_eval-0460,102,1049,1394,0.0,0.125,0.125,tie,0.23843097686767578,88,1,256,256,False,,,
stock c1 vs lever_v1 c1,alpaca_eval-0470,,,,,,,,0.23247790336608887,119,1,256,256,False,,,
stock c1 vs lever_v1 c1,alpaca_eval-0480,,,,,,,,0.2442002296447754,113,1,256,256,False,,,
stock c1 vs lever_v1 c1,alpaca_eval-0490,103,5129,1496,0.125,0.0,0.125,tie,0.19716644287109375,98,1,256,256,False,,,
stock c1 vs lever_v1 c1,alpaca_eval-0500,85,2493,3070,0.0,0.125,0.125,tie,0.12339138984680176,69,1,256,256,False,,,
stock c1 vs lever_v1 c1,alpaca_eval-0510,115,33,47,0.0,0.125,0.0625,tie,0.1807413101196289,106,1,167,161,False,,,
stock c1 vs lever_v1 c1,alpaca_eval-0520,125,760,88433,0.0,0.0625,0.0625,tie,0.2365128993988037,48,1,256,256,False,,,
stock c1 vs lever_v1 c1,alpaca_eval-0530,56,21568,2018,0.125,0.0,0.125,tie,0.11868095397949219,28,1,256,256,False,,,
stock c1 vs lever_v1 c1,alpaca_eval-0540,11,18593,1478,0.125,0.0,0.125,tie,0.11423754692077637,1,1,18,19,False,,,
stock c1 vs lever_v1 c1,alpaca_eval-0550,92,5474,3037,0.125,0.0,0.125,tie,0.12223601341247559,52,1,256,256,False,,,
stock c1 vs lever_v1 c1,alpaca_eval-0560,,,,,,,,0.2017582654953003,80,1,256,256,False,,,
stock c1 vs lever_v1 c1,alpaca_eval-0570,1,3766,4400,0.0,0.125,0.125,tie,0.0,,,256,256,False,,,
stock c1 vs lever_v1 c1,alpaca_eval-0580,85,563,4379,0.0,0.125,0.125,tie,0.1808314323425293,9,1,256,256,False,,,
stock c1 vs lever_v1 c1,alpaca_eval-0590,174,11227,21861,0.125,0.125,0.125,one_ulp,0.23099517822265625,121,1,256,256,False,,,
stock c1 vs lever_v1 c1,cnn_dailymail-0000,,,,,,,,0.23618149757385254,44,1,112,112,False,,,
stock c1 vs lever_v1 c1,cnn_dailymail-0001,85,1061,6056,0.0,0.125,0.125,tie,0.22025609016418457,69,1,125,120,False,,,
stock c1 vs lever_v1 c1,cnn_dailymail-0002,,,,,,,,0.20589470863342285,92,1,256,256,False,,,
stock c1 vs lever_v1 c1,cnn_dailymail-0003,48,3322,864,0.125,0.0,0.125,tie,0.13709592819213867,9,1,112,110,False,,,
stock c1 vs lever_v1 c1,cnn_dailymail-0004,,,,,,,,0.14470350742340088,44,1,97,97,False,,,
stock c1 vs lever_v1 c1,cnn_dailymail-0005,,,,,,,,0.166823148727417,87,1,256,256,False,,,
stock c1 vs lever_v1 c1,cnn_dailymail-0006,82,13211,65844,0.0,0.125,0.125,tie,0.13361167907714844,24,1,115,114,False,,,
stock c1 vs lever_v1 c1,cnn_dailymail-0007,,,,,,,,0.19990801811218262,18,1,104,104,False,,,
stock c1 vs lever_v1 c1,cnn_dailymail-0008,,,,,,,,0.24174737930297852,188,1,256,256,False,,,
stock c1 vs lever_v1 c1,cnn_dailymail-0009,39,5879,31511,0.0,0.125,0.125,tie,0.1519019603729248,2,1,80,84,False,,,
stock c1 vs lever_v1 c1,cnn_dailymail-0010,22,13064,30957,0.0,0.125,0.125,tie,0.12034273147583008,7,1,79,79,False,,,
stock c1 vs lever_v1 c1,cnn_dailymail-0011,213,2196,69075,0.0,0.125,0.125,tie,0.14895200729370117,195,1,256,256,False,,,
stock c1 vs lever_v1 c1,cnn_dailymail-0012,,,,,,,,0.242570161819458,34,1,98,98,False,,,
stock c1 vs lever_v1 c1,cnn_dailymail-0013,,,,,,,,0.21909713745117188,21,1,121,121,False,,,
stock c1 vs lever_v1 c1,cnn_dailymail-0014,50,15899,6,0.125,0.0,0.125,tie,0.2129453420639038,41,1,256,256,False,,,
stock c1 vs lever_v1 c1,cnn_dailymail-0015,37,682,11,0.125,0.0,0.125,tie,0.23038792610168457,33,1,108,111,False,,,
stock c1 vs lever_v1 c1,cnn_dailymail-0016,86,303,13,0.125,0.0,0.125,tie,0.14911484718322754,40,1,126,119,False,,,
stock c1 vs lever_v1 c1,cnn_dailymail-0017,68,1027,279,0.125,0.0,0.125,tie,0.19893884658813477,46,1,256,256,False,,,
stock c1 vs lever_v1 c1,cnn_dailymail-0018,,,,,,,,0.1940445899963379,39,1,111,111,False,,,
stock c1 vs lever_v1 c1,cnn_dailymail-0019,52,3372,8855,0.0,0.25,0.125,tie,0.14896655082702637,29,1,102,104,False,,,
stock c1 vs lever_v1 c1,cnn_dailymail-0020,,,,,,,,0.21565937995910645,97,1,256,256,False,,,
stock c1 vs lever_v1 c1,cnn_dailymail-0021,46,2582,8953,0.0,0.25,0.0625,tie,0.2140963077545166,13,1,118,122,False,,,
stock c1 vs lever_v1 c1,cnn_dailymail-0022,81,4171,44164,0.0,0.125,0.125,tie,0.17260146141052246,80,1,116,113,False,,,
stock c1 vs lever_v1 c1,cnn_dailymail-0023,,,,,,,,0.24551892280578613,41,1,256,256,False,,,
stock c1 vs lever_v1 c1,cnn_dailymail-0024,,,,,,,,0.15948164463043213,87,1,107,107,False,,,
stock c1 vs lever_v1 c1,cnn_dailymail-0025,,,,,,,,0.15227842330932617,50,1,116,116,False,,,
stock c1 vs lever_v1 c1,cnn_dailymail-0026,,,,,,,,0.23053979873657227,254,1,256,256,False,,,
stock c1 vs lever_v1 c1,cnn_dailymail-0027,,,,,,,,0.21689176559448242,50,1,96,96,False,,,
stock c1 vs lever_v1 c1,cnn_dailymail-0028,,,,,,,,0.2436671257019043,69,1,114,114,False,,,
stock c1 vs lever_v1 c1,cnn_dailymail-0029,116,56028,1905,0.125,0.0,0.125,tie,0.24331092834472656,41,1,256,256,False,,,
stock c1 vs lever_v1 c1,cnn_dailymail-0030,,,,,,,,0.2322835922241211,57,1,92,92,False,,,
stock c1 vs lever_v1 c1,cnn_dailymail-0031,14,9331,6113,0.25,0.0,0.125,tie,0.17393255233764648,5,1,132,117,False,,,
stock c1 vs lever_v1 c1,cnn_dailymail-0032,,,,,,,,0.22978734970092773,140,1,256,256,False,,,
stock c1 vs lever_v1 c1,cnn_dailymail-0033,,,,,,,,0.23183774948120117,24,1,95,95,False,,,
stock c1 vs lever_v1 c1,cnn_dailymail-0034,,,,,,,,0.15567326545715332,37,1,110,110,False,,,
stock c1 vs lever_v1 c1,cnn_dailymail-0035,214,318,13,0.125,0.0,0.125,tie,0.23749160766601562,87,1,256,256,False,,,
stock c1 vs lever_v1 c1,cnn_dailymail-0036,,,,,,,,0.19520068168640137,97,1,108,108,False,,,
stock c1 vs lever_v1 c1,cnn_dailymail-0037,4,303,424,0.0,0.125,0.125,tie,0.126328706741333,3,1,137,114,False,,,
stock c1 vs lever_v1 c1,cnn_dailymail-0038,,,,,,,,0.20650267601013184,76,1,256,256,False,,,
stock c1 vs lever_v1 c1,cnn_dailymail-0039,,,,,,,,0.2208707332611084,106,1,166,166,False,,,
stock c1 vs lever_v1 c1,gsm8k-0000,,,,,,,,0.23409628868103027,65,1,256,256,False,,,
stock c1 vs lever_v1 c1,gsm8k-0001,,,,,,,,0.2402660846710205,29,1,178,178,False,,,
stock c1 vs lever_v1 c1,gsm8k-0002,,,,,,,,0.3072996139526367,203,1,256,256,False,,,
stock c1 vs lever_v1 c1,gsm8k-0003,,,,,,,,0.14215636253356934,88,1,170,170,False,,,
stock c1 vs lever_v1 c1,gsm8k-0004,,,,,,,,0.22397899627685547,50,1,256,256,False,,,
stock c1 vs lever_v1 c1,gsm8k-0005,229,8720,3240,0.125,0.0,0.125,tie,0.20477187633514404,72,1,256,256,False,,,
stock c1 vs lever_v1 c1,gsm8k-0006,54,19892,28924,0.0,0.125,0.125,tie,0.2426154613494873,41,1,256,256,False,,,
stock c1 vs lever_v1 c1,gsm8k-0007,123,1331,4003,0.0,0.125,0.125,tie,0.20573127269744873,45,1,256,256,False,,,
stock c1 vs lever_v1 c1,gsm8k-0008,68,3491,13362,0.0,0.125,0.125,tie,0.12260818481445312,53,1,256,256,False,,,
stock c1 vs lever_v1 c1,gsm8k-0009,146,458,27858,0.0,0.125,0.125,tie,0.12884950637817383,83,1,256,256,False,,,
stock c1 vs lever_v1 c1,gsm8k-0010,,,,,,,,0.36778855323791504,63,1,256,256,False,,,
stock c1 vs lever_v1 c1,gsm8k-0011,61,506,13,0.125,0.0,0.125,tie,0.17320942878723145,48,1,256,256,False,,,
stock c1 vs lever_v1 c1,gsm8k-0012,,,,,,,,0.23862767219543457,50,1,256,256,False,,,
stock c1 vs lever_v1 c1,gsm8k-0013,45,430,13,0.125,0.0,0.125,tie,0.1773005723953247,40,1,256,256,False,,,
stock c1 vs lever_v1 c1,gsm8k-0014,,,,,,,,0.1763744354248047,2,1,256,256,False,,,
stock c1 vs lever_v1 c1,gsm8k-0015,,,,,,,,0.1538832187652588,36,1,256,256,False,,,
stock c1 vs lever_v1 c1,gsm8k-0016,,,,,,,,0.18993616104125977,170,1,256,256,False,,,
stock c1 vs lever_v1 c1,gsm8k-0017,,,,,,,,0.24489140510559082,90,1,256,256,False,,,
stock c1 vs lever_v1 c1,gsm8k-0018,,,,,,,,0.23242425918579102,23,1,235,235,False,,,
stock c1 vs lever_v1 c1,gsm8k-0019,,,,,,,,0.23870515823364258,235,1,256,256,False,,,
stock c1 vs lever_v1 c1,gsm8k-0020,44,8529,2144,0.125,0.0,0.125,tie,0.13406801223754883,26,1,256,256,False,,,
stock c1 vs lever_v1 c1,gsm8k-0021,94,948,506,0.125,0.0,0.125,tie,0.13202053308486938,83,1,168,166,False,,,
stock c1 vs lever_v1 c1,gsm8k-0022,,,,,,,,0.23141098022460938,190,3,256,256,False,,,
stock c1 vs lever_v1 c1,gsm8k-0023,,,,,,,,0.19037508964538574,223,1,256,256,False,,,
stock c1 vs lever_v1 c1,gsm8k-0024,,,,,,,,0.3401038646697998,252,1,256,256,False,,,
stock c1 vs lever_v1 c1,gsm8k-0025,,,,,,,,0.24088811874389648,63,1,256,256,False,,,
stock c1 vs lever_v1 c1,gsm8k-0026,2,264,821,0.0,0.25,0.125,tie,3.3364922273904085e-06,1,1,256,256,False,,,
stock c1 vs lever_v1 c1,gsm8k-0027,,,,,,,,0.20421135425567627,128,1,256,256,False,,,
stock c1 vs lever_v1 c1,gsm8k-0028,80,220,1801,0.0,0.125,0.125,tie,0.12277555465698242,17,1,248,247,False,,,
stock c1 vs lever_v1 c1,gsm8k-0029,134,34167,21825,0.24999994039535522,0.0,0.25,tie,0.18857192993164062,52,1,256,256,False,,,
stock c1 vs lever_v1 c1,gsm8k-0030,,,,,,,,0.17639005184173584,210,1,256,256,False,,,
stock c1 vs lever_v1 c1,gsm8k-0031,,,,,,,,0.23854374885559082,254,1,256,256,False,,,
stock c1 vs lever_v1 c1,gsm8k-0032,79,7157,791,0.125,0.0,0.125,tie,0.14649170637130737,74,1,256,256,False,,,
stock c1 vs lever_v1 c1,gsm8k-0033,,,,,,,,0.21902751922607422,13,1,256,256,False,,,
stock c1 vs lever_v1 c1,gsm8k-0034,,,,,,,,0.24549078941345215,140,1,209,209,False,,,
stock c1 vs lever_v1 c1,gsm8k-0035,,,,,,,,0.23636269569396973,89,1,256,256,False,,,
stock c1 vs lever_v1 c1,gsm8k-0036,,,,,,,,0.23458600044250488,19,1,245,245,False,,,
stock c1 vs lever_v1 c1,gsm8k-0037,47,1088,16,0.125,0.0,0.125,tie,0.19939780235290527,24,1,256,256,False,,,
stock c1 vs lever_v1 c1,gsm8k-0038,,,,,,,,0.22609663009643555,198,1,256,256,False,,,
stock c1 vs lever_v1 c1,gsm8k-0039,,,,,,,,0.2658071517944336,55,1,256,256,False,,,
stock c1 vs lever_v1 c1,gsm8k-0040,18,279,16434,0.0,0.125,0.0625,tie,0.09830808639526367,17,1,221,200,False,,,
stock c1 vs lever_v1 c1,gsm8k-0041,,,,,,,,0.2424466609954834,164,1,256,256,False,,,
stock c1 vs lever_v1 c1,gsm8k-0042,,,,,,,,0.23493456840515137,154,1,201,201,False,,,
stock c1 vs lever_v1 c1,gsm8k-0043,,,,,,,,0.24424123764038086,183,1,256,256,False,,,
stock c1 vs lever_v1 c1,gsm8k-0044,16,15771,2014,0.125,0.0,0.125,tie,0.10080075263977051,9,1,256,256,False,,,
stock c1 vs lever_v1 c1,gsm8k-0045,,,,,,,,0.24264907836914062,25,1,256,256,False,,,
stock c1 vs lever_v1 c1,gsm8k-0046,,,,,,,,0.23964881896972656,146,1,256,256,False,,,
stock c1 vs lever_v1 c1,gsm8k-0047,,,,,,,,0.22867250442504883,16,1,256,256,False,,,
stock c1 vs lever_v1 c1,gsm8k-0048,,,,,,,,0.21802878379821777,221,1,256,256,False,,,
stock c1 vs lever_v1 c1,gsm8k-0049,16,13,303,0.0,0.25,0.25,tie,0.2330777645111084,10,1,256,256,False,,,
stock c1 vs lever_v1 c1,gsm8k-0050,,,,,,,,0.24348735809326172,60,1,256,256,False,,,
stock c1 vs lever_v1 c1,gsm8k-0051,,,,,,,,0.2442305088043213,178,1,256,256,False,,,
stock c1 vs lever_v1 c1,gsm8k-0052,141,279,411,0.0,0.125,0.125,tie,0.14859986305236816,25,1,256,256,False,,,
stock c1 vs lever_v1 c1,gsm8k-0053,74,393,56014,0.0,0.25,0.25,tie,0.23306679725646973,16,2,256,256,False,,,
stock c1 vs lever_v1 c1,gsm8k-0054,194,53019,2902,0.125,0.0,0.125,tie,0.20441198348999023,136,1,256,256,False,,,
stock c1 vs lever_v1 c1,gsm8k-0055,,,,,,,,0.23666787147521973,56,1,147,147,False,,,
stock c1 vs lever_v1 c1,gsm8k-0056,,,,,,,,0.24344372749328613,170,1,256,256,False,,,
stock c1 vs lever_v1 c1,gsm8k-0057,,,,,,,,0.24263787269592285,71,1,256,256,False,,,
stock c1 vs lever_v1 c1,gsm8k-0058,,,,,,,,0.20865082740783691,124,1,256,256,False,,,
stock c1 vs lever_v1 c1,gsm8k-0059,,,,,,,,0.19425296783447266,251,1,256,256,False,,,
stock c1 vs lever_v1 c1,gsm8k-0060,19,4952,321,0.125,0.0,0.125,tie,0.06377285718917847,12,1,256,256,False,,,
stock c1 vs lever_v1 c1,gsm8k-0061,16,2250,836,0.125,0.0,0.125,tie,0.12197017669677734,1,1,256,248,False,,,
stock c1 vs lever_v1 c1,gsm8k-0062,,,,,,,,0.22623467445373535,110,1,256,256,False,,,
stock c1 vs lever_v1 c1,gsm8k-0063,,,,,,,,0.2369849681854248,254,1,256,256,False,,,
stock c1 vs lever_v1 c1,gsm8k-0064,,,,,,,,0.15764617919921875,220,1,256,256,False,,,
stock c1 vs lever_v1 c1,gsm8k-0065,190,17239,5122,0.125,0.0,0.125,tie,0.23842382431030273,150,1,256,256,False,,,
stock c1 vs lever_v1 c1,gsm8k-0066,,,,,,,,0.2108842134475708,190,1,256,256,False,,,
stock c1 vs lever_v1 c1,gsm8k-0067,,,,,,,,0.23099660873413086,43,1,256,256,False,,,
stock c1 vs lever_v1 c1,gsm8k-0068,,,,,,,,0.20878803730010986,252,1,256,256,False,,,
stock c1 vs lever_v1 c1,gsm8k-0069,131,2763,5732,0.0,0.125,0.125,tie,0.24549198150634766,27,1,256,256,False,,,
stock c1 vs lever_v1 c1,gsm8k-0070,15,25,13,0.125,0.0,0.125,tie,0.223297119140625,6,1,256,256,False,,,
stock c1 vs lever_v1 c1,gsm8k-0071,,,,,,,,0.2399308681488037,158,1,256,256,False,,,
stock c1 vs lever_v1 c1,gsm8k-0072,,,,,,,,0.22611141204833984,2,1,256,256,False,,,
stock c1 vs lever_v1 c1,gsm8k-0073,,,,,,,,0.22750186920166016,23,1,256,256,False,,,
stock c1 vs lever_v1 c1,gsm8k-0074,,,,,,,,0.1759887933731079,72,1,256,256,False,,,
stock c1 vs lever_v1 c1,gsm8k-0075,30,2574,5706,0.0,0.125,0.125,tie,0.1080780029296875,28,1,256,256,False,,,
stock c1 vs lever_v1 c1,gsm8k-0076,89,78439,22588,0.125,0.0,0.125,tie,0.12204599380493164,65,1,256,256,False,,,
stock c1 vs lever_v1 c1,gsm8k-0077,,,,,,,,0.19960713386535645,37,1,256,256,False,,,
stock c1 vs lever_v1 c1,gsm8k-0078,,,,,,,,0.12060022354125977,104,1,256,256,False,,,
stock c1 vs lever_v1 c1,gsm8k-0079,,,,,,,,0.23926591873168945,156,1,170,170,False,,,
stock c1 vs lever_v1 c1,humaneval-0000,127,364,413,0.0,0.125,0.125,tie,0.00018935126718133688,3,1,173,183,False,,,
stock c1 vs lever_v1 c1,humaneval-0001,,,,,,,,0.29228198528289795,187,2,229,229,False,,,
stock c1 vs lever_v1 c1,humaneval-0002,96,760,1206,0.125,0.125,0.125,one_ulp,0.2247476577758789,33,1,256,256,False,,,
stock c1 vs lever_v1 c1,humaneval-0003,,,,,,,,0.0016712816432118416,58,1,157,157,False,,,
stock c1 vs lever_v1 c1,humaneval-0004,,,,,,,,0.16279226541519165,127,1,169,169,False,,,
stock c1 vs lever_v1 c1,humaneval-0005,239,35497,8,0.125,0.0,0.125,tie,0.24284791946411133,72,1,256,256,False,,,
stock c1 vs lever_v1 c1,humaneval-0006,,,,,,,,0.22770237922668457,149,1,214,214,False,,,
stock c1 vs lever_v1 c1,humaneval-0007,,,,,,,,0.0006202065851539373,111,1,112,112,False,,,
stock c1 vs lever_v1 c1,humaneval-0008,,,,,,,,0.17255282402038574,4,1,256,256,False,,,
stock c1 vs lever_v1 c1,humaneval-0009,,,,,,,,0.12228012084960938,103,1,163,163,False,,,
stock c1 vs lever_v1 c1,humaneval-0010,,,,,,,,0.23543691635131836,151,1,190,190,False,,,
stock c1 vs lever_v1 c1,humaneval-0011,,,,,,,,0.2417585849761963,24,1,256,256,False,,,
stock c1 vs lever_v1 c1,humaneval-0012,,,,,,,,0.12192773818969727,24,2,128,128,False,,,
stock c1 vs lever_v1 c1,humaneval-0013,,,,,,,,0.14580410718917847,71,1,90,90,False,,,
stock c1 vs lever_v1 c1,humaneval-0014,160,7,6686,0.0,0.125,0.125,tie,0.22649168968200684,84,1,256,256,False,,,
stock c1 vs lever_v1 c1,humaneval-0015,,,,,,,,0.12047123908996582,15,1,92,92,False,,,
stock c1 vs lever_v1 c1,humaneval-0016,,,,,,,,0.19650697708129883,72,1,76,76,False,,,
stock c1 vs lever_v1 c1,humaneval-0017,121,2425,12,0.125,0.0,0.125,tie,0.17986714839935303,16,1,256,256,False,,,
stock c1 vs lever_v1 c1,humaneval-0018,17,1698,4071,0.0,0.125,0.125,tie,1.6329213394783437e-05,4,1,73,166,False,,,
stock c1 vs lever_v1 c1,humaneval-0019,,,,,,,,0.2453455924987793,3,1,232,232,False,,,
stock c1 vs lever_v1 c1,humaneval-0020,89,1906,10300,0.0,0.125,0.125,tie,0.2279198169708252,57,1,256,256,False,,,
stock c1 vs lever_v1 c1,humaneval-0021,200,87,2334,0.0,0.125,0.125,tie,0.24170804023742676,186,1,221,221,False,,,
stock c1 vs lever_v1 c1,humaneval-0022,,,,,,,,0.07643181085586548,98,1,119,119,False,,,
stock c1 vs lever_v1 c1,humaneval-0023,119,1220,369,0.125,0.0,0.125,tie,0.12263679504394531,22,1,185,195,False,,,
stock c1 vs lever_v1 c1,humaneval-0024,,,,,,,,0.12865805625915527,69,1,99,99,False,,,
stock c1 vs lever_v1 c1,humaneval-0025,,,,,,,,0.24264168739318848,173,1,219,219,False,,,
stock c1 vs lever_v1 c1,humaneval-0026,52,1204,279,0.125,0.0,0.125,tie,0.12256789207458496,29,1,256,256,False,,,
stock c1 vs lever_v1 c1,humaneval-0027,,,,,,,,0.20965147018432617,74,1,81,81,False,,,
stock c1 vs lever_v1 c1,humaneval-0028,,,,,,,,0.0020946748554706573,3,1,70,70,False,,,
stock c1 vs lever_v1 c1,humaneval-0029,,,,,,,,0.21980905532836914,12,1,248,248,False,,,
stock c1 vs lever_v1 c1,humaneval-0030,,,,,,,,0.06763958930969238,2,1,139,139,False,,,
stock c1 vs lever_v1 c1,humaneval-0031,2,198,1358,0.0,0.125,0.125,tie,2.3841676011215895e-07,1,1,213,213,False,,,
stock c1 vs lever_v1 c1,humaneval-0032,138,561,1049,0.0,0.125,0.125,tie,0.1897876262664795,45,1,256,256,False,,,
stock c1 vs lever_v1 c1,humaneval-0033,,,,,,,,0.12178277969360352,238,1,256,256,False,,,
stock c1 vs lever_v1 c1,humaneval-0034,,,,,,,,0.0900033712387085,78,1,83,83,False,,,
stock c1 vs lever_v1 c1,humaneval-0035,,,,,,,,0.12194514274597168,136,1,256,256,False,,,
stock c1 vs lever_v1 c1,humaneval-0036,2,1358,198,0.125,0.0,0.125,tie,7.152525540732313e-07,1,1,139,139,False,,,
stock c1 vs lever_v1 c1,humaneval-0037,,,,,,,,0.18716001510620117,158,1,217,217,False,,,
stock c1 vs lever_v1 c1,humaneval-0038,26,579,728,0.0,0.125,0.125,tie,0.11515164375305176,13,1,256,256,False,,,
stock c1 vs lever_v1 c1,humaneval-0039,211,1698,2912,0.0,0.125,0.125,tie,0.12278628349304199,13,1,253,251,False,,,
stock c1 vs lever_v1 c1,humaneval-0040,,,,,,,,0.12191510200500488,179,1,235,235,False,,,
stock c1 vs lever_v1 c1,humaneval-0041,189,13057,1066,0.125,0.0,0.125,tie,0.17129945755004883,106,1,256,256,False,,,
stock c1 vs lever_v1 c1,humaneval-0042,,,,,,,,0.0021170470863580704,9,1,127,127,False,,,
stock c1 vs lever_v1 c1,humaneval-0043,,,,,,,,0.243269681930542,12,1,201,201,False,,,
stock c1 vs lever_v1 c1,humaneval-0044,,,,,,,,0.220184326171875,82,1,256,256,False,,,
stock c1 vs lever_v1 c1,humaneval-0045,,,,,,,,0.12203693389892578,49,1,60,60,False,,,
stock c1 vs lever_v1 c1,humaneval-0046,198,413,653,0.0,0.125,0.125,tie,0.1989964246749878,189,1,256,256,False,,,
stock c1 vs lever_v1 c1,humaneval-0047,,,,,,,,0.20492124557495117,69,1,256,256,False,,,
stock c1 vs lever_v1 c1,humaneval-0048,,,,,,,,0.12260746955871582,10,1,87,87,False,,,
stock c1 vs lever_v1 c1,humaneval-0049,,,,,,,,0.14632916450500488,119,1,129,129,False,,,
stock c1 vs lever_v1 c1,humaneval-0050,,,,,,,,0.23923397064208984,179,1,256,256,False,,,
stock c1 vs lever_v1 c1,humaneval-0051,,,,,,,,0.11599421501159668,146,1,161,161,False,,,
stock c1 vs lever_v1 c1,humaneval-0052,,,,,,,,0.12254118919372559,16,1,100,100,False,,,
stock c1 vs lever_v1 c1,humaneval-0053,20,4829,1220,0.125,0.0,0.125,tie,0.12051105499267578,19,1,193,176,False,,,
stock c1 vs lever_v1 c1,humaneval-0054,,,,,,,,0.12198996543884277,158,1,161,161,False,,,
stock c1 vs lever_v1 c1,humaneval-0055,,,,,,,,0.12110590934753418,85,1,108,108,False,,,
stock c1 vs lever_v1 c1,humaneval-0056,,,,,,,,0.2449023723602295,188,1,256,256,False,,,
stock c1 vs lever_v1 c1,humaneval-0057,,,,,,,,0.12260723114013672,176,1,187,187,False,,,
stock c1 vs lever_v1 c1,humaneval-0058,,,,,,,,0.2393202781677246,140,1,143,143,False,,,
stock c1 vs lever_v1 c1,humaneval-0059,,,,,,,,0.24265480041503906,102,1,256,256,False,,,
stock c1 vs lever_v1 c1,mt_bench-0000,29,6797,3594,0.0625,0.0,0.0625,tie,0.1267702579498291,8,1,256,256,False,,,
stock c1 vs lever_v1 c1,mt_bench-0001,113,5328,40,0.125,0.0,0.125,tie,0.3645925521850586,109,1,153,160,False,,,
stock c1 vs lever_v1 c1,mt_bench-0002,182,10166,198,0.125,0.0,0.125,tie,0.3684718608856201,17,1,256,256,False,,,
stock c1 vs lever_v1 c1,mt_bench-0003,167,383,466,0.0,0.125,0.125,tie,0.22075748443603516,78,1,256,256,False,,,
stock c1 vs lever_v1 c1,mt_bench-0004,65,542,15919,0.0,0.125,0.125,tie,0.17776668071746826,38,1,231,224,False,,,
stock c1 vs lever_v1 c1,mt_bench-0005,246,7830,16078,0.0,0.125,0.125,tie,0.2330777645111084,56,1,256,256,False,,,
stock c1 vs lever_v1 c1,mt_bench-0006,32,10708,1016,0.0625,0.0,0.0625,tie,0.1905374526977539,21,1,256,256,False,,,
stock c1 vs lever_v1 c1,mt_bench-0007,13,3413,8720,0.0,0.0625,0.0625,tie,0.11691761016845703,8,1,204,173,False,,,
stock c1 vs lever_v1 c1,mt_bench-0008,46,3482,318,0.125,0.0,0.125,tie,0.10144484043121338,41,1,256,256,False,,,
stock c1 vs lever_v1 c1,mt_bench-0009,86,321,11,0.125,0.0,0.125,tie,0.12234163284301758,25,1,256,256,False,,,
stock c1 vs lever_v1 c1,mt_bench-0010,33,1459,1132,0.125,0.0,0.125,tie,0.20306944847106934,29,1,254,256,False,,,
stock c1 vs lever_v1 c1,mt_bench-0011,151,82868,3428,0.0625,0.0,0.0625,tie,0.13449382781982422,99,1,256,256,False,,,
stock c1 vs lever_v1 c1,mt_bench-0012,,,,,,,,0.2352752685546875,249,1,256,256,False,,,
stock c1 vs lever_v1 c1,mt_bench-0013,,,,,,,,0.22423934936523438,70,1,256,256,False,,,
stock c1 vs lever_v1 c1,mt_bench-0014,186,553,8,0.125,0.0,0.125,tie,0.21788358688354492,22,1,256,256,False,,,
stock c1 vs lever_v1 c1,mt_bench-0015,43,4087,2534,0.125,0.0,0.125,tie,0.16570186614990234,38,1,256,256,False,,,
stock c1 vs lever_v1 c1,mt_bench-0016,,,,,,,,0.2379133701324463,229,1,256,256,False,,,
stock c1 vs lever_v1 c1,mt_bench-0017,,,,,,,,0.15333330631256104,31,1,256,256,False,,,
stock c1 vs lever_v1 c1,mt_bench-0018,73,1442,2166,0.0,0.125,0.125,tie,0.14071059226989746,71,1,132,141,False,,,
stock c1 vs lever_v1 c1,mt_bench-0019,,,,,,,,0.2301468849182129,95,1,256,256,False,,,
stock c1 vs lever_v1 c1,mt_bench-0020,,,,,,,,0.18604040145874023,183,1,256,256,False,,,
stock c1 vs lever_v1 c1,mt_bench-0021,,,,,,,,0.1513831615447998,15,1,95,95,False,,,
stock c1 vs lever_v1 c1,mt_bench-0022,,,,,,,,0.23520612716674805,130,1,256,256,False,,,
stock c1 vs lever_v1 c1,mt_bench-0023,,,,,,,,0.15363216400146484,233,1,256,256,False,,,
stock c1 vs lever_v1 c1,mt_bench-0024,151,17,23,0.125,0.125,0.125,one_ulp,0.23764538764953613,30,1,256,256,False,,,
stock c1 vs lever_v1 c1,mt_bench-0025,,,,,,,,0.17851996421813965,194,1,256,256,False,,,
stock c1 vs lever_v1 c1,mt_bench-0026,212,198,3130,0.0,0.125,0.125,tie,0.23832035064697266,202,1,256,256,False,,,
stock c1 vs lever_v1 c1,mt_bench-0027,,,,,,,,0.19052362442016602,77,1,86,86,False,,,
stock c1 vs lever_v1 c1,mt_bench-0028,43,16903,1409,0.125,0.0,0.125,tie,0.19381022453308105,20,1,256,256,False,,,
stock c1 vs lever_v1 c1,mt_bench-0029,156,5972,2272,0.125,0.0,0.125,tie,0.19601106643676758,112,1,256,256,False,,,
stock c1 vs lever_v1 c1,mt_bench-0030,,,,,,,,0.20036756992340088,54,1,256,256,False,,,
stock c1 vs lever_v1 c1,mt_bench-0031,,,,,,,,0.24164152145385742,115,1,176,176,False,,,
stock c1 vs lever_v1 c1,mt_bench-0032,137,34167,27382,0.125,0.0,0.125,tie,0.14247632026672363,36,1,256,256,False,,,
stock c1 vs lever_v1 c1,mt_bench-0033,,,,,,,,0.24369502067565918,125,1,256,256,False,,,
stock c1 vs lever_v1 c1,mt_bench-0034,108,348,1518,0.0,0.125,0.125,tie,0.12753605842590332,87,1,256,256,False,,,
stock c1 vs lever_v1 c1,mt_bench-0035,97,279,35195,0.0,0.125,0.125,tie,0.12248539924621582,94,1,256,256,False,,,
stock c1 vs lever_v1 c1,mt_bench-0036,39,733,47246,0.0,0.125,0.125,tie,0.20821809768676758,26,3,256,256,False,,,
stock c1 vs lever_v1 c1,mt_bench-0037,238,9077,72364,0.0,0.125,0.125,tie,0.21666133403778076,129,1,256,256,False,,,
stock c1 vs lever_v1 c1,mt_bench-0038,,,,,,,,0.2328023910522461,53,1,256,256,False,,,
stock c1 vs lever_v1 c1,mt_bench-0039,,,,,,,,0.24542951583862305,65,1,256,256,False,,,
stock c1 vs lever_v1 c1,mt_bench-0040,,,,,,,,0.22298717498779297,247,1,256,256,False,,,
stock c1 vs lever_v1 c1,mt_bench-0041,,,,,,,,0.21643495559692383,197,1,256,256,False,,,
stock c1 vs lever_v1 c1,mt_bench-0042,,,,,,,,0.12286567687988281,5,1,256,256,False,,,
stock c1 vs lever_v1 c1,mt_bench-0043,,,,,,,,0.24121642112731934,134,1,195,195,False,,,
stock c1 vs lever_v1 c1,mt_bench-0044,53,332,318,0.125,0.0,0.125,tie,0.2082674503326416,46,1,256,256,False,,,
stock c1 vs lever_v1 c1,mt_bench-0045,26,22373,318,0.12499994039535522,0.0,0.125,tie,0.23744416236877441,24,1,256,256,False,,,
stock c1 vs lever_v1 c1,mt_bench-0046,,,,,,,,0.23607492446899414,118,1,256,256,False,,,
stock c1 vs lever_v1 c1,mt_bench-0047,40,7620,1,0.125,0.0,0.0625,tie,0.14917922019958496,38,1,256,256,False,,,
stock c1 vs lever_v1 c1,mt_bench-0048,49,580,488,0.125,0.0,0.125,tie,0.15050077438354492,37,1,256,256,False,,,
stock c1 vs lever_v1 c1,mt_bench-0049,24,466,11,0.125,0.0,0.125,tie,0.23692965507507324,23,1,256,256,False,,,
stock c1 vs lever_v1 c1,mt_bench-0050,247,3158,799,0.125,0.0,0.125,tie,0.34267473220825195,37,1,256,256,False,,,
stock c1 vs lever_v1 c1,mt_bench-0051,,,,,,,,0.12185955047607422,1,1,40,40,False,,,
stock c1 vs lever_v1 c1,mt_bench-0052,,,,,,,,0.12221837043762207,54,1,82,82,False,,,
stock c1 vs lever_v1 c1,mt_bench-0053,33,795,1103,0.0,0.125,0.125,tie,0.10391592979431152,30,1,256,256,False,,,
stock c1 vs lever_v1 c1,mt_bench-0054,,,,,,,,0.225754976272583,46,1,111,111,False,,,
stock c1 vs lever_v1 c1,mt_bench-0055,,,,,,,,0.12222003936767578,4,1,15,15,False,,,
stock c1 vs lever_v1 c1,mt_bench-0056,,,,,,,,0.24390244483947754,85,1,256,256,False,,,
stock c1 vs lever_v1 c1,mt_bench-0057,,,,,,,,0.11568617820739746,12,1,45,45,False,,,
stock c1 vs lever_v1 c1,mt_bench-0058,,,,,,,,0.18900609016418457,3,1,50,50,False,,,
stock c1 vs lever_v1 c1,mt_bench-0059,,,,,,,,0.17045485973358154,86,1,256,256,False,,,
stock c1 vs lever_v1 c1,mt_bench-0060,,,,,,,,0.24170732498168945,16,1,256,256,False,,,
stock c1 vs lever_v1 c1,mt_bench-0061,82,5529,1902,0.125,0.0,0.125,tie,0.14676737785339355,7,1,256,256,False,,,
stock c1 vs lever_v1 c1,mt_bench-0062,37,1536,6065,0.0,0.125,0.125,tie,0.0788886547088623,10,1,256,256,False,,,
stock c1 vs lever_v1 c1,mt_bench-0063,57,314,33448,0.0,0.125,0.125,tie,0.20954537391662598,48,1,256,256,False,,,
stock c1 vs lever_v1 c1,mt_bench-0064,177,7057,462,0.125,0.0,0.125,tie,0.15842854976654053,61,1,256,256,False,,,
stock c1 vs lever_v1 c1,mt_bench-0065,92,271,198,0.125,0.0,0.125,tie,0.12926220893859863,62,1,256,256,False,,,
stock c1 vs lever_v1 c1,mt_bench-0066,69,11394,6922,0.125,0.0,0.125,tie,0.17073893547058105,65,1,256,256,False,,,
stock c1 vs lever_v1 c1,mt_bench-0067,37,36515,2790,0.125,0.0,0.125,tie,0.1439964771270752,21,1,256,256,False,,,
stock c1 vs lever_v1 c1,mt_bench-0068,223,73681,1558,0.125,0.0,0.125,tie,0.17455053329467773,200,1,256,256,False,,,
stock c1 vs lever_v1 c1,mt_bench-0069,18,36127,16576,0.125,0.0,0.125,tie,0.11337161064147949,9,1,256,256,False,,,
stock c1 vs lever_v1 c1,mt_bench-0070,13,449,264,0.125,0.0,0.125,tie,0.11392450332641602,5,1,256,256,False,,,
stock c1 vs lever_v1 c1,mt_bench-0071,34,28604,2950,0.125,0.0,0.125,tie,0.20424199104309082,27,1,256,256,False,,,
stock c1 vs lever_v1 c1,mt_bench-0072,107,5212,36110,0.0,0.125,0.125,tie,0.2347111701965332,86,1,256,256,False,,,
stock c1 vs lever_v1 c1,mt_bench-0073,6,49312,4843,0.0625,0.0,0.0625,tie,0.1183171272277832,4,1,256,256,False,,,
stock c1 vs lever_v1 c1,mt_bench-0074,131,10852,40,0.125,0.0,0.125,tie,0.1243448257446289,113,1,256,256,False,,,
stock c1 vs lever_v1 c1,mt_bench-0075,17,369,318,0.125,0.0,0.125,tie,0.00036720000207424164,1,1,256,256,False,,,
stock c1 vs lever_v1 c1,mt_bench-0076,131,32530,369,0.125,0.0,0.125,tie,0.2398524284362793,127,1,256,256,False,,,
stock c1 vs lever_v1 c1,mt_bench-0077,112,557,1467,0.0,0.125,0.125,tie,0.24170899391174316,76,1,256,256,False,,,
stock c1 vs lever_v1 c1,mt_bench-0078,17,25215,5788,0.125,0.0,0.125,tie,0.11914706230163574,15,1,256,256,False,,,
stock c1 vs lever_v1 c1,mt_bench-0079,79,45332,46909,0.125,0.0625,0.0625,near,0.14986062049865723,15,1,256,256,False,,,
stock c32 vs lever_v1 c32,alpaca_eval-0000,73,56276,10345,0.125,0.0,0.125,tie,0.24388527870178223,8,1,256,256,False,,,
stock c32 vs lever_v1 c32,alpaca_eval-0010,29,44280,975,0.125,0.0,0.125,tie,0.12192201614379883,22,1,256,256,False,,,
stock c32 vs lever_v1 c32,alpaca_eval-0020,154,310,1345,0.125,0.125,0.125,one_ulp,0.20352888107299805,99,1,256,256,False,,,
stock c32 vs lever_v1 c32,alpaca_eval-0030,94,357,1394,0.0,0.125,0.125,tie,0.14232134819030762,49,1,256,256,False,,,
stock c32 vs lever_v1 c32,alpaca_eval-0040,8,3046,1484,0.125,0.0,0.125,tie,0.09001779556274414,2,1,256,256,False,,,
stock c32 vs lever_v1 c32,alpaca_eval-0050,254,1151,7832,0.0,0.125,0.125,tie,0.23753833770751953,112,1,256,256,False,,,
stock c32 vs lever_v1 c32,alpaca_eval-0060,161,264,449,0.0,0.125,0.0625,tie,0.2155778408050537,28,1,256,256,False,,,
stock c32 vs lever_v1 c32,alpaca_eval-0070,85,799,11247,0.0,0.125,0.125,tie,0.12062311172485352,18,1,95,95,False,,,
stock c32 vs lever_v1 c32,alpaca_eval-0080,76,15214,50209,0.0,0.125,0.125,tie,0.13149714469909668,37,1,256,256,False,,,
stock c32 vs lever_v1 c32,alpaca_eval-0090,88,4364,6762,0.0,0.125,0.125,tie,0.2279040813446045,54,1,256,256,False,,,
stock c32 vs lever_v1 c32,alpaca_eval-0100,51,10919,264,0.125,0.0,0.125,tie,0.15180683135986328,39,1,256,256,False,,,
stock c32 vs lever_v1 c32,alpaca_eval-0110,93,279,18995,0.0,0.125,0.0625,tie,0.2032177448272705,74,1,256,256,False,,,
stock c32 vs lever_v1 c32,alpaca_eval-0120,41,14859,3542,0.125,0.0,0.125,tie,0.18384385108947754,33,1,156,153,False,,,
stock c32 vs lever_v1 c32,alpaca_eval-0130,38,1876,39107,0.0,0.125,0.0625,tie,0.20227456092834473,13,1,256,256,False,,,
stock c32 vs lever_v1 c32,alpaca_eval-0140,200,25047,214447,0.0,0.125,0.125,tie,0.1699380874633789,181,1,256,256,False,,,
stock c32 vs lever_v1 c32,alpaca_eval-0150,,,,,,,,0.23360395431518555,218,1,256,256,False,,,
stock c32 vs lever_v1 c32,alpaca_eval-0160,33,13,421,0.0,0.125,0.125,tie,0.1183013916015625,8,1,256,256,False,,,
stock c32 vs lever_v1 c32,alpaca_eval-0170,222,198,8336,0.0,0.125,0.125,tie,0.24260807037353516,74,1,256,256,False,,,
stock c32 vs lever_v1 c32,alpaca_eval-0180,233,561,328,0.125,0.0,0.125,tie,0.23546481132507324,176,1,256,256,False,,,
stock c32 vs lever_v1 c32,alpaca_eval-0190,,,,,,,,0.12308621406555176,2,1,3,3,False,,,
stock c32 vs lever_v1 c32,alpaca_eval-0200,144,68,39551,0.0,0.125,0.125,tie,0.2186267375946045,78,1,256,256,False,,,
stock c32 vs lever_v1 c32,alpaca_eval-0210,20,321,4016,0.0,0.125,0.125,tie,0.12158727645874023,14,1,256,256,False,,,
stock c32 vs lever_v1 c32,alpaca_eval-0220,159,1380,1066,0.125,0.0,0.125,tie,0.2421433925628662,121,1,256,256,False,,,
stock c32 vs lever_v1 c32,alpaca_eval-0230,190,23373,12298,0.125,0.0,0.125,tie,0.13290762901306152,164,1,256,256,False,,,
stock c32 vs lever_v1 c32,alpaca_eval-0240,152,488,781,0.0,0.125,0.125,tie,0.2370295524597168,120,1,256,256,False,,,
stock c32 vs lever_v1 c32,alpaca_eval-0250,28,1765,1593,0.0625,0.0,0.0625,tie,0.14334535598754883,4,1,256,256,False,,,
stock c32 vs lever_v1 c32,alpaca_eval-0260,78,198,271,0.0,0.125,0.125,tie,0.12117433547973633,49,1,256,256,False,,,
stock c32 vs lever_v1 c32,alpaca_eval-0270,219,17561,24455,0.0,0.125,0.125,tie,0.21791481971740723,5,1,256,256,False,,,
stock c32 vs lever_v1 c32,alpaca_eval-0280,159,20675,9268,0.0625,0.0,0.0625,tie,0.23122334480285645,81,1,256,256,False,,,
stock c32 vs lever_v1 c32,alpaca_eval-0290,234,4044,13170,0.0,0.0625,0.0625,tie,0.1919703483581543,46,1,256,256,False,,,
stock c32 vs lever_v1 c32,alpaca_eval-0300,5,16866,638,0.125,0.0,0.125,tie,0.0006307102739810944,3,1,256,256,False,,,
stock c32 vs lever_v1 c32,alpaca_eval-0310,,,,,,,,0.2366180419921875,61,1,256,256,False,,,
stock c32 vs lever_v1 c32,alpaca_eval-0320,31,25,5469,0.0,0.125,0.125,tie,0.13071775436401367,30,1,256,256,False,,,
stock c32 vs lever_v1 c32,alpaca_eval-0330,57,256,15015,0.0,0.125,0.125,tie,0.2305617332458496,17,1,256,256,False,,,
stock c32 vs lever_v1 c32,alpaca_eval-0340,111,4650,68,0.125,0.0,0.125,tie,0.21405363082885742,90,1,188,201,False,,,
stock c32 vs lever_v1 c32,alpaca_eval-0350,195,1318,1040,0.125,0.0,0.125,tie,0.2250077724456787,47,0,256,256,False,,,
stock c32 vs lever_v1 c32,alpaca_eval-0360,32,2614,1017,0.125,0.0,0.125,tie,0.15334129333496094,10,1,256,256,False,,,
stock c32 vs lever_v1 c32,alpaca_eval-0370,,,,,,,,0.12394285202026367,56,1,71,71,False,,,
stock c32 vs lever_v1 c32,alpaca_eval-0380,146,12001,44739,0.0,0.125,0.125,tie,0.24207830429077148,9,0,256,256,False,,,
stock c32 vs lever_v1 c32,alpaca_eval-0390,47,4277,262,0.125,0.0,0.125,tie,0.20079469680786133,18,1,256,256,False,,,
stock c32 vs lever_v1 c32,alpaca_eval-0400,237,25822,5469,0.125,0.0,0.125,tie,0.24503064155578613,84,1,256,256,False,,,
stock c32 vs lever_v1 c32,alpaca_eval-0410,76,23853,3136,0.125,0.0,0.125,tie,0.22074604034423828,65,1,256,256,False,,,
stock c32 vs lever_v1 c32,alpaca_eval-0420,21,34404,29667,0.125,0.0,0.125,tie,0.20779633522033691,18,1,202,214,False,,,
stock c32 vs lever_v1 c32,alpaca_eval-0430,179,3520,12482,0.0,0.125,0.125,tie,0.20856070518493652,155,1,256,256,False,,,
stock c32 vs lever_v1 c32,alpaca_eval-0440,72,1970,13,0.125,0.0,0.125,tie,0.23241233825683594,62,1,256,256,False,,,
stock c32 vs lever_v1 c32,alpaca_eval-0450,231,3376,321,0.12500005960464478,0.0,0.125,tie,0.2433173656463623,29,1,256,256,False,,,
stock c32 vs lever_v1 c32,alpaca_eval-0460,42,1050,5166,0.0,0.125,0.125,tie,0.23203015327453613,32,1,256,256,False,,,
stock c32 vs lever_v1 c32,alpaca_eval-0470,,,,,,,,0.24060773849487305,227,1,256,256,False,,,
stock c32 vs lever_v1 c32,alpaca_eval-0480,209,332,4752,0.0,0.125,0.125,tie,0.23248624801635742,99,1,256,256,False,,,
stock c32 vs lever_v1 c32,alpaca_eval-0490,130,6163,58655,0.0,0.125,0.125,tie,0.23881864547729492,24,1,256,256,False,,,
stock c32 vs lever_v1 c32,alpaca_eval-0500,36,56679,21397,0.125,0.0,0.125,tie,0.19633889198303223,31,1,256,256,False,,,
stock c32 vs lever_v1 c32,alpaca_eval-0510,115,33,47,0.0,0.125,0.0625,tie,0.134901762008667,41,1,167,164,False,,,
stock c32 vs lever_v1 c32,alpaca_eval-0520,53,237,236,0.125,0.0,0.125,tie,0.18069171905517578,32,1,256,256,False,,,
stock c32 vs lever_v1 c32,alpaca_eval-0530,161,2647,854,0.125,0.0,0.125,tie,0.22785568237304688,99,1,256,256,False,,,
stock c32 vs lever_v1 c32,alpaca_eval-0540,,,,,,,,0.20880484580993652,17,1,18,18,False,,,
stock c32 vs lever_v1 c32,alpaca_eval-0550,70,318,1083,0.0,0.125,0.125,tie,0.22487878799438477,29,2,256,256,False,,,
stock c32 vs lever_v1 c32,alpaca_eval-0560,37,318,13,0.125,0.0,0.125,tie,0.09580183029174805,18,1,256,256,False,,,
stock c32 vs lever_v1 c32,alpaca_eval-0570,1,3766,4400,0.0,0.12499994039535522,0.125,tie,0.0,,,256,256,False,,,
stock c32 vs lever_v1 c32,alpaca_eval-0580,220,864,748,0.125,0.0,0.125,tie,0.25856542587280273,110,0,256,256,False,,,
stock c32 vs lever_v1 c32,alpaca_eval-0590,235,37568,21426,0.125,0.0,0.125,tie,0.2343311309814453,120,0,256,256,False,,,
stock c32 vs lever_v1 c32,cnn_dailymail-0000,,,,,,,,0.17029523849487305,84,1,112,112,False,,,
stock c32 vs lever_v1 c32,cnn_dailymail-0001,85,1061,6056,0.0,0.125,0.125,tie,0.15891337394714355,35,1,125,120,False,,,
stock c32 vs lever_v1 c32,cnn_dailymail-0002,,,,,,,,0.20423376560211182,92,1,256,256,False,,,
stock c32 vs lever_v1 c32,cnn_dailymail-0003,7,852,11,0.125,0.0,0.125,tie,0.2325432300567627,2,0,112,93,False,,,
stock c32 vs lever_v1 c32,cnn_dailymail-0004,,,,,,,,0.14790558815002441,43,1,97,97,False,,,
stock c32 vs lever_v1 c32,cnn_dailymail-0005,125,24342,1905,0.25,0.0,0.125,tie,0.2407073974609375,73,1,256,256,False,,,
stock c32 vs lever_v1 c32,cnn_dailymail-0006,82,13211,65844,0.0,0.125,0.125,tie,0.20024967193603516,52,2,115,114,False,,,
stock c32 vs lever_v1 c32,cnn_dailymail-0007,,,,,,,,0.1964550018310547,85,0,104,104,False,,,
stock c32 vs lever_v1 c32,cnn_dailymail-0008,,,,,,,,0.22868132591247559,72,0,256,256,False,,,
stock c32 vs lever_v1 c32,cnn_dailymail-0009,,,,,,,,0.23329687118530273,55,1,81,81,False,,,
stock c32 vs lever_v1 c32,cnn_dailymail-0010,,,,,,,,0.22445368766784668,15,0,79,79,False,,,
stock c32 vs lever_v1 c32,cnn_dailymail-0011,,,,,,,,0.23799729347229004,41,1,256,256,False,,,
stock c32 vs lever_v1 c32,cnn_dailymail-0012,,,,,,,,0.20399689674377441,45,1,98,98,False,,,
stock c32 vs lever_v1 c32,cnn_dailymail-0013,86,12387,328,0.125,0.0,0.125,tie,0.15497303009033203,46,1,121,119,False,,,
stock c32 vs lever_v1 c32,cnn_dailymail-0014,50,15899,6,0.125,0.0,0.125,tie,0.2441709041595459,45,1,256,256,False,,,
stock c32 vs lever_v1 c32,cnn_dailymail-0015,,,,,,,,0.22779130935668945,11,1,108,108,False,,,
stock c32 vs lever_v1 c32,cnn_dailymail-0016,,,,,,,,0.20920586585998535,40,1,126,126,False,,,
stock c32 vs lever_v1 c32,cnn_dailymail-0017,68,1027,279,0.125,0.0,0.125,tie,0.2365429401397705,67,1,256,256,False,,,
stock c32 vs lever_v1 c32,cnn_dailymail-0018,53,1647,5313,0.0,0.125,0.125,tie,0.19886040687561035,19,1,111,111,False,,,
stock c32 vs lever_v1 c32,cnn_dailymail-0019,35,9953,13789,0.0,0.125,0.0625,tie,0.38722681999206543,7,1,104,104,False,,,
stock c32 vs lever_v1 c32,cnn_dailymail-0020,46,4400,3543,0.125,0.0,0.125,tie,0.12168169021606445,42,1,256,256,False,,,
stock c32 vs lever_v1 c32,cnn_dailymail-0021,43,1010,4788,0.0,0.125,0.125,tie,0.2093372344970703,39,1,131,138,False,,,
stock c32 vs lever_v1 c32,cnn_dailymail-0022,81,4171,44164,0.0,0.125,0.125,tie,0.1844339370727539,76,1,116,113,False,,,
stock c32 vs lever_v1 c32,cnn_dailymail-0023,,,,,,,,0.15931463241577148,164,1,256,256,False,,,
stock c32 vs lever_v1 c32,cnn_dailymail-0024,22,2785,5732,0.0,0.125,0.125,tie,0.12524700164794922,7,1,112,107,False,,,
stock c32 vs lever_v1 c32,cnn_dailymail-0025,,,,,,,,0.23238563537597656,92,1,116,116,False,,,
stock c32 vs lever_v1 c32,cnn_dailymail-0026,,,,,,,,0.22825169563293457,250,1,256,256,False,,,
stock c32 vs lever_v1 c32,cnn_dailymail-0027,20,381,3512,0.0,0.125,0.125,tie,0.1176605224609375,17,1,96,110,False,,,
stock c32 vs lever_v1 c32,cnn_dailymail-0028,54,43001,328,0.125,0.0,0.125,tie,0.1973128318786621,49,1,114,111,False,,,
stock c32 vs lever_v1 c32,cnn_dailymail-0029,42,25,9926,0.125,0.125,0.125,one_ulp,0.12171030044555664,41,1,256,256,False,,,
stock c32 vs lever_v1 c32,cnn_dailymail-0030,59,1528,491,0.125,0.0,0.125,tie,0.12890863418579102,23,1,94,92,False,,,
stock c32 vs lever_v1 c32,cnn_dailymail-0031,32,5381,2756,0.125,0.0,0.0625,tie,0.1539154052734375,29,1,132,136,False,,,
stock c32 vs lever_v1 c32,cnn_dailymail-0032,153,22525,75532,0.0,0.125,0.125,tie,0.1859678030014038,131,1,256,256,False,,,
stock c32 vs lever_v1 c32,cnn_dailymail-0033,57,6349,10184,0.0,0.125,0.125,tie,0.35918164253234863,24,1,95,95,False,,,
stock c32 vs lever_v1 c32,cnn_dailymail-0034,36,17942,9422,0.125,0.0,0.125,tie,0.12447762489318848,5,1,110,112,False,,,
stock c32 vs lever_v1 c32,cnn_dailymail-0035,192,1615,21046,0.0,0.125,0.125,tie,0.18367433547973633,138,1,256,256,False,,,
stock c32 vs lever_v1 c32,cnn_dailymail-0036,,,,,,,,0.23827242851257324,47,1,108,108,False,,,
stock c32 vs lever_v1 c32,cnn_dailymail-0037,4,303,424,0.0,0.125,0.125,tie,0.1268613338470459,3,1,110,114,False,,,
stock c32 vs lever_v1 c32,cnn_dailymail-0038,104,9290,509,0.125,0.0,0.125,tie,0.23810482025146484,72,1,256,256,False,,,
stock c32 vs lever_v1 c32,cnn_dailymail-0039,53,310,303,0.125,0.0,0.125,tie,0.21271860599517822,47,1,151,151,False,,,
stock c32 vs lever_v1 c32,gsm8k-0000,148,2420,5898,0.0,0.125,0.125,tie,0.23461532592773438,6,1,256,256,False,,,
stock c32 vs lever_v1 c32,gsm8k-0001,,,,,,,,0.24170804023742676,56,1,178,178,False,,,
stock c32 vs lever_v1 c32,gsm8k-0002,29,17704,279,0.125,0.0,0.125,tie,0.11600232124328613,25,1,256,256,False,,,
stock c32 vs lever_v1 c32,gsm8k-0003,,,,,,,,0.17817974090576172,8,1,170,170,False,,,
stock c32 vs lever_v1 c32,gsm8k-0004,,,,,,,,0.19839739799499512,50,1,256,256,False,,,
stock c32 vs lever_v1 c32,gsm8k-0005,61,25,283,0.0,0.125,0.125,tie,0.12182140350341797,55,1,256,256,False,,,
stock c32 vs lever_v1 c32,gsm8k-0006,,,,,,,,0.12273049354553223,169,1,256,256,False,,,
stock c32 vs lever_v1 c32,gsm8k-0007,123,1331,4003,0.0,0.12500011920928955,0.125,tie,0.21646571159362793,17,1,256,256,False,,,
stock c32 vs lever_v1 c32,gsm8k-0008,,,,,,,,0.19452667236328125,216,1,256,256,False,,,
stock c32 vs lever_v1 c32,gsm8k-0009,146,458,27858,0.0,0.125,0.125,tie,0.20472097396850586,21,1,256,256,False,,,
stock c32 vs lever_v1 c32,gsm8k-0010,19,1324,29478,0.0,0.125,0.125,tie,0.10376811027526855,8,1,256,256,False,,,
stock c32 vs lever_v1 c32,gsm8k-0011,26,38663,1421,0.12500005960464478,0.0,0.125,tie,0.07593750953674316,2,1,256,256,False,,,
stock c32 vs lever_v1 c32,gsm8k-0012,60,9483,24157,0.0,0.125,0.125,tie,0.24295377731323242,11,1,256,256,False,,,
stock c32 vs lever_v1 c32,gsm8k-0013,45,430,13,0.125,0.0,0.125,tie,0.20191144943237305,27,1,256,256,False,,,
stock c32 vs lever_v1 c32,gsm8k-0014,,,,,,,,0.19278240203857422,146,1,256,256,False,,,
stock c32 vs lever_v1 c32,gsm8k-0015,61,7742,32653,0.0,0.125,0.125,tie,0.16789960861206055,45,1,256,256,False,,,
stock c32 vs lever_v1 c32,gsm8k-0016,,,,,,,,0.18253862857818604,199,1,256,256,False,,,
stock c32 vs lever_v1 c32,gsm8k-0017,197,5759,8941,0.0,0.125,0.125,tie,0.23683929443359375,83,1,256,256,False,,,
stock c32 vs lever_v1 c32,gsm8k-0018,,,,,,,,0.19947946071624756,166,1,235,235,False,,,
stock c32 vs lever_v1 c32,gsm8k-0019,,,,,,,,0.23944830894470215,33,1,256,256,False,,,
stock c32 vs lever_v1 c32,gsm8k-0020,33,64494,4346,0.125,0.0,0.125,tie,0.12836933135986328,27,1,256,256,False,,,
stock c32 vs lever_v1 c32,gsm8k-0021,,,,,,,,0.22611618041992188,163,1,168,168,False,,,
stock c32 vs lever_v1 c32,gsm8k-0022,,,,,,,,0.21391630172729492,246,1,256,256,False,,,
stock c32 vs lever_v1 c32,gsm8k-0023,,,,,,,,0.13389182090759277,95,1,256,256,False,,,
stock c32 vs lever_v1 c32,gsm8k-0024,,,,,,,,0.24261069297790527,161,1,256,256,False,,,
stock c32 vs lever_v1 c32,gsm8k-0025,19,279,3750,0.0,0.125,0.125,tie,0.11826705932617188,12,2,256,256,False,,,
stock c32 vs lever_v1 c32,gsm8k-0026,2,264,821,0.0,0.125,0.125,tie,8.341157808899879e-07,1,1,256,256,False,,,
stock c32 vs lever_v1 c32,gsm8k-0027,,,,,,,,0.2441706657409668,221,1,256,256,False,,,
stock c32 vs lever_v1 c32,gsm8k-0028,107,30116,5821,0.125,0.0,0.125,tie,0.17964506149291992,46,1,240,240,False,,,
stock c32 vs lever_v1 c32,gsm8k-0029,134,34167,21825,0.125,0.0,0.125,tie,0.18478608131408691,52,1,256,256,False,,,
stock c32 vs lever_v1 c32,gsm8k-0030,,,,,,,,0.24424171447753906,105,1,256,256,False,,,
stock c32 vs lever_v1 c32,gsm8k-0031,,,,,,,,0.2269885540008545,201,1,256,256,False,,,
stock c32 vs lever_v1 c32,gsm8k-0032,79,7157,791,0.125,0.0,0.125,tie,0.2413848638534546,33,1,256,256,False,,,
stock c32 vs lever_v1 c32,gsm8k-0033,,,,,,,,0.22323894500732422,19,1,256,256,False,,,
stock c32 vs lever_v1 c32,gsm8k-0034,,,,,,,,0.24549078941345215,140,1,209,209,False,,,
stock c32 vs lever_v1 c32,gsm8k-0035,,,,,,,,0.2413642406463623,177,1,256,256,False,,,
stock c32 vs lever_v1 c32,gsm8k-0036,26,159029,364,0.125,0.0,0.125,tie,0.07964169979095459,17,1,245,239,False,,,
stock c32 vs lever_v1 c32,gsm8k-0037,47,16,1088,0.0,0.125,0.125,tie,0.12222790718078613,21,1,256,256,False,,,
stock c32 vs lever_v1 c32,gsm8k-0038,201,328,32645,0.0,0.25,0.125,tie,0.1866002082824707,196,1,256,256,False,,,
stock c32 vs lever_v1 c32,gsm8k-0039,,,,,,,,0.23432397842407227,202,1,256,256,False,,,
stock c32 vs lever_v1 c32,gsm8k-0040,43,13682,9,0.125,0.0,0.125,tie,0.10086822509765625,12,1,221,208,False,,,
stock c32 vs lever_v1 c32,gsm8k-0041,,,,,,,,0.23479580879211426,19,1,256,256,False,,,
stock c32 vs lever_v1 c32,gsm8k-0042,94,1238,506,0.125,0.0,0.125,tie,0.1274101734161377,28,1,201,199,False,,,
stock c32 vs lever_v1 c32,gsm8k-0043,,,,,,,,0.24424099922180176,215,1,256,256,False,,,
stock c32 vs lever_v1 c32,gsm8k-0044,64,3520,283,0.125,0.0,0.125,tie,0.12145137786865234,35,1,256,256,False,,,
stock c32 vs lever_v1 c32,gsm8k-0045,,,,,,,,0.36585426330566406,25,1,256,256,False,,,
stock c32 vs lever_v1 c32,gsm8k-0046,123,760,1206,0.0,0.125,0.125,tie,0.1793529987335205,75,1,256,256,False,,,
stock c32 vs lever_v1 c32,gsm8k-0047,,,,,,,,0.22867751121520996,2,1,256,256,False,,,
stock c32 vs lever_v1 c32,gsm8k-0048,,,,,,,,0.21802735328674316,221,1,256,256,False,,,
stock c32 vs lever_v1 c32,gsm8k-0049,16,13,303,0.0,0.125,0.125,tie,0.11867356300354004,6,1,256,256,False,,,
stock c32 vs lever_v1 c32,gsm8k-0050,,,,,,,,0.21868634223937988,147,1,256,256,False,,,
stock c32 vs lever_v1 c32,gsm8k-0051,,,,,,,,0.22014284133911133,75,1,256,256,False,,,
stock c32 vs lever_v1 c32,gsm8k-0052,235,6747,1801,0.125,0.0,0.125,tie,0.23089241981506348,93,1,256,256,False,,,
stock c32 vs lever_v1 c32,gsm8k-0053,,,,,,,,0.20803749561309814,43,1,256,256,False,,,
stock c32 vs lever_v1 c32,gsm8k-0054,194,53019,2902,0.125,0.0,0.125,tie,0.20868158340454102,135,1,256,256,False,,,
stock c32 vs lever_v1 c32,gsm8k-0055,,,,,,,,0.24209070205688477,43,1,147,147,False,,,
stock c32 vs lever_v1 c32,gsm8k-0056,,,,,,,,0.17110538482666016,99,1,256,256,False,,,
stock c32 vs lever_v1 c32,gsm8k-0057,,,,,,,,0.24036622047424316,180,1,256,256,False,,,
stock c32 vs lever_v1 c32,gsm8k-0058,,,,,,,,0.1990654468536377,124,1,256,256,False,,,
stock c32 vs lever_v1 c32,gsm8k-0059,,,,,,,,0.22327828407287598,113,1,256,256,False,,,
stock c32 vs lever_v1 c32,gsm8k-0060,20,321,13,0.125,0.0,0.125,tie,0.1814579963684082,12,1,256,256,False,,,
stock c32 vs lever_v1 c32,gsm8k-0061,,,,,,,,0.22747159004211426,17,1,256,256,False,,,
stock c32 vs lever_v1 c32,gsm8k-0062,57,393,449,0.0,0.125,0.125,tie,0.24263286590576172,19,1,256,256,False,,,
stock c32 vs lever_v1 c32,gsm8k-0063,155,198,271,0.0,0.125,0.125,tie,0.15420818328857422,26,1,256,256,False,,,
stock c32 vs lever_v1 c32,gsm8k-0064,,,,,,,,0.23625588417053223,17,1,256,256,False,,,
stock c32 vs lever_v1 c32,gsm8k-0065,190,17239,5122,0.125,0.0,0.125,tie,0.2286829948425293,184,1,256,256,False,,,
stock c32 vs lever_v1 c32,gsm8k-0066,235,279,264,0.125,0.0,0.125,tie,0.21111953258514404,190,1,256,256,False,,,
stock c32 vs lever_v1 c32,gsm8k-0067,17,13,25,0.0,0.125,0.125,tie,0.12239432334899902,8,1,256,256,False,,,
stock c32 vs lever_v1 c32,gsm8k-0068,,,,,,,,0.13056087493896484,106,1,256,256,False,,,
stock c32 vs lever_v1 c32,gsm8k-0069,,,,,,,,0.24549198150634766,27,1,256,256,False,,,
stock c32 vs lever_v1 c32,gsm8k-0070,27,15142,383,0.125,0.0,0.125,tie,0.21332144737243652,8,1,256,256,False,,,
stock c32 vs lever_v1 c32,gsm8k-0071,,,,,,,,0.24079561233520508,158,1,256,256,False,,,
stock c32 vs lever_v1 c32,gsm8k-0072,,,,,,,,0.12060356140136719,62,1,256,256,False,,,
stock c32 vs lever_v1 c32,gsm8k-0073,129,3714,2702,0.125,0.0,0.125,tie,0.23058176040649414,32,1,256,256,False,,,
stock c32 vs lever_v1 c32,gsm8k-0074,111,7336,4625,0.125,0.0,0.125,tie,0.12261700630187988,54,1,256,256,False,,,
stock c32 vs lever_v1 c32,gsm8k-0075,,,,,,,,0.23505425453186035,204,1,256,256,False,,,
stock c32 vs lever_v1 c32,gsm8k-0076,53,9,13682,0.0,0.125,0.125,tie,0.12228894233703613,43,1,256,256,False,,,
stock c32 vs lever_v1 c32,gsm8k-0077,,,,,,,,0.1975172758102417,37,1,256,256,False,,,
stock c32 vs lever_v1 c32,gsm8k-0078,,,,,,,,0.12229156494140625,83,1,256,256,False,,,
stock c32 vs lever_v1 c32,gsm8k-0079,,,,,,,,0.21536946296691895,17,1,170,170,False,,,
stock c32 vs lever_v1 c32,humaneval-0000,,,,,,,,0.18978595733642578,127,1,173,173,False,,,
stock c32 vs lever_v1 c32,humaneval-0001,,,,,,,,0.20523357391357422,131,1,229,229,False,,,
stock c32 vs lever_v1 c32,humaneval-0002,114,733,271,0.125,0.0,0.125,tie,0.24547290802001953,95,1,256,256,False,,,
stock c32 vs lever_v1 c32,humaneval-0003,,,,,,,,0.12173962593078613,122,1,157,157,False,,,
stock c32 vs lever_v1 c32,humaneval-0004,,,,,,,,0.15530622005462646,145,1,169,169,False,,,
stock c32 vs lever_v1 c32,humaneval-0005,,,,,,,,0.2058945894241333,210,1,256,256,False,,,
stock c32 vs lever_v1 c32,humaneval-0006,,,,,,,,0.12260270118713379,171,1,214,214,False,,,
stock c32 vs lever_v1 c32,humaneval-0007,,,,,,,,0.0022074636071920395,3,1,112,112,False,,,
stock c32 vs lever_v1 c32,humaneval-0008,,,,,,,,0.12261033058166504,66,1,256,256,False,,,
stock c32 vs lever_v1 c32,humaneval-0009,,,,,,,,0.11940765380859375,127,1,163,163,False,,,
stock c32 vs lever_v1 c32,humaneval-0010,,,,,,,,0.1214137077331543,186,1,190,190,False,,,
stock c32 vs lever_v1 c32,humaneval-0011,222,1179,5335,0.0,0.125,0.125,tie,0.18132972717285156,99,1,256,256,False,,,
stock c32 vs lever_v1 c32,humaneval-0012,,,,,,,,0.1219625473022461,24,1,128,128,False,,,
stock c32 vs lever_v1 c32,humaneval-0013,,,,,,,,0.07282775640487671,71,1,90,90,False,,,
stock c32 vs lever_v1 c32,humaneval-0014,65,15305,33120,0.0,0.125,0.125,tie,0.12261462211608887,55,1,256,256,False,,,
stock c32 vs lever_v1 c32,humaneval-0015,,,,,,,,0.12313008308410645,3,1,92,92,False,,,
stock c32 vs lever_v1 c32,humaneval-0016,,,,,,,,0.12214493751525879,14,1,76,76,False,,,
stock c32 vs lever_v1 c32,humaneval-0017,121,2425,12,0.125,0.0,0.125,tie,0.2309401035308838,37,1,256,256,False,,,
stock c32 vs lever_v1 c32,humaneval-0018,,,,,,,,0.0004597250372171402,30,1,73,73,False,,,
stock c32 vs lever_v1 c32,humaneval-0019,,,,,,,,0.13145017623901367,198,1,232,232,False,,,
stock c32 vs lever_v1 c32,humaneval-0020,123,264,53064,0.0,0.125,0.125,tie,0.22007536888122559,38,1,256,256,False,,,
stock c32 vs lever_v1 c32,humaneval-0021,200,87,2334,0.0,0.125,0.125,tie,0.19948136806488037,150,1,221,221,False,,,
stock c32 vs lever_v1 c32,humaneval-0022,,,,,,,,0.0015419162809848785,9,1,119,119,False,,,
stock c32 vs lever_v1 c32,humaneval-0023,,,,,,,,0.23888349533081055,126,1,185,185,False,,,
stock c32 vs lever_v1 c32,humaneval-0024,,,,,,,,0.23318791389465332,13,2,99,99,False,,,
stock c32 vs lever_v1 c32,humaneval-0025,,,,,,,,0.12109041213989258,173,1,219,219,False,,,
stock c32 vs lever_v1 c32,humaneval-0026,166,6093,1970,0.125,0.0,0.125,tie,0.24224543571472168,80,1,256,256,False,,,
stock c32 vs lever_v1 c32,humaneval-0027,,,,,,,,0.20978212356567383,74,1,81,81,False,,,
stock c32 vs lever_v1 c32,humaneval-0028,,,,,,,,0.0008608382195234299,62,1,70,70,False,,,
stock c32 vs lever_v1 c32,humaneval-0029,,,,,,,,0.2198021411895752,12,1,248,248,False,,,
stock c32 vs lever_v1 c32,humaneval-0030,,,,,,,,0.0013077259063720703,2,1,139,139,False,,,
stock c32 vs lever_v1 c32,humaneval-0031,,,,,,,,0.11941099166870117,146,1,213,213,False,,,
stock c32 vs lever_v1 c32,humaneval-0032,94,1902,682,0.125,0.0,0.125,tie,0.1623234748840332,68,1,256,256,False,,,
stock c32 vs lever_v1 c32,humaneval-0033,,,,,,,,0.12395453453063965,220,1,256,256,False,,,
stock c32 vs lever_v1 c32,humaneval-0034,,,,,,,,0.0021803732961416245,8,1,83,83,False,,,
stock c32 vs lever_v1 c32,humaneval-0035,,,,,,,,0.17833757400512695,30,1,256,256,False,,,
stock c32 vs lever_v1 c32,humaneval-0036,,,,,,,,0.12362813949584961,123,1,139,139,False,,,
stock c32 vs lever_v1 c32,humaneval-0037,,,,,,,,0.19867324829101562,173,1,217,217,False,,,
stock c32 vs lever_v1 c32,humaneval-0038,26,579,728,0.0,0.125,0.125,tie,0.15993213653564453,17,1,256,256,False,,,
stock c32 vs lever_v1 c32,humaneval-0039,,,,,,,,0.12194514274597168,130,1,253,253,False,,,
stock c32 vs lever_v1 c32,humaneval-0040,,,,,,,,0.12152647972106934,179,1,235,235,False,,,
stock c32 vs lever_v1 c32,humaneval-0041,,,,,,,,0.2412858009338379,235,1,256,256,False,,,
stock c32 vs lever_v1 c32,humaneval-0042,,,,,,,,0.12260007858276367,9,1,127,127,False,,,
stock c32 vs lever_v1 c32,humaneval-0043,,,,,,,,0.12212872505187988,12,1,201,201,False,,,
stock c32 vs lever_v1 c32,humaneval-0044,,,,,,,,0.24344158172607422,5,1,256,256,False,,,
stock c32 vs lever_v1 c32,humaneval-0045,,,,,,,,0.12204933166503906,49,1,60,60,False,,,
stock c32 vs lever_v1 c32,humaneval-0046,,,,,,,,0.12502837181091309,251,1,256,256,False,,,
stock c32 vs lever_v1 c32,humaneval-0047,,,,,,,,0.13480281829833984,66,1,256,256,False,,,
stock c32 vs lever_v1 c32,humaneval-0048,,,,,,,,0.1218564510345459,77,1,87,87,False,,,
stock c32 vs lever_v1 c32,humaneval-0049,,,,,,,,0.1206519603729248,119,1,129,129,False,,,
stock c32 vs lever_v1 c32,humaneval-0050,,,,,,,,0.1902318000793457,43,1,256,256,False,,,
stock c32 vs lever_v1 c32,humaneval-0051,,,,,,,,0.11605954170227051,146,1,161,161,False,,,
stock c32 vs lever_v1 c32,humaneval-0052,,,,,,,,0.00037384871393442154,13,1,100,100,False,,,
stock c32 vs lever_v1 c32,humaneval-0053,18,709,5089,0.0,0.125,0.125,tie,0.11616110801696777,17,1,193,172,False,,,
stock c32 vs lever_v1 c32,humaneval-0054,,,,,,,,0.1763744354248047,92,1,161,161,False,,,
stock c32 vs lever_v1 c32,humaneval-0055,,,,,,,,0.1210622787475586,85,1,108,108,False,,,
stock c32 vs lever_v1 c32,humaneval-0056,135,220,310,0.0,0.125,0.125,tie,0.1539623737335205,9,1,256,256,False,,,
stock c32 vs lever_v1 c32,humaneval-0057,,,,,,,,0.1867457628250122,149,1,187,187,False,,,
stock c32 vs lever_v1 c32,humaneval-0058,,,,,,,,0.2409360408782959,140,1,143,143,False,,,
stock c32 vs lever_v1 c32,humaneval-0059,,,,,,,,0.2444477081298828,27,1,256,256,False,,,
stock c32 vs lever_v1 c32,mt_bench-0000,111,16433,41170,0.0,0.0625,0.0625,tie,0.2155604362487793,102,1,256,256,False,,,
stock c32 vs lever_v1 c32,mt_bench-0001,,,,,,,,0.23776936531066895,63,0,153,153,False,,,
stock c32 vs lever_v1 c32,mt_bench-0002,,,,,,,,0.3684718608856201,17,1,256,256,False,,,
stock c32 vs lever_v1 c32,mt_bench-0003,167,383,466,0.0,0.125,0.125,tie,0.17630040645599365,106,1,256,256,False,,,
stock c32 vs lever_v1 c32,mt_bench-0004,11,23772,264,0.125,0.0,0.125,tie,0.24363398551940918,3,1,231,243,False,,,
stock c32 vs lever_v1 c32,mt_bench-0005,97,33367,37728,0.0,0.0625,0.0625,tie,0.12154746055603027,32,1,256,256,False,,,
stock c32 vs lever_v1 c32,mt_bench-0006,33,1040,80592,0.0,0.125,0.0625,tie,0.11358857154846191,31,1,256,256,False,,,
stock c32 vs lever_v1 c32,mt_bench-0007,13,3413,8720,0.0,0.0625,0.0625,tie,0.15783953666687012,2,1,204,173,False,,,
stock c32 vs lever_v1 c32,mt_bench-0008,213,4950,381,0.125,0.0,0.125,tie,0.17158126831054688,151,1,256,256,False,,,
stock c32 vs lever_v1 c32,mt_bench-0009,86,321,11,0.125,0.125,0.125,one_ulp,0.1541578769683838,9,1,256,256,False,,,
stock c32 vs lever_v1 c32,mt_bench-0010,15,8964,1,0.125,0.0,0.125,tie,0.11908364295959473,12,1,254,256,False,,,
stock c32 vs lever_v1 c32,mt_bench-0011,151,82868,3428,0.0625,0.0,0.0625,tie,0.21308016777038574,140,1,256,256,False,,,
stock c32 vs lever_v1 c32,mt_bench-0012,209,68,13181,0.0,0.125,0.125,tie,0.24033045768737793,33,1,256,256,False,,,
stock c32 vs lever_v1 c32,mt_bench-0013,18,2609,4927,0.0,0.125,0.125,tie,0.12230348587036133,8,1,256,256,False,,,
stock c32 vs lever_v1 c32,mt_bench-0014,186,553,8,0.125,0.0,0.125,tie,0.2257707118988037,31,1,256,256,False,,,
stock c32 vs lever_v1 c32,mt_bench-0015,116,19180,16534,0.125,0.125,0.125,one_ulp,0.26111841201782227,41,1,256,256,False,,,
stock c32 vs lever_v1 c32,mt_bench-0016,,,,,,,,0.24215221405029297,133,1,256,256,False,,,
stock c32 vs lever_v1 c32,mt_bench-0017,207,15123,3980,0.0625,0.0,0.0625,tie,0.19690608978271484,69,1,256,256,False,,,
stock c32 vs lever_v1 c32,mt_bench-0018,105,314,494,0.0,0.125,0.125,tie,0.17884254455566406,1,1,132,132,False,,,
stock c32 vs lever_v1 c32,mt_bench-0019,,,,,,,,0.2435150146484375,244,1,256,256,False,,,
stock c32 vs lever_v1 c32,mt_bench-0020,,,,,,,,0.23544955253601074,93,1,256,256,False,,,
stock c32 vs lever_v1 c32,mt_bench-0021,,,,,,,,0.22011852264404297,51,1,95,95,False,,,
stock c32 vs lever_v1 c32,mt_bench-0022,18,2592,760,0.12499994039535522,0.0,0.125,tie,0.1215517520904541,8,1,256,106,False,,,
stock c32 vs lever_v1 c32,mt_bench-0023,,,,,,,,0.24262714385986328,78,1,256,256,False,,,
stock c32 vs lever_v1 c32,mt_bench-0024,,,,,,,,0.24170851707458496,110,1,256,256,False,,,
stock c32 vs lever_v1 c32,mt_bench-0025,,,,,,,,0.13124823570251465,47,1,256,256,False,,,
stock c32 vs lever_v1 c32,mt_bench-0026,,,,,,,,0.24063515663146973,103,1,256,256,False,,,
stock c32 vs lever_v1 c32,mt_bench-0027,,,,,,,,0.1218864917755127,11,1,86,86,False,,,
stock c32 vs lever_v1 c32,mt_bench-0028,93,22426,2972,0.125,0.0,0.125,tie,0.16289234161376953,17,1,256,256,False,,,
stock c32 vs lever_v1 c32,mt_bench-0029,123,310,13,0.125,0.0,0.125,tie,0.12535953521728516,110,1,256,256,False,,,
stock c32 vs lever_v1 c32,mt_bench-0030,,,,,,,,0.13563036918640137,83,2,256,256,False,,,
stock c32 vs lever_v1 c32,mt_bench-0031,,,,,,,,0.15556365251541138,22,1,176,176,False,,,
stock c32 vs lever_v1 c32,mt_bench-0032,137,27382,34167,0.0,0.125,0.125,tie,0.24064350128173828,16,1,256,256,False,,,
stock c32 vs lever_v1 c32,mt_bench-0033,,,,,,,,0.15449368953704834,127,1,256,256,False,,,
stock c32 vs lever_v1 c32,mt_bench-0034,108,348,1518,0.0,0.125,0.125,tie,0.23694062232971191,70,1,256,256,False,,,
stock c32 vs lever_v1 c32,mt_bench-0035,,,,,,,,0.24303674697875977,26,1,256,256,False,,,
stock c32 vs lever_v1 c32,mt_bench-0036,39,733,47246,0.0,0.125,0.125,tie,0.20821809768676758,26,2,256,256,False,,,
stock c32 vs lever_v1 c32,mt_bench-0037,,,,,,,,0.24349188804626465,121,1,256,256,False,,,
stock c32 vs lever_v1 c32,mt_bench-0038,95,45382,46270,0.0,0.125,0.125,tie,0.24261093139648438,31,1,256,256,False,,,
stock c32 vs lever_v1 c32,mt_bench-0039,,,,,,,,0.13278889656066895,144,1,256,256,False,,,
stock c32 vs lever_v1 c32,mt_bench-0040,21,279,27690,0.0,0.125,0.125,tie,0.13889384269714355,20,1,256,256,False,,,
stock c32 vs lever_v1 c32,mt_bench-0041,215,16,15,0.125,0.0,0.125,tie,0.23888850212097168,53,1,256,256,False,,,
stock c32 vs lever_v1 c32,mt_bench-0042,,,,,,,,0.20629119873046875,185,1,256,256,False,,,
stock c32 vs lever_v1 c32,mt_bench-0043,,,,,,,,0.16251063346862793,64,1,195,195,False,,,
stock c32 vs lever_v1 c32,mt_bench-0044,83,3578,1788,0.125,0.0,0.125,tie,0.21346306800842285,46,1,256,256,False,,,
stock c32 vs lever_v1 c32,mt_bench-0045,67,10539,8882,0.125,0.125,0.125,one_ulp,0.24421310424804688,19,1,256,256,False,,,
stock c32 vs lever_v1 c32,mt_bench-0046,,,,,,,,0.225538969039917,168,1,256,256,False,,,
stock c32 vs lever_v1 c32,mt_bench-0047,40,7620,1,0.125,0.0,0.0625,tie,0.12238121032714844,10,1,256,256,False,,,
stock c32 vs lever_v1 c32,mt_bench-0048,49,580,488,0.125,0.0,0.125,tie,0.15053367614746094,37,1,256,256,False,,,
stock c32 vs lever_v1 c32,mt_bench-0049,79,3018,25,0.2500000596046448,0.0,0.25,tie,0.23659563064575195,40,1,256,256,False,,,
stock c32 vs lever_v1 c32,mt_bench-0050,247,3158,799,0.125,0.0,0.125,tie,0.2248227596282959,37,1,256,256,False,,,
stock c32 vs lever_v1 c32,mt_bench-0051,,,,,,,,0.21981120109558105,6,1,40,40,False,,,
stock c32 vs lever_v1 c32,mt_bench-0052,,,,,,,,0.12205696105957031,1,1,82,82,False,,,
stock c32 vs lever_v1 c32,mt_bench-0053,33,795,1103,0.0,0.125,0.125,tie,0.10595333576202393,30,1,256,256,False,,,
stock c32 vs lever_v1 c32,mt_bench-0054,,,,,,,,0.11909127235412598,10,1,111,111,False,,,
stock c32 vs lever_v1 c32,mt_bench-0055,,,,,,,,0.24430012702941895,4,1,15,15,False,,,
stock c32 vs lever_v1 c32,mt_bench-0056,,,,,,,,0.2449188232421875,85,1,256,256,False,,,
stock c32 vs lever_v1 c32,mt_bench-0057,,,,,,,,0.12245726585388184,11,1,45,45,False,,,
stock c32 vs lever_v1 c32,mt_bench-0058,,,,,,,,0.20330071449279785,7,1,50,50,False,,,
stock c32 vs lever_v1 c32,mt_bench-0059,126,283,25,0.125,0.0,0.125,tie,0.2442324161529541,80,1,256,256,False,,,
stock c32 vs lever_v1 c32,mt_bench-0060,,,,,,,,0.22611284255981445,37,1,256,256,False,,,
stock c32 vs lever_v1 c32,mt_bench-0061,62,26068,14733,0.125,0.0,0.125,tie,0.13012027740478516,31,1,256,256,False,,,
stock c32 vs lever_v1 c32,mt_bench-0062,,,,,,,,0.16031432151794434,114,1,256,256,False,,,
stock c32 vs lever_v1 c32,mt_bench-0063,199,279,75113,0.0,0.125,0.125,tie,0.23152589797973633,74,1,256,256,False,,,
stock c32 vs lever_v1 c32,mt_bench-0064,1,64583,8340,0.125,0.0,0.125,tie,0.0,,,256,256,False,,,
stock c32 vs lever_v1 c32,mt_bench-0065,,,,,,,,0.24025726318359375,148,1,256,256,False,,,
stock c32 vs lever_v1 c32,mt_bench-0066,67,17171,48772,0.0,0.125,0.125,tie,0.18404436111450195,65,1,256,256,False,,,
stock c32 vs lever_v1 c32,mt_bench-0067,83,19888,56570,0.0,0.125,0.125,tie,0.24434661865234375,54,2,256,256,False,,,
stock c32 vs lever_v1 c32,mt_bench-0068,,,,,,,,0.24254322052001953,47,1,256,256,False,,,
stock c32 vs lever_v1 c32,mt_bench-0069,114,22767,89700,0.0,0.125,0.125,tie,0.1993401050567627,110,1,256,256,False,,,
stock c32 vs lever_v1 c32,mt_bench-0070,13,449,264,0.125,0.0,0.125,tie,0.1421208381652832,7,1,256,256,False,,,
stock c32 vs lever_v1 c32,mt_bench-0071,34,28604,2950,0.125,0.0,0.125,tie,0.20424175262451172,27,1,256,256,False,,,
stock c32 vs lever_v1 c32,mt_bench-0072,107,5212,36110,0.0,0.125,0.125,tie,0.22936582565307617,99,1,256,256,False,,,
stock c32 vs lever_v1 c32,mt_bench-0073,6,49312,4843,0.0625,0.0625,0.0625,one_ulp,0.056688547134399414,5,1,256,256,False,,,
stock c32 vs lever_v1 c32,mt_bench-0074,,,,,,,,0.23807573318481445,102,1,256,256,False,,,
stock c32 vs lever_v1 c32,mt_bench-0075,111,393,3539,0.0,0.125,0.125,tie,0.13793373107910156,53,1,256,256,False,,,
stock c32 vs lever_v1 c32,mt_bench-0076,,,,,,,,0.2204427719116211,13,1,256,256,False,,,
stock c32 vs lever_v1 c32,mt_bench-0077,86,74316,36009,0.125,0.0,0.125,tie,0.19132018089294434,32,1,256,256,False,,,
stock c32 vs lever_v1 c32,mt_bench-0078,69,27301,561,0.125,0.0,0.0625,tie,0.12343811988830566,16,1,256,256,False,,,
stock c32 vs lever_v1 c32,mt_bench-0079,79,45332,46909,0.125,0.0625,0.0625,near,0.22524428367614746,7,1,256,256,False,,,
