shape,N,K,M,route,us_median,us_min,rel_err_vs_fp32,copies
gdn_in_qkvz,12288,2560,1,bf16,20.29,20.27,0.00169,9
gdn_in_qkvz,12288,2560,1,fp8_tensor,11.81,11.8,0.03804,9
gdn_in_qkvz,12288,2560,1,fp8_rowwise,16.67,16.65,0.03805,9
gdn_in_qkvz,12288,2560,1,fp8_triton,13.12,13.1,0.03807,9
gdn_in_qkvz,12288,2560,1,act_quant_fp8,1.93,1.93,,9
gdn_in_qkvz,12288,2560,1,fp8_marlin,14.73,14.72,0.0268,9
gdn_in_qkvz,12288,2560,2,bf16,20.28,20.27,0.00165,9
gdn_in_qkvz,12288,2560,2,fp8_tensor,11.85,11.84,0.03774,9
gdn_in_qkvz,12288,2560,2,fp8_rowwise,17.1,17.1,0.03734,9
gdn_in_qkvz,12288,2560,2,fp8_triton,13.09,13.08,0.03734,9
gdn_in_qkvz,12288,2560,2,act_quant_fp8,2.0,2.0,,9
gdn_in_qkvz,12288,2560,2,fp8_marlin,14.8,14.79,0.02653,9
gdn_in_qkvz,12288,2560,4,bf16,20.22,20.21,0.00165,9
gdn_in_qkvz,12288,2560,4,fp8_tensor,11.6,11.58,0.03765,9
gdn_in_qkvz,12288,2560,4,fp8_rowwise,17.26,17.25,0.03779,9
gdn_in_qkvz,12288,2560,4,fp8_triton,13.11,13.1,0.03782,9
gdn_in_qkvz,12288,2560,4,act_quant_fp8,2.01,2.01,,9
gdn_in_qkvz,12288,2560,4,fp8_marlin,14.69,14.68,0.02666,9
gdn_in_qkvz,12288,2560,8,bf16,20.54,20.53,0.00166,9
gdn_in_qkvz,12288,2560,8,fp8_tensor,11.63,11.63,0.03758,9
gdn_in_qkvz,12288,2560,8,fp8_rowwise,17.26,17.25,0.03773,9
gdn_in_qkvz,12288,2560,8,fp8_triton,13.14,13.13,0.03774,9
gdn_in_qkvz,12288,2560,8,act_quant_fp8,1.98,1.98,,9
gdn_in_qkvz,12288,2560,8,fp8_marlin,14.85,14.84,0.02666,9
gdn_in_qkvz,12288,2560,16,bf16,21.98,21.97,0.00166,9
gdn_in_qkvz,12288,2560,16,fp8_tensor,12.26,12.25,0.03738,9
gdn_in_qkvz,12288,2560,16,fp8_rowwise,16.87,16.86,0.03745,9
gdn_in_qkvz,12288,2560,16,fp8_triton,13.11,13.1,0.03747,9
gdn_in_qkvz,12288,2560,16,act_quant_fp8,1.99,1.98,,9
gdn_in_qkvz,12288,2560,16,fp8_marlin,14.98,14.98,0.02657,9
gdn_in_qkvz,12288,2560,32,bf16,21.47,21.47,0.00166,9
gdn_in_qkvz,12288,2560,32,fp8_tensor,12.6,12.59,0.03747,9
gdn_in_qkvz,12288,2560,32,fp8_rowwise,16.42,16.42,0.0377,9
gdn_in_qkvz,12288,2560,32,fp8_triton,13.06,13.06,0.03771,9
gdn_in_qkvz,12288,2560,32,int8_mm,13.68,13.67,0.01188,9
gdn_in_qkvz,12288,2560,32,act_quant_fp8,2.1,2.09,,9
gdn_in_qkvz,12288,2560,32,fp8_marlin,17.51,17.49,0.02661,9
gdn_in_qkvz,12288,2560,64,bf16,20.93,20.92,0.00166,9
gdn_in_qkvz,12288,2560,64,fp8_tensor,12.16,12.15,0.03745,9
gdn_in_qkvz,12288,2560,64,fp8_rowwise,15.3,15.28,0.0374,9
gdn_in_qkvz,12288,2560,64,fp8_triton,12.79,12.79,0.03741,9
gdn_in_qkvz,12288,2560,64,int8_mm,13.04,13.04,0.01194,9
gdn_in_qkvz,12288,2560,64,act_quant_fp8,2.1,2.1,,9
gdn_in_qkvz,12288,2560,64,fp8_marlin,24.6,24.55,0.02661,9
gdn_in_qkvz,12288,2560,128,bf16,22.32,22.3,0.00166,9
gdn_in_qkvz,12288,2560,128,fp8_tensor,12.95,12.94,0.03739,9
gdn_in_qkvz,12288,2560,128,fp8_rowwise,13.79,13.71,0.03745,9
gdn_in_qkvz,12288,2560,128,fp8_triton,17.38,17.34,0.03747,9
gdn_in_qkvz,12288,2560,128,int8_mm,19.58,19.52,0.01192,9
gdn_in_qkvz,12288,2560,128,act_quant_fp8,2.14,2.14,,9
gdn_in_qkvz,12288,2560,128,fp8_marlin,34.33,34.33,0.02658,9
gdn_in_qkvz,12288,2560,256,bf16,26.01,25.97,0.00166,9
gdn_in_qkvz,12288,2560,256,fp8_tensor,18.21,18.01,0.03739,9
gdn_in_qkvz,12288,2560,256,fp8_rowwise,21.11,21.06,0.03747,9
gdn_in_qkvz,12288,2560,256,fp8_triton,21.24,21.08,0.03749,9
gdn_in_qkvz,12288,2560,256,int8_mm,29.62,29.56,0.01193,9
gdn_in_qkvz,12288,2560,256,act_quant_fp8,2.47,2.47,,9
gdn_in_qkvz,12288,2560,256,fp8_marlin,63.2,62.67,0.02656,9
out_or_o_proj,2560,4096,1,bf16,10.92,10.91,0.00167,25
out_or_o_proj,2560,4096,1,fp8_tensor,6.32,6.32,0.03647,25
out_or_o_proj,2560,4096,1,fp8_rowwise,13.27,13.22,0.03647,25
out_or_o_proj,2560,4096,1,fp8_triton,10.75,10.74,0.03651,25
out_or_o_proj,2560,4096,1,act_quant_fp8,1.93,1.92,,25
out_or_o_proj,2560,4096,1,fp8_marlin,14.04,14.04,0.02638,25
out_or_o_proj,2560,4096,2,bf16,10.94,10.93,0.00166,25
out_or_o_proj,2560,4096,2,fp8_tensor,6.35,6.35,0.03659,25
out_or_o_proj,2560,4096,2,fp8_rowwise,13.16,13.15,0.03693,25
out_or_o_proj,2560,4096,2,fp8_triton,10.7,10.7,0.03705,25
out_or_o_proj,2560,4096,2,act_quant_fp8,1.96,1.95,,25
out_or_o_proj,2560,4096,2,fp8_marlin,13.99,13.97,0.02576,25
out_or_o_proj,2560,4096,4,bf16,11.0,10.99,0.00166,25
out_or_o_proj,2560,4096,4,fp8_tensor,6.31,6.3,0.03764,25
out_or_o_proj,2560,4096,4,fp8_rowwise,13.15,13.15,0.03763,25
out_or_o_proj,2560,4096,4,fp8_triton,10.7,10.7,0.03764,25
out_or_o_proj,2560,4096,4,act_quant_fp8,1.96,1.95,,25
out_or_o_proj,2560,4096,4,fp8_marlin,13.98,13.98,0.02668,25
out_or_o_proj,2560,4096,8,bf16,10.97,10.97,0.00166,25
out_or_o_proj,2560,4096,8,fp8_tensor,6.33,6.32,0.03752,25
out_or_o_proj,2560,4096,8,fp8_rowwise,13.21,13.2,0.03731,25
out_or_o_proj,2560,4096,8,fp8_triton,10.72,10.72,0.03732,25
out_or_o_proj,2560,4096,8,act_quant_fp8,2.0,2.0,,25
out_or_o_proj,2560,4096,8,fp8_marlin,14.03,14.0,0.02634,25
out_or_o_proj,2560,4096,16,bf16,11.14,11.13,0.00166,25
out_or_o_proj,2560,4096,16,fp8_tensor,6.36,6.36,0.03757,25
out_or_o_proj,2560,4096,16,fp8_rowwise,13.16,13.15,0.03791,25
out_or_o_proj,2560,4096,16,fp8_triton,10.58,10.57,0.03793,25
out_or_o_proj,2560,4096,16,act_quant_fp8,1.98,1.98,,25
out_or_o_proj,2560,4096,16,fp8_marlin,14.4,14.38,0.02681,25
out_or_o_proj,2560,4096,32,bf16,11.45,11.45,0.00166,25
out_or_o_proj,2560,4096,32,fp8_tensor,6.49,6.48,0.0375,25
out_or_o_proj,2560,4096,32,fp8_rowwise,13.26,13.25,0.03765,25
out_or_o_proj,2560,4096,32,fp8_triton,10.4,10.4,0.03767,25
out_or_o_proj,2560,4096,32,int8_mm,11.18,11.18,0.01228,25
out_or_o_proj,2560,4096,32,act_quant_fp8,2.03,2.03,,25
out_or_o_proj,2560,4096,32,fp8_marlin,29.83,29.81,0.02666,25
out_or_o_proj,2560,4096,64,bf16,9.78,9.77,0.00166,25
out_or_o_proj,2560,4096,64,fp8_tensor,6.77,6.75,0.03739,25
out_or_o_proj,2560,4096,64,fp8_rowwise,13.41,13.4,0.03757,25
out_or_o_proj,2560,4096,64,fp8_triton,10.4,10.38,0.03759,25
out_or_o_proj,2560,4096,64,int8_mm,11.35,11.34,0.01229,25
out_or_o_proj,2560,4096,64,act_quant_fp8,2.04,2.04,,25
out_or_o_proj,2560,4096,64,fp8_marlin,43.37,43.34,0.02662,25
out_or_o_proj,2560,4096,128,bf16,10.34,10.33,0.00166,25
out_or_o_proj,2560,4096,128,fp8_tensor,7.82,7.81,0.03744,25
out_or_o_proj,2560,4096,128,fp8_rowwise,13.53,13.52,0.03743,25
out_or_o_proj,2560,4096,128,fp8_triton,16.82,16.81,0.03746,25
out_or_o_proj,2560,4096,128,int8_mm,11.42,11.4,0.0123,25
out_or_o_proj,2560,4096,128,act_quant_fp8,2.16,2.15,,25
out_or_o_proj,2560,4096,128,fp8_marlin,31.05,30.96,0.02653,25
out_or_o_proj,2560,4096,256,bf16,11.98,11.96,0.00166,25
out_or_o_proj,2560,4096,256,fp8_tensor,8.45,8.43,0.03748,25
out_or_o_proj,2560,4096,256,fp8_rowwise,13.61,13.58,0.03744,25
out_or_o_proj,2560,4096,256,fp8_triton,19.25,19.24,0.03746,25
out_or_o_proj,2560,4096,256,int8_mm,17.9,17.88,0.01226,25
out_or_o_proj,2560,4096,256,act_quant_fp8,2.38,2.38,,25
out_or_o_proj,2560,4096,256,fp8_marlin,30.0,29.97,0.02656,25
attn_qkv,10240,2560,1,bf16,17.1,17.09,0.00166,10
attn_qkv,10240,2560,1,fp8_tensor,10.35,10.34,0.03777,10
attn_qkv,10240,2560,1,fp8_rowwise,15.42,15.4,0.03776,10
attn_qkv,10240,2560,1,fp8_triton,12.02,12.02,0.03777,10
attn_qkv,10240,2560,1,act_quant_fp8,1.97,1.97,,10
attn_qkv,10240,2560,1,fp8_marlin,13.35,13.33,0.02635,10
attn_qkv,10240,2560,2,bf16,17.28,17.27,0.00167,10
attn_qkv,10240,2560,2,fp8_tensor,10.36,10.35,0.03746,10
attn_qkv,10240,2560,2,fp8_rowwise,15.78,15.78,0.0373,10
attn_qkv,10240,2560,2,fp8_triton,12.1,12.09,0.03731,10
attn_qkv,10240,2560,2,act_quant_fp8,1.98,1.98,,10
attn_qkv,10240,2560,2,fp8_marlin,13.36,13.35,0.02639,10
attn_qkv,10240,2560,4,bf16,17.31,17.3,0.00166,10
attn_qkv,10240,2560,4,fp8_tensor,10.39,10.38,0.03788,10
attn_qkv,10240,2560,4,fp8_rowwise,16.29,16.28,0.03792,10
attn_qkv,10240,2560,4,fp8_triton,12.03,12.02,0.03793,10
attn_qkv,10240,2560,4,act_quant_fp8,1.99,1.99,,10
attn_qkv,10240,2560,4,fp8_marlin,13.34,13.33,0.02691,10
attn_qkv,10240,2560,8,bf16,17.34,17.33,0.00167,10
attn_qkv,10240,2560,8,fp8_tensor,10.4,10.39,0.03765,10
attn_qkv,10240,2560,8,fp8_rowwise,16.45,16.45,0.03798,10
attn_qkv,10240,2560,8,fp8_triton,12.03,12.03,0.03799,10
attn_qkv,10240,2560,8,act_quant_fp8,1.99,1.99,,10
attn_qkv,10240,2560,8,fp8_marlin,13.44,13.43,0.02682,10
attn_qkv,10240,2560,16,bf16,17.51,17.5,0.00166,10
attn_qkv,10240,2560,16,fp8_tensor,10.38,10.37,0.03725,10
attn_qkv,10240,2560,16,fp8_rowwise,16.25,16.24,0.03744,10
attn_qkv,10240,2560,16,fp8_triton,12.03,12.03,0.03746,10
attn_qkv,10240,2560,16,act_quant_fp8,2.03,2.02,,10
attn_qkv,10240,2560,16,fp8_marlin,13.7,13.69,0.0265,10
attn_qkv,10240,2560,32,bf16,17.82,17.82,0.00166,10
attn_qkv,10240,2560,32,fp8_tensor,10.67,10.66,0.03763,10
attn_qkv,10240,2560,32,fp8_rowwise,15.14,15.14,0.03738,10
attn_qkv,10240,2560,32,fp8_triton,12.05,12.04,0.03739,10
attn_qkv,10240,2560,32,int8_mm,13.42,13.41,0.01187,10
attn_qkv,10240,2560,32,act_quant_fp8,2.07,2.07,,10
attn_qkv,10240,2560,32,fp8_marlin,17.3,17.29,0.02651,10
attn_qkv,10240,2560,64,bf16,17.91,17.89,0.00166,10
attn_qkv,10240,2560,64,fp8_tensor,11.01,11.0,0.03738,10
attn_qkv,10240,2560,64,fp8_rowwise,14.21,14.2,0.03744,10
attn_qkv,10240,2560,64,fp8_triton,11.76,11.75,0.03745,10
attn_qkv,10240,2560,64,int8_mm,13.8,13.8,0.01194,10
attn_qkv,10240,2560,64,act_quant_fp8,2.06,2.06,,10
attn_qkv,10240,2560,64,fp8_marlin,24.66,24.65,0.02661,10
attn_qkv,10240,2560,128,bf16,19.22,19.19,0.00166,10
attn_qkv,10240,2560,128,fp8_tensor,11.57,11.56,0.03746,10
attn_qkv,10240,2560,128,fp8_rowwise,12.4,12.36,0.03744,10
attn_qkv,10240,2560,128,fp8_triton,16.35,16.34,0.03745,10
attn_qkv,10240,2560,128,int8_mm,18.97,18.96,0.01187,10
attn_qkv,10240,2560,128,act_quant_fp8,2.16,2.16,,10
attn_qkv,10240,2560,128,fp8_marlin,30.19,30.18,0.02658,10
attn_qkv,10240,2560,256,bf16,23.17,23.16,0.00166,10
attn_qkv,10240,2560,256,fp8_tensor,15.89,15.81,0.03745,10
attn_qkv,10240,2560,256,fp8_rowwise,20.62,20.49,0.03744,10
attn_qkv,10240,2560,256,fp8_triton,19.19,19.05,0.03745,10
attn_qkv,10240,2560,256,int8_mm,27.71,27.53,0.01193,10
attn_qkv,10240,2560,256,act_quant_fp8,2.37,2.37,,10
attn_qkv,10240,2560,256,fp8_marlin,53.4,52.75,0.02656,10
mlp_gate_up,18432,2560,1,bf16,28.83,28.82,0.00167,6
mlp_gate_up,18432,2560,1,fp8_tensor,16.29,16.29,0.03785,6
mlp_gate_up,18432,2560,1,fp8_rowwise,25.58,25.58,0.03784,6
mlp_gate_up,18432,2560,1,fp8_triton,22.5,22.43,0.03785,6
mlp_gate_up,18432,2560,1,act_quant_fp8,2.1,2.1,,6
mlp_gate_up,18432,2560,1,fp8_marlin,19.26,19.24,0.02667,6
mlp_gate_up,18432,2560,2,bf16,28.78,28.77,0.00166,6
mlp_gate_up,18432,2560,2,fp8_tensor,16.38,16.37,0.03767,6
mlp_gate_up,18432,2560,2,fp8_rowwise,25.56,25.56,0.0374,6
mlp_gate_up,18432,2560,2,fp8_triton,22.48,22.47,0.03741,6
mlp_gate_up,18432,2560,2,act_quant_fp8,2.1,2.1,,6
mlp_gate_up,18432,2560,2,fp8_marlin,19.29,19.28,0.02655,6
mlp_gate_up,18432,2560,4,bf16,28.95,28.95,0.00166,6
mlp_gate_up,18432,2560,4,fp8_tensor,16.42,16.41,0.03734,6
mlp_gate_up,18432,2560,4,fp8_rowwise,25.56,25.54,0.03724,6
mlp_gate_up,18432,2560,4,fp8_triton,22.53,22.53,0.03725,6
mlp_gate_up,18432,2560,4,act_quant_fp8,2.09,2.09,,6
mlp_gate_up,18432,2560,4,fp8_marlin,19.36,19.34,0.02653,6
mlp_gate_up,18432,2560,8,bf16,29.21,29.2,0.00166,6
mlp_gate_up,18432,2560,8,fp8_tensor,16.52,16.51,0.03775,6
mlp_gate_up,18432,2560,8,fp8_rowwise,25.53,25.53,0.03772,6
mlp_gate_up,18432,2560,8,fp8_triton,22.63,22.62,0.03773,6
mlp_gate_up,18432,2560,8,act_quant_fp8,2.18,2.18,,6
mlp_gate_up,18432,2560,8,fp8_marlin,19.45,19.42,0.02663,6
mlp_gate_up,18432,2560,16,bf16,29.53,29.52,0.00166,6
mlp_gate_up,18432,2560,16,fp8_tensor,16.75,16.74,0.03754,6
mlp_gate_up,18432,2560,16,fp8_rowwise,25.54,25.53,0.03757,6
mlp_gate_up,18432,2560,16,fp8_triton,22.52,22.51,0.03759,6
mlp_gate_up,18432,2560,16,act_quant_fp8,2.17,2.17,,6
mlp_gate_up,18432,2560,16,fp8_marlin,19.78,19.78,0.02665,6
mlp_gate_up,18432,2560,32,bf16,30.63,30.61,0.00167,6
mlp_gate_up,18432,2560,32,fp8_tensor,17.58,17.56,0.03747,6
mlp_gate_up,18432,2560,32,fp8_rowwise,25.27,25.25,0.0374,6
mlp_gate_up,18432,2560,32,fp8_triton,22.73,22.71,0.03742,6
mlp_gate_up,18432,2560,32,int8_mm,24.88,24.85,0.01192,6
mlp_gate_up,18432,2560,32,act_quant_fp8,2.18,2.18,,6
mlp_gate_up,18432,2560,32,fp8_marlin,21.85,21.82,0.02657,6
mlp_gate_up,18432,2560,64,bf16,30.33,30.31,0.00166,6
mlp_gate_up,18432,2560,64,fp8_tensor,17.68,17.68,0.03739,6
mlp_gate_up,18432,2560,64,fp8_rowwise,24.73,24.72,0.03744,6
mlp_gate_up,18432,2560,64,fp8_triton,21.6,21.58,0.03746,6
mlp_gate_up,18432,2560,64,int8_mm,22.26,22.26,0.0118,6
mlp_gate_up,18432,2560,64,act_quant_fp8,2.19,2.18,,6
mlp_gate_up,18432,2560,64,fp8_marlin,28.94,28.94,0.02653,6
mlp_gate_up,18432,2560,128,bf16,32.54,32.42,0.00166,6
mlp_gate_up,18432,2560,128,fp8_tensor,19.58,19.55,0.03743,6
mlp_gate_up,18432,2560,128,fp8_rowwise,25.34,25.32,0.03745,6
mlp_gate_up,18432,2560,128,fp8_triton,22.2,21.98,0.03746,6
mlp_gate_up,18432,2560,128,int8_mm,27.87,27.85,0.0119,6
mlp_gate_up,18432,2560,128,act_quant_fp8,2.4,2.4,,6
mlp_gate_up,18432,2560,128,fp8_marlin,49.8,47.92,0.02658,6
mlp_gate_up,18432,2560,256,bf16,44.3,43.14,0.00166,6
mlp_gate_up,18432,2560,256,fp8_tensor,25.15,24.55,0.03747,6
mlp_gate_up,18432,2560,256,fp8_rowwise,33.47,33.39,0.0375,6
mlp_gate_up,18432,2560,256,fp8_triton,36.99,36.76,0.03751,6
mlp_gate_up,18432,2560,256,int8_mm,45.89,44.17,0.01188,6
mlp_gate_up,18432,2560,256,act_quant_fp8,2.62,2.62,,6
mlp_gate_up,18432,2560,256,fp8_marlin,92.54,87.59,0.02658,6
mlp_down,2560,9216,1,bf16,18.18,18.17,0.00163,11
mlp_down,2560,9216,1,fp8_tensor,12.02,12.0,0.03824,11
mlp_down,2560,9216,1,fp8_rowwise,24.64,24.62,0.03828,11
mlp_down,2560,9216,1,fp8_triton,20.69,20.68,0.03826,11
mlp_down,2560,9216,1,act_quant_fp8,2.96,2.96,,11
mlp_down,2560,9216,1,fp8_marlin,17.29,17.27,0.02639,11
mlp_down,2560,9216,2,bf16,18.35,18.34,0.00165,11
mlp_down,2560,9216,2,fp8_tensor,12.13,12.12,0.03753,11
mlp_down,2560,9216,2,fp8_rowwise,24.44,24.43,0.03773,11
mlp_down,2560,9216,2,fp8_triton,20.52,20.51,0.0378,11
mlp_down,2560,9216,2,act_quant_fp8,2.97,2.97,,11
mlp_down,2560,9216,2,fp8_marlin,17.24,17.23,0.02669,11
mlp_down,2560,9216,4,bf16,18.36,18.34,0.00168,11
mlp_down,2560,9216,4,fp8_tensor,12.1,12.1,0.03699,11
mlp_down,2560,9216,4,fp8_rowwise,24.41,24.41,0.03711,11
mlp_down,2560,9216,4,fp8_triton,20.6,20.57,0.03715,11
mlp_down,2560,9216,4,act_quant_fp8,2.99,2.99,,11
mlp_down,2560,9216,4,fp8_marlin,17.22,17.22,0.02635,11
mlp_down,2560,9216,8,bf16,18.5,18.49,0.00165,11
mlp_down,2560,9216,8,fp8_tensor,12.19,12.18,0.03708,11
mlp_down,2560,9216,8,fp8_rowwise,24.43,24.43,0.037,11
mlp_down,2560,9216,8,fp8_triton,20.57,20.56,0.03706,11
mlp_down,2560,9216,8,act_quant_fp8,3.02,3.02,,11
mlp_down,2560,9216,8,fp8_marlin,17.28,17.28,0.0261,11
mlp_down,2560,9216,16,bf16,18.8,18.79,0.00167,11
mlp_down,2560,9216,16,fp8_tensor,12.33,12.32,0.03777,11
mlp_down,2560,9216,16,fp8_rowwise,24.53,24.52,0.03771,11
mlp_down,2560,9216,16,fp8_triton,20.37,20.36,0.03776,11
mlp_down,2560,9216,16,act_quant_fp8,3.03,3.03,,11
mlp_down,2560,9216,16,fp8_marlin,17.91,17.9,0.02681,11
mlp_down,2560,9216,32,bf16,19.2,19.19,0.00166,11
mlp_down,2560,9216,32,fp8_tensor,12.54,12.51,0.03755,11
mlp_down,2560,9216,32,fp8_rowwise,24.62,24.62,0.03754,11
mlp_down,2560,9216,32,fp8_triton,19.89,19.89,0.0376,11
mlp_down,2560,9216,32,int8_mm,21.32,21.3,0.01288,11
mlp_down,2560,9216,32,act_quant_fp8,3.09,3.09,,11
mlp_down,2560,9216,32,fp8_marlin,33.24,33.22,0.02664,11
mlp_down,2560,9216,64,bf16,19.93,19.92,0.00166,11
mlp_down,2560,9216,64,fp8_tensor,11.0,10.99,0.03732,11
mlp_down,2560,9216,64,fp8_rowwise,24.76,24.75,0.0375,11
mlp_down,2560,9216,64,fp8_triton,19.75,19.75,0.03756,11
mlp_down,2560,9216,64,int8_mm,21.57,21.57,0.01288,11
mlp_down,2560,9216,64,act_quant_fp8,3.13,3.13,,11
mlp_down,2560,9216,64,fp8_marlin,48.32,48.28,0.02651,11
mlp_down,2560,9216,128,bf16,22.49,22.46,0.00166,11
mlp_down,2560,9216,128,fp8_tensor,12.94,12.91,0.0376,11
mlp_down,2560,9216,128,fp8_rowwise,25.03,25.01,0.03756,11
mlp_down,2560,9216,128,fp8_triton,34.71,34.7,0.03762,11
mlp_down,2560,9216,128,int8_mm,21.67,21.64,0.01298,11
mlp_down,2560,9216,128,act_quant_fp8,3.16,3.16,,11
mlp_down,2560,9216,128,fp8_marlin,40.79,40.77,0.02663,11
mlp_down,2560,9216,256,bf16,23.71,23.67,0.00166,11
mlp_down,2560,9216,256,fp8_tensor,18.63,18.61,0.03745,11
mlp_down,2560,9216,256,fp8_rowwise,27.93,26.49,0.03743,11
mlp_down,2560,9216,256,fp8_triton,39.08,39.04,0.0375,11
mlp_down,2560,9216,256,int8_mm,36.8,36.78,0.01295,11
mlp_down,2560,9216,256,act_quant_fp8,3.77,3.76,,11
mlp_down,2560,9216,256,fp8_marlin,49.58,49.55,0.02655,11
lm_head,248320,2560,1,bf16,353.19,353.13,0.00166,1
lm_head,248320,2560,1,fp8_tensor,179.81,179.73,0.03707,1
lm_head,248320,2560,1,fp8_rowwise,227.57,227.5,0.03707,1
lm_head,248320,2560,1,fp8_triton,186.03,185.9,0.03707,1
lm_head,248320,2560,1,act_quant_fp8,3.17,3.16,,1
lm_head,248320,2560,1,fp8_marlin,202.12,201.48,0.0265,1
lm_head,248320,2560,2,bf16,354.25,354.21,0.00166,1
lm_head,248320,2560,2,fp8_tensor,180.62,180.57,0.03758,1
lm_head,248320,2560,2,fp8_rowwise,205.76,205.61,0.0372,1
lm_head,248320,2560,2,fp8_triton,187.58,187.55,0.03721,1
lm_head,248320,2560,2,act_quant_fp8,3.29,3.28,,1
lm_head,248320,2560,2,fp8_marlin,203.0,202.3,0.02664,1
lm_head,248320,2560,4,bf16,355.8,355.79,0.00166,1
lm_head,248320,2560,4,fp8_tensor,182.27,182.13,0.03736,1
lm_head,248320,2560,4,fp8_rowwise,231.13,231.04,0.03742,1
lm_head,248320,2560,4,fp8_triton,188.98,188.34,0.03743,1
lm_head,248320,2560,4,act_quant_fp8,3.21,3.21,,1
lm_head,248320,2560,4,fp8_marlin,204.1,203.29,0.02657,1
lm_head,248320,2560,8,bf16,357.73,357.57,0.00166,1
lm_head,248320,2560,8,fp8_tensor,183.84,183.73,0.03756,1
lm_head,248320,2560,8,fp8_rowwise,213.06,212.69,0.03749,1
lm_head,248320,2560,8,fp8_triton,191.32,191.27,0.0375,1
lm_head,248320,2560,8,act_quant_fp8,3.22,3.21,,1
lm_head,248320,2560,8,fp8_marlin,206.69,205.03,0.02659,1
lm_head,248320,2560,16,bf16,361.1,360.98,0.00166,1
lm_head,248320,2560,16,fp8_tensor,186.08,185.98,0.03749,1
lm_head,248320,2560,16,fp8_rowwise,212.26,211.43,0.03774,1
lm_head,248320,2560,16,fp8_triton,194.28,194.22,0.03776,1
lm_head,248320,2560,16,act_quant_fp8,3.44,3.43,,1
lm_head,248320,2560,16,fp8_marlin,209.75,206.05,0.02658,1
lm_head,248320,2560,32,bf16,361.12,361.08,0.00166,1
lm_head,248320,2560,32,fp8_tensor,190.21,190.14,0.03741,1
lm_head,248320,2560,32,fp8_rowwise,226.5,225.03,0.03752,1
lm_head,248320,2560,32,fp8_triton,199.74,199.41,0.03753,1
lm_head,248320,2560,32,int8_mm,198.11,196.15,0.01175,1
lm_head,248320,2560,32,act_quant_fp8,3.67,3.66,,1
lm_head,248320,2560,32,fp8_marlin,227.61,220.55,0.02657,1
lm_head,248320,2560,64,bf16,369.09,368.8,0.00166,1
lm_head,248320,2560,64,fp8_tensor,195.71,195.35,0.03746,1
lm_head,248320,2560,64,fp8_rowwise,222.54,216.83,0.03746,1
lm_head,248320,2560,64,fp8_triton,206.21,202.97,0.03747,1
lm_head,248320,2560,64,int8_mm,210.09,208.79,0.01189,1
lm_head,248320,2560,64,act_quant_fp8,3.66,3.66,,1
lm_head,248320,2560,64,fp8_marlin,309.5,304.0,0.02659,1
lm_head,248320,2560,128,bf16,397.55,394.31,0.00166,1
lm_head,248320,2560,128,fp8_tensor,207.61,202.6,0.03739,1
lm_head,248320,2560,128,fp8_rowwise,208.95,206.27,0.03751,1
lm_head,248320,2560,128,fp8_triton,387.08,386.97,0.03753,1
lm_head,248320,2560,128,int8_mm,316.35,302.72,0.01182,1
lm_head,248320,2560,128,act_quant_fp8,3.99,3.94,,1
lm_head,248320,2560,128,fp8_marlin,573.83,569.52,0.02657,1
lm_head,248320,2560,256,bf16,568.82,547.96,0.00166,1
lm_head,248320,2560,256,fp8_tensor,333.0,320.61,0.03741,1
lm_head,248320,2560,256,fp8_rowwise,345.49,327.96,0.03745,1
lm_head,248320,2560,256,fp8_triton,464.69,460.79,0.03746,1
lm_head,248320,2560,256,int8_mm,585.69,567.33,0.01191,1
lm_head,248320,2560,256,act_quant_fp8,4.29,4.27,,1
lm_head,248320,2560,256,fp8_marlin,1091.37,1089.87,0.02657,1
dflash_qkv,6144,2560,1,bf16,11.96,11.95,0.00165,17
dflash_qkv,6144,2560,1,fp8_tensor,7.59,7.58,0.03725,17
dflash_qkv,6144,2560,1,fp8_rowwise,12.17,12.14,0.03725,17
dflash_qkv,6144,2560,1,fp8_triton,9.15,9.14,0.03727,17
dflash_qkv,6144,2560,1,act_quant_fp8,1.9,1.89,,17
dflash_qkv,6144,2560,1,fp8_marlin,10.88,10.88,0.02655,17
dflash_qkv,6144,2560,2,bf16,12.22,12.21,0.00165,17
dflash_qkv,6144,2560,2,fp8_tensor,7.66,7.65,0.03713,17
dflash_qkv,6144,2560,2,fp8_rowwise,12.21,12.2,0.03744,17
dflash_qkv,6144,2560,2,fp8_triton,9.17,9.17,0.03743,17
dflash_qkv,6144,2560,2,act_quant_fp8,1.88,1.88,,17
dflash_qkv,6144,2560,2,fp8_marlin,10.87,10.86,0.02669,17
dflash_qkv,6144,2560,4,bf16,11.85,11.83,0.00168,17
dflash_qkv,6144,2560,4,fp8_tensor,7.66,7.65,0.03759,17
dflash_qkv,6144,2560,4,fp8_rowwise,11.87,11.86,0.03728,17
dflash_qkv,6144,2560,4,fp8_triton,9.16,9.15,0.0373,17
dflash_qkv,6144,2560,4,act_quant_fp8,1.88,1.88,,17
dflash_qkv,6144,2560,4,fp8_marlin,10.82,10.81,0.02647,17
dflash_qkv,6144,2560,8,bf16,11.85,11.84,0.00166,17
dflash_qkv,6144,2560,8,fp8_tensor,7.59,7.59,0.03737,17
dflash_qkv,6144,2560,8,fp8_rowwise,11.73,11.72,0.03719,17
dflash_qkv,6144,2560,8,fp8_triton,9.13,9.12,0.03722,17
dflash_qkv,6144,2560,8,act_quant_fp8,1.94,1.94,,17
dflash_qkv,6144,2560,8,fp8_marlin,10.83,10.82,0.02645,17
dflash_qkv,6144,2560,16,bf16,12.0,12.0,0.00167,17
dflash_qkv,6144,2560,16,fp8_tensor,7.67,7.67,0.03754,17
dflash_qkv,6144,2560,16,fp8_rowwise,11.6,11.6,0.03773,17
dflash_qkv,6144,2560,16,fp8_triton,9.04,9.03,0.03774,17
dflash_qkv,6144,2560,16,act_quant_fp8,1.96,1.96,,17
dflash_qkv,6144,2560,16,fp8_marlin,10.96,10.95,0.02682,17
dflash_qkv,6144,2560,32,bf16,12.24,12.24,0.00166,17
dflash_qkv,6144,2560,32,fp8_tensor,7.87,7.86,0.03741,17
dflash_qkv,6144,2560,32,fp8_rowwise,11.16,11.15,0.03748,17
dflash_qkv,6144,2560,32,fp8_triton,9.03,9.02,0.03749,17
dflash_qkv,6144,2560,32,int8_mm,8.86,8.86,0.01191,17
dflash_qkv,6144,2560,32,act_quant_fp8,1.98,1.98,,17
dflash_qkv,6144,2560,32,fp8_marlin,16.44,16.44,0.02651,17
dflash_qkv,6144,2560,64,bf16,11.63,11.62,0.00166,17
dflash_qkv,6144,2560,64,fp8_tensor,8.05,8.04,0.03741,17
dflash_qkv,6144,2560,64,fp8_rowwise,10.43,10.41,0.03743,17
dflash_qkv,6144,2560,64,fp8_triton,9.13,9.12,0.03745,17
dflash_qkv,6144,2560,64,int8_mm,8.98,8.97,0.01189,17
dflash_qkv,6144,2560,64,act_quant_fp8,2.0,2.0,,17
dflash_qkv,6144,2560,64,fp8_marlin,23.15,23.12,0.02662,17
dflash_qkv,6144,2560,128,bf16,11.85,11.85,0.00166,17
dflash_qkv,6144,2560,128,fp8_tensor,8.25,8.25,0.03742,17
dflash_qkv,6144,2560,128,fp8_rowwise,10.67,10.58,0.03744,17
dflash_qkv,6144,2560,128,fp8_triton,12.89,12.88,0.03746,17
dflash_qkv,6144,2560,128,int8_mm,11.01,11.0,0.01184,17
dflash_qkv,6144,2560,128,act_quant_fp8,2.07,2.07,,17
dflash_qkv,6144,2560,128,fp8_marlin,24.31,24.27,0.02657,17
dflash_qkv,6144,2560,256,bf16,13.81,13.8,0.00166,17
dflash_qkv,6144,2560,256,fp8_tensor,9.37,9.36,0.03747,17
dflash_qkv,6144,2560,256,fp8_rowwise,11.1,11.09,0.03745,17
dflash_qkv,6144,2560,256,fp8_triton,14.64,14.61,0.03747,17
dflash_qkv,6144,2560,256,int8_mm,18.38,18.26,0.01189,17
dflash_qkv,6144,2560,256,act_quant_fp8,2.25,2.25,,17
dflash_qkv,6144,2560,256,fp8_marlin,33.78,33.75,0.02658,17
dflash_fc,2560,12800,1,bf16,23.12,23.12,0.00169,8
dflash_fc,2560,12800,1,fp8_tensor,14.5,14.48,0.03647,8
dflash_fc,2560,12800,1,fp8_rowwise,32.76,32.76,0.0365,8
dflash_fc,2560,12800,1,fp8_triton,27.58,27.53,0.03658,8
dflash_fc,2560,12800,1,act_quant_fp8,3.64,3.64,,8
dflash_fc,2560,12800,1,fp8_marlin,19.58,19.56,0.02615,8
dflash_fc,2560,12800,2,bf16,23.59,23.58,0.00167,8
dflash_fc,2560,12800,2,fp8_tensor,14.52,14.51,0.03771,8
dflash_fc,2560,12800,2,fp8_rowwise,32.58,32.56,0.03778,8
dflash_fc,2560,12800,2,fp8_triton,27.57,27.56,0.03781,8
dflash_fc,2560,12800,2,act_quant_fp8,3.63,3.62,,8
dflash_fc,2560,12800,2,fp8_marlin,19.61,19.58,0.02631,8
dflash_fc,2560,12800,4,bf16,23.55,23.54,0.00168,8
dflash_fc,2560,12800,4,fp8_tensor,14.65,14.65,0.0376,8
dflash_fc,2560,12800,4,fp8_rowwise,32.53,32.53,0.03776,8
dflash_fc,2560,12800,4,fp8_triton,27.56,27.54,0.03792,8
dflash_fc,2560,12800,4,act_quant_fp8,3.65,3.65,,8
dflash_fc,2560,12800,4,fp8_marlin,19.62,19.6,0.02655,8
dflash_fc,2560,12800,8,bf16,23.71,23.7,0.00165,8
dflash_fc,2560,12800,8,fp8_tensor,14.66,14.65,0.03771,8
dflash_fc,2560,12800,8,fp8_rowwise,32.63,32.63,0.03816,8
dflash_fc,2560,12800,8,fp8_triton,27.5,27.5,0.03825,8
dflash_fc,2560,12800,8,act_quant_fp8,3.7,3.7,,8
dflash_fc,2560,12800,8,fp8_marlin,19.6,19.59,0.02675,8
dflash_fc,2560,12800,16,bf16,24.1,24.09,0.00165,8
dflash_fc,2560,12800,16,fp8_tensor,14.87,14.86,0.03781,8
dflash_fc,2560,12800,16,fp8_rowwise,32.68,32.63,0.03755,8
dflash_fc,2560,12800,16,fp8_triton,27.22,27.22,0.03765,8
dflash_fc,2560,12800,16,act_quant_fp8,3.74,3.74,,8
dflash_fc,2560,12800,16,fp8_marlin,20.24,20.23,0.0266,8
dflash_fc,2560,12800,32,bf16,24.5,24.49,0.00166,8
dflash_fc,2560,12800,32,fp8_tensor,15.23,15.22,0.03747,8
dflash_fc,2560,12800,32,fp8_rowwise,32.69,32.67,0.0375,8
dflash_fc,2560,12800,32,fp8_triton,26.67,26.66,0.03761,8
dflash_fc,2560,12800,32,int8_mm,28.45,28.43,0.01296,8
dflash_fc,2560,12800,32,act_quant_fp8,3.8,3.8,,8
dflash_fc,2560,12800,32,fp8_marlin,34.98,34.97,0.02655,8
dflash_fc,2560,12800,64,bf16,25.15,25.1,0.00166,8
dflash_fc,2560,12800,64,fp8_tensor,13.94,13.92,0.03744,8
dflash_fc,2560,12800,64,fp8_rowwise,32.88,32.86,0.03751,8
dflash_fc,2560,12800,64,fp8_triton,26.38,26.38,0.0376,8
dflash_fc,2560,12800,64,int8_mm,28.87,28.86,0.01318,8
dflash_fc,2560,12800,64,act_quant_fp8,3.83,3.83,,8
dflash_fc,2560,12800,64,fp8_marlin,50.94,50.93,0.02658,8
dflash_fc,2560,12800,128,bf16,28.4,28.37,0.00166,8
dflash_fc,2560,12800,128,fp8_tensor,16.89,16.79,0.03747,8
dflash_fc,2560,12800,128,fp8_rowwise,33.22,33.17,0.03746,8
dflash_fc,2560,12800,128,fp8_triton,47.57,47.55,0.03755,8
dflash_fc,2560,12800,128,int8_mm,29.15,29.02,0.01325,8
dflash_fc,2560,12800,128,act_quant_fp8,3.89,3.89,,8
dflash_fc,2560,12800,128,fp8_marlin,48.15,47.91,0.02657,8
dflash_fc,2560,12800,256,bf16,34.93,33.41,0.00166,8
dflash_fc,2560,12800,256,fp8_tensor,23.58,22.95,0.03745,8
dflash_fc,2560,12800,256,fp8_rowwise,35.48,34.54,0.0375,8
dflash_fc,2560,12800,256,fp8_triton,53.15,53.14,0.03759,8
dflash_fc,2560,12800,256,int8_mm,49.37,49.36,0.01316,8
dflash_fc,2560,12800,256,act_quant_fp8,4.6,4.59,,8
dflash_fc,2560,12800,256,fp8_marlin,65.19,63.8,0.02654,8
backbone_step_sum,,,1,bf16,2477.5,,,
backbone_step_sum,,,1,fp8_marlin,2079.2,,,
backbone_step_sum,,,1,fp8_rowwise,2555.1,,,
backbone_step_sum,,,1,fp8_tensor,1474.4,,,
backbone_step_sum,,,1,fp8_triton,2137.1,,,
backbone_step_sum,,,2,bf16,2483.2,,,
backbone_step_sum,,,2,fp8_marlin,2078.7,,,
backbone_step_sum,,,2,fp8_rowwise,2557.8,,,
backbone_step_sum,,,2,fp8_tensor,1482.8,,,
backbone_step_sum,,,2,fp8_triton,2129.4,,,
backbone_step_sum,,,4,bf16,2489.7,,,
backbone_step_sum,,,4,fp8_marlin,2077.2,,,
backbone_step_sum,,,4,fp8_rowwise,2564.4,,,
backbone_step_sum,,,4,fp8_tensor,1476.1,,,
backbone_step_sum,,,4,fp8_triton,2133.4,,,
backbone_step_sum,,,8,bf16,2509.4,,,
backbone_step_sum,,,8,fp8_marlin,2088.2,,,
backbone_step_sum,,,8,fp8_rowwise,2567.3,,,
backbone_step_sum,,,8,fp8_tensor,1483.6,,,
backbone_step_sum,,,8,fp8_triton,2137.0,,,
backbone_step_sum,,,16,bf16,2570.6,,,
backbone_step_sum,,,16,fp8_marlin,2136.0,,,
backbone_step_sum,,,16,fp8_rowwise,2558.2,,,
backbone_step_sum,,,16,fp8_tensor,1511.4,,,
backbone_step_sum,,,16,fp8_triton,2121.9,,,
backbone_step_sum,,,32,bf16,2618.8,,,
backbone_step_sum,,,32,fp8_marlin,3276.1,,,
backbone_step_sum,,,32,fp8_rowwise,2536.0,,,
backbone_step_sum,,,32,fp8_tensor,1559.3,,,
backbone_step_sum,,,32,fp8_triton,2106.5,,,
backbone_step_sum,,,64,bf16,2566.9,,,
backbone_step_sum,,,64,fp8_marlin,4647.8,,,
backbone_step_sum,,,64,fp8_rowwise,2493.7,,,
backbone_step_sum,,,64,fp8_tensor,1514.3,,,
backbone_step_sum,,,64,fp8_triton,2057.0,,,
backbone_step_sum,,,128,bf16,2781.3,,,
backbone_step_sum,,,128,fp8_marlin,4957.9,,,
backbone_step_sum,,,128,fp8_rowwise,2475.0,,,
backbone_step_sum,,,128,fp8_tensor,1694.2,,,
backbone_step_sum,,,128,fp8_triton,2907.3,,,
backbone_step_sum,,,256,bf16,3369.3,,,
backbone_step_sum,,,256,fp8_marlin,7451.8,,,
backbone_step_sum,,,256,fp8_rowwise,3071.9,,,
backbone_step_sum,,,256,fp8_tensor,2235.5,,,
backbone_step_sum,,,256,fp8_triton,3713.5,,,
