variant,batch,steps,step_span_us,replay_boundary_gap_us,class,kernels_per_step,us_per_step,us_per_kernel,gap_before_us_per_step,overlap_us_per_step
bf16,1,576,3534.8,71.3,bf16_gemm,129.0,2685.07,20.81,59.12,0.12
bf16,1,576,3534.8,71.3,norm,97.0,224.98,2.32,7.48,39.06
bf16,1,576,3534.8,71.3,other,122.0,202.28,1.66,18.95,4.54
bf16,1,576,3534.8,71.3,gdn,48.0,178.98,3.73,15.63,0.31
bf16,1,576,3534.8,71.3,attention,8.0,114.69,14.34,0.8,0.4
bf16,64,321,6330.5,97.3,bf16_gemm,129.0,3044.87,23.6,65.43,0.0
bf16,64,321,6330.5,97.3,gdn,48.0,1973.62,41.12,140.1,0.0
bf16,64,321,6330.5,97.3,attention,8.0,430.53,53.82,0.86,0.09
bf16,64,321,6330.5,97.3,norm,97.0,347.1,3.58,11.14,25.95
bf16,64,321,6330.5,97.3,other,90.0,233.55,2.59,13.29,1.13
fp8,1,594,3425.7,72.4,fp8_gemm,128.0,1403.09,10.96,51.84,0.0
fp8,1,594,3425.7,72.4,rowscale_mul,128.0,484.57,3.79,42.19,0.44
fp8,1,594,3425.7,72.4,bf16_gemm,1.0,350.16,350.16,4.79,0.0
fp8,1,594,3425.7,72.4,act_quant,128.0,252.27,1.97,45.91,0.0
fp8,1,594,3425.7,72.4,norm,97.0,214.32,2.21,24.87,2.74
fp8,1,594,3425.7,72.4,gdn,48.0,181.15,3.77,17.93,0.0
fp8,1,594,3425.7,72.4,other,90.0,152.92,1.7,20.26,3.61
fp8,1,594,3425.7,72.4,attention,8.0,113.85,14.23,0.66,0.67
fp8,64,325,6258.1,97.8,gdn,48.0,1978.02,41.21,19.87,0.0
fp8,64,325,6258.1,97.8,fp8_gemm,128.0,1747.24,13.65,59.38,0.0
fp8,64,325,6258.1,97.8,rowscale_mul,128.0,649.4,5.07,49.36,0.06
fp8,64,325,6258.1,97.8,attention,8.0,435.75,54.47,0.56,0.23
fp8,64,325,6258.1,97.8,bf16_gemm,1.0,363.9,363.9,4.63,0.0
fp8,64,325,6258.1,97.8,norm,97.0,311.26,3.21,21.91,0.87
fp8,64,325,6258.1,97.8,act_quant,128.0,285.55,2.23,56.86,0.04
fp8,64,325,6258.1,97.8,other,58.0,161.5,2.78,16.81,0.42
