drafter,domain,split,value,cycles,tau
zlab-b8,all,offset,0-511,8028,5.108744394618834
zlab-b8,all,offset,1024-1535,5684,5.0749472202674175
zlab-b8,all,offset,1536-2047,4937,4.79886570791979
zlab-b8,all,offset,2048-2559,37,6.162162162162162
zlab-b8,all,offset,512-1023,7218,5.095871432529787
zlab-b8,all,segment,answer,3794,4.514496573537164
zlab-b8,all,segment,thinking,22110,5.130393487109905
zlab-b8,chat,offset,0-511,2323,3.542402066293586
zlab-b8,chat,offset,1024-1535,1653,3.781004234724743
zlab-b8,chat,offset,1536-2047,1534,3.739895697522816
zlab-b8,chat,offset,2048-2559,9,6.222222222222222
zlab-b8,chat,offset,512-1023,2211,3.585255540479421
zlab-b8,chat,segment,answer,2141,3.1816907986922
zlab-b8,chat,segment,thinking,5589,3.82662372517445
zlab-b8,code,offset,0-511,1483,5.4612272420768715
zlab-b8,code,offset,1024-1535,264,6.553030303030303
zlab-b8,code,offset,1536-2047,100,6.58
zlab-b8,code,offset,512-1023,933,5.823151125401929
zlab-b8,code,segment,answer,950,6.153684210526316
zlab-b8,code,segment,thinking,1830,5.504918032786885
zlab-b8,math,offset,0-511,1427,5.767344078486335
zlab-b8,math,offset,1024-1535,1241,5.139403706688155
zlab-b8,math,offset,1536-2047,986,4.716024340770791
zlab-b8,math,offset,2048-2559,7,5.428571428571429
zlab-b8,math,offset,512-1023,1431,5.39412997903564
zlab-b8,math,segment,answer,288,6.204861111111111
zlab-b8,math,segment,thinking,4804,5.251457119067444
zlab-b8,math500,offset,0-511,2795,5.887298747763864
zlab-b8,math500,offset,1024-1535,2526,5.735550277117973
zlab-b8,math500,offset,1536-2047,2317,5.4583513163573585
zlab-b8,math500,offset,2048-2559,21,6.380952380952381
zlab-b8,math500,offset,512-1023,2643,5.941354521377223
zlab-b8,math500,segment,answer,415,6.465060240963855
zlab-b8,math500,segment,thinking,9887,5.739253565287751
