label,concurrency,n_sessions,y_mean,y_min,y_max,x_e2e_mean,x_e2e_min,x_e2e_max,ttft_p50_ms_mean,ttft_p50_ms_min,ttft_p50_ms_max,ttft_p99_ms_mean,ttft_p99_ms_min,ttft_p99_ms_max,prefill_batches_mean,base,divergences_per_1k_mean,foreign_cpu_mean_max
plain-tuned,32,3,6217.3981,6212.6483,6225.6249,194.4550,194.3065,194.7148,108.3741,106.4942,109.4778,114.3876,113.4100,115.9905,26.0000,,,0.5480
plain-tuned,48,3,8284.7428,8266.7688,8301.9305,172.7431,172.3674,173.1014,113.0040,112.0270,113.9676,123.1814,122.3350,124.8521,27.0000,,,0.3700
plain-tuned,64,3,9886.7891,9884.8751,9889.4634,154.6115,154.5794,154.6532,115.0625,114.8376,115.2544,158.5294,157.3349,160.0603,35.0000,,,0.3650
plain-tuned,96,3,12139.5052,12113.8594,12155.7010,126.5686,126.3009,126.7377,141.7004,138.3477,145.0159,201.2097,185.6335,209.0579,48.6667,,,0.3060
plain-tuned,128,3,13872.3823,13847.0232,13886.3957,108.4837,108.2870,108.5926,160.8406,159.7366,162.7183,245.5405,236.3421,250.9329,60.3333,,,0.3010
replayssm,32,3,5908.2942,5894.3278,5927.2637,184.7836,184.3471,185.3773,109.7398,107.5724,111.4670,115.2830,111.9299,120.5022,26.0000,,,0.3890
replayssm,48,3,8102.5855,8070.4038,8123.8473,168.9447,168.2679,169.3885,113.3905,112.3351,115.0614,127.3085,126.9960,127.8582,27.0000,,,0.4030
replayssm,64,3,9967.4211,9932.4726,9986.4556,155.8778,155.3287,156.1745,119.6606,118.1172,121.7687,173.9844,157.8782,200.0815,34.6667,,,0.6220
replayssm,96,3,12721.2054,12688.8256,12765.0214,132.6418,132.3053,133.0972,146.8263,141.3886,150.6476,203.9092,195.8601,211.3434,48.6667,,,0.3670
replayssm,128,3,15014.5504,14981.3334,15062.5578,117.4317,117.1735,117.8073,162.5841,157.4957,165.2251,259.3194,235.9334,284.0668,60.0000,,,0.6120
plain-delay,32,3,6226.2373,6215.4342,6238.3632,194.7342,194.3952,195.1097,104.8614,101.7154,107.5208,115.1367,112.3918,119.7543,27.0000,plain-tuned,0.0309,0.3540
plain-delay,48,3,8203.9326,8189.4127,8229.6142,171.0563,170.7529,171.5921,120.1345,114.5442,124.8957,147.6899,142.2504,152.1633,36.0000,plain-tuned,0.0000,0.2920
plain-delay,64,3,9801.1261,9787.2111,9828.9428,153.2710,153.0531,153.7055,136.9970,129.9227,142.3279,171.0161,161.2058,176.8844,45.0000,plain-tuned,0.0064,0.3330
plain-delay,96,3,12043.2496,12030.0976,12063.2728,125.5619,125.4246,125.7691,155.4587,148.7949,159.1281,236.4545,229.2719,241.6738,63.0000,plain-tuned,0.0145,0.2620
plain-delay,128,3,13656.3791,13523.2562,13729.2705,107.4824,107.1551,107.7136,163.3875,159.5228,166.8789,433.3321,429.6797,440.4700,82.0000,plain-tuned,1.9569,0.2460
mtp-n0,1,3,461.5052,459.0973,464.0377,466.7717,464.3258,469.3501,41.2739,40.6308,42.1516,43.1734,42.4466,44.0999,66.0000,,,0.3550
mtp-n0,8,3,2722.1969,2707.0742,2748.0385,364.8644,362.7539,368.3610,45.9765,44.9199,46.7008,77.7007,74.2044,81.5211,57.0000,,,0.4090
mtp-n0,32,3,6698.3954,6608.7139,6803.0025,226.3611,223.3853,229.8215,49.7794,48.5333,50.9042,109.4928,108.4550,110.9589,200.0000,,,0.4660
mtp-n0,48,3,8231.1365,8109.7141,8419.3934,183.0300,180.5452,186.8361,68.2836,67.1880,70.3084,141.9070,141.0048,143.6759,280.6667,,,0.3270
mtp-n0,64,3,9214.4668,9056.7297,9365.0512,155.6200,153.3776,157.8796,75.3471,73.0531,78.1354,173.9858,172.2090,177.3573,347.3333,,,0.3610
mtp-n0,96,3,10814.3200,10634.2789,10969.4404,121.2727,119.3763,123.0015,79.8851,77.4773,81.6974,211.6994,205.6139,217.3239,456.0000,,,0.2750
mtp-n0,128,3,12108.3917,11793.4733,12280.2228,101.4634,99.3038,102.6048,71.2476,70.2640,71.9218,295.5418,291.6425,298.7111,517.6667,,,0.3290
mtp-delay,1,3,458.9461,454.4853,464.3261,464.2136,459.6828,469.6785,42.8116,41.6191,43.7002,45.3446,44.3422,46.3202,66.0000,mtp-n0,0.0000,0.2870
mtp-delay,8,3,2700.0082,2678.7071,2740.9835,361.8898,359.0217,367.3936,47.0369,45.5152,47.9536,82.5655,81.3317,84.8153,57.0000,mtp-n0,0.0000,0.2190
mtp-delay,32,3,7988.5659,7964.6861,8005.7211,271.8898,270.9083,272.5795,87.4090,86.7357,88.3171,334.5103,333.3819,335.9398,80.0000,mtp-n0,2.5887,0.2580
mtp-delay,48,3,10925.6710,10831.5533,11034.7218,241.3507,239.6015,243.5981,111.2749,109.7742,113.0597,385.1422,384.0323,387.1345,77.0000,mtp-n0,2.6010,0.2550
mtp-delay,64,3,12972.9671,12935.3918,13015.7600,216.8316,215.5574,217.8705,125.7680,123.6990,128.6362,423.2325,422.1544,424.5490,74.3333,mtp-n0,2.5757,0.2750
mtp-delay,96,3,15953.3900,15828.8683,16080.0020,175.7525,174.4916,176.7709,149.5904,148.6222,150.2723,525.8727,519.8343,530.0446,81.6667,mtp-n0,1.9944,0.3130
mtp-delay,128,3,17730.4824,17639.0687,17784.5913,146.9556,146.1623,147.3973,198.4165,191.7199,206.3462,635.2472,628.9715,644.4620,81.0000,mtp-n0,1.4970,0.2750
dflash,32,3,6787.5778,6744.3135,6868.7330,235.5810,233.7337,238.2192,60.1688,57.8226,63.7781,129.2664,124.2306,134.6854,203.6667,,,0.2920
dflash,48,3,7636.4818,7536.9523,7688.9080,175.2701,173.1076,176.3672,71.4207,69.3353,73.0276,135.4764,135.1108,135.6837,281.3333,,,0.3390
dflash-delay,32,3,8175.7487,8174.8322,8177.0572,285.6296,285.5997,285.6718,100.0318,99.4620,100.5539,379.8030,378.0916,381.5342,79.0000,dflash,2.6127,0.3250
dflash-delay,48,3,9724.3040,9716.9230,9728.9208,221.7087,221.5048,221.8703,131.0467,129.6396,132.6036,463.0557,461.3118,464.3823,72.0000,dflash,2.6193,0.2980
