label,concurrency,session,y,y_steady,x_e2e,x_decode,ttft_p50_ms,ttft_p99_ms,accept_length,prefill_batches,requests,output_tokens,span_s,foreign_cpu_mean,foreign_cpu_max,y_vs_plain,x_vs_plain,base,y_vs_base,x_vs_base,identical,diverged,length_mismatch,exposure_tokens,divergences_per_1k,prefill_batches_over_16,prefill_batches_at_16,prefill_batches_of_1_or_2
dflash,32,adm-confirm-s0,6868.7330,6899.5147,238.2192,246.7580,57.8226,124.2306,4.7469,200,256,131072,19.0824,0.2790,0.8600,1.1033,1.2234,,,,,,,,,2,0,195
dflash,48,adm-confirm-s0,7683.5852,7595.8606,176.3355,181.6307,71.8992,135.1108,4.7419,279,384,196608,25.5881,0.2770,0.8400,0.9273,1.0207,,,,,,,,,4,0,263
dflash-delay,32,adm-confirm-s0,8177.0572,8444.1178,285.5997,305.7540,99.4620,378.0916,4.7295,79,256,131072,16.0292,0.2770,0.8300,1.3135,1.4668,dflash,1.1905,1.1989,69,187,0,71084,2.6307,0,2,3
dflash-delay,48,adm-confirm-s0,9728.9208,9836.0857,221.8703,238.2446,129.6396,464.3823,4.7076,72,384,196608,20.2086,0.2670,0.8400,1.1742,1.2843,dflash,1.2662,1.2582,91,293,0,106325,2.7557,0,4,2
mtp-delay,1,adm-confirm-s0,464.3261,465.3136,469.6785,487.4941,41.6191,44.3422,3.2794,66,64,32768,70.5711,0.2420,0.9100,,,mtp-n0,1.0006,1.0007,64,0,0,32768,0.0000,0,0,66
mtp-delay,8,adm-confirm-s0,2740.9835,2853.7857,367.3936,381.7024,45.5152,81.3317,3.2722,57,64,32768,11.9548,0.2190,0.6400,,,mtp-n0,0.9974,0.9974,64,0,0,32768,0.0000,0,0,54
mtp-delay,32,adm-confirm-s0,7964.6861,8369.1879,270.9083,285.9419,88.3171,335.9398,3.2602,80,256,131072,16.4566,0.2580,0.6400,1.2793,1.3913,mtp-n0,1.1708,1.1788,68,188,0,72623,2.5887,0,2,9
mtp-delay,48,adm-confirm-s0,11034.7218,11271.5734,243.5981,258.6834,109.7742,384.0323,3.2592,77,384,196608,17.8172,0.2530,0.7900,1.3318,1.4100,mtp-n0,1.3106,1.3038,103,281,0,107219,2.6208,0,4,6
mtp-delay,64,adm-confirm-s0,13015.7600,13441.6006,217.8705,232.2965,123.6990,422.1544,3.2596,74,512,262144,20.1405,0.2750,0.7500,1.3161,1.4088,mtp-n0,1.3898,1.3800,145,367,0,142454,2.5763,0,6,3
mtp-delay,96,adm-confirm-s0,16080.0020,16376.3176,176.7709,188.0360,148.6222,530.0446,3.2548,83,768,393216,24.4537,0.3130,1.2500,1.3236,1.3956,mtp-n0,1.4659,1.4371,286,482,0,231587,2.0813,0,10,6
mtp-delay,128,adm-confirm-s0,17784.5913,18171.1535,147.3072,157.7122,197.1835,628.9715,3.2559,81,1024,524288,29.4799,0.2750,0.8100,1.2844,1.3603,mtp-n0,1.4482,1.4357,487,537,0,348970,1.5388,0,35,3
mtp-n0,1,adm-confirm-s0,464.0377,465.0176,469.3501,486.6859,40.6308,42.4466,3.2794,66,64,32768,70.6150,0.3550,1.2800,,,,,,,,,,,0,0,66
mtp-n0,8,adm-confirm-s0,2748.0385,2860.5638,368.3610,382.2785,44.9199,74.2044,3.2722,57,64,32768,11.9241,0.4090,0.9800,,,,,,,,,,,0,0,54
mtp-n0,32,adm-confirm-s0,6803.0025,6989.0739,229.8215,236.3844,48.5333,109.0646,3.2603,200,256,131072,19.2668,0.4660,1.0900,1.0927,1.1803,,,,,,,,,2,0,196
mtp-n0,48,adm-confirm-s0,8419.3934,8308.7048,186.8361,192.1950,67.1880,143.6759,3.2657,278,384,196608,23.3518,0.3270,0.9100,1.0162,1.0815,,,,,,,,,3,1,269
mtp-n0,64,adm-confirm-s0,9365.0512,9353.2696,157.8796,162.3038,73.0531,172.2090,3.2622,347,512,262144,27.9917,0.3610,0.9500,0.9470,1.0209,,,,,,,,,4,0,327
mtp-n0,96,adm-confirm-s0,10969.4404,10836.3318,123.0015,125.9618,77.4773,205.6139,3.2542,458,768,393216,35.8465,0.2750,1.0500,0.9029,0.9711,,,,,,,,,5,0,416
mtp-n0,128,adm-confirm-s0,12280.2228,12106.1049,102.6048,105.0066,71.9218,298.7111,3.2569,517,1024,524288,42.6937,0.3290,0.9100,0.8868,0.9475,,,,,,,,,6,0,427
plain-delay,32,adm-confirm-s0,6215.4342,6217.5470,194.3952,202.3277,107.5208,119.7543,,27,256,131072,21.0881,0.2770,0.8400,0.9984,0.9984,plain-tuned,0.9984,0.9984,252,4,0,130057,0.0308,0,9,9
plain-delay,48,adm-confirm-s0,8189.4127,8182.2144,170.7529,177.9931,124.8957,152.1633,,36,384,196608,24.0076,0.2460,0.8600,0.9884,0.9884,plain-tuned,0.9884,0.9884,384,0,0,196608,0.0000,0,18,9
plain-delay,64,adm-confirm-s0,9787.2111,9774.2333,153.0544,159.3741,142.3279,176.8844,,45,512,262144,26.7843,0.2410,0.7500,0.9897,0.9897,plain-tuned,0.9897,0.9897,510,2,0,261287,0.0077,0,27,9
plain-delay,96,adm-confirm-s0,12030.0976,11992.1162,125.4246,130.3450,158.4531,241.6738,,63,768,393216,32.6860,0.2250,0.8300,0.9902,0.9902,plain-tuned,0.9902,0.9902,766,2,0,392508,0.0051,0,45,9
plain-delay,128,adm-confirm-s0,13523.2562,13581.8449,107.1551,111.0352,166.8789,440.4700,,84,1024,524288,38.7694,0.2460,0.7400,0.9766,0.9895,plain-tuned,0.9766,0.9895,326,698,0,308712,2.2610,0,52,3
plain-tuned,32,adm-confirm-s0,6225.6249,6226.1624,194.7148,202.6343,109.4778,113.7623,,26,256,131072,21.0536,0.5480,1.4300,1.0000,1.0000,,,,,,,,,9,0,9
plain-tuned,48,adm-confirm-s0,8285.5292,8271.7483,172.7605,178.9750,113.9676,122.3571,,27,384,196608,23.7291,0.3700,1.2700,1.0000,1.0000,,,,,,,,,17,1,9
plain-tuned,64,adm-confirm-s0,9889.4634,9875.2479,154.6532,160.2261,115.0954,157.3349,,35,512,262144,26.5074,0.3650,1.1700,1.0000,1.0000,,,,,,,,,22,1,9
plain-tuned,96,adm-confirm-s0,12148.9553,12112.6700,126.6672,130.9622,141.7376,185.6335,,48,768,393216,32.3662,0.3060,1.4800,1.0000,1.0000,,,,,,,,,33,1,9
plain-tuned,128,adm-confirm-s0,13847.0232,13794.8588,108.2870,112.0559,160.0670,249.3466,,62,1024,524288,37.8629,0.3010,1.1100,1.0000,1.0000,,,,,,,,,42,2,9
replayssm,32,adm-confirm-s0,5903.2910,5901.8824,184.6263,191.7357,110.1800,113.4170,,26,256,131072,22.2032,0.3890,1.0000,0.9482,0.9482,,,,,,,,,9,0,9
replayssm,48,adm-confirm-s0,8113.5054,8100.9443,169.1777,175.1547,112.3351,126.9960,,27,384,196608,24.2322,0.4030,0.9400,0.9792,0.9793,,,,,,,,,18,0,9
replayssm,64,adm-confirm-s0,9983.3352,9973.8928,156.1302,162.2391,121.7687,200.0815,,34,512,262144,26.2582,0.6220,1.9100,1.0095,1.0096,,,,,,,,,20,2,9
replayssm,96,adm-confirm-s0,12709.7693,12667.6342,132.5228,137.4237,148.4427,204.5242,,51,768,393216,30.9381,0.3670,1.0500,1.0462,1.0462,,,,,,,,,33,1,9
replayssm,128,adm-confirm-s0,14981.3334,14914.1512,117.1735,121.7455,165.0314,284.0668,,61,1024,524288,34.9961,0.6120,1.8700,1.0819,1.0821,,,,,,,,,40,4,9
dflash,32,adm-confirm-s1,6744.3135,6770.2469,234.7901,243.3019,63.7781,128.8833,4.7248,207,256,131072,19.4344,0.2920,0.8100,1.0856,1.2083,,,,,,,,,2,0,202
dflash,48,adm-confirm-s1,7688.9080,7578.4620,176.3672,181.5560,73.0276,135.6837,4.7515,282,384,196608,25.5703,0.3390,1.3400,0.9301,1.0232,,,,,,,,,4,0,271
dflash-delay,32,adm-confirm-s1,8174.8322,8447.5863,285.6718,305.8651,100.0796,381.5342,4.7295,79,256,131072,16.0336,0.3250,0.8300,1.3158,1.4702,dflash,1.2121,1.2167,65,191,0,72669,2.6284,0,2,3
dflash-delay,48,adm-confirm-s1,9727.0682,9830.9003,221.7510,238.1865,130.8968,461.3118,4.6977,72,384,196608,20.2125,0.2980,0.7800,1.1766,1.2865,dflash,1.2651,1.2573,110,274,0,111125,2.4657,0,4,2
mtp-delay,1,adm-confirm-s1,458.0269,459.0237,463.2795,481.2597,43.1156,45.3713,3.2794,66,64,32768,71.5417,0.2870,1.4000,,,mtp-n0,0.9977,0.9977,64,0,0,32768,0.0000,0,0,66
mtp-delay,8,adm-confirm-s1,2680.3340,2788.3354,359.2541,373.5588,47.6419,81.5494,3.2722,57,64,32768,12.2253,0.2110,0.5700,,,mtp-n0,0.9885,0.9884,64,0,0,32768,0.0000,0,0,54
mtp-delay,32,adm-confirm-s1,7995.2905,8420.5304,272.1816,287.0415,86.7357,333.3819,3.2602,80,256,131072,16.3937,0.2490,0.8200,1.2869,1.4008,mtp-n0,1.2098,1.2184,68,188,0,72623,2.5887,0,2,9
mtp-delay,48,adm-confirm-s1,10831.5533,11052.9043,239.6015,254.9475,113.0597,384.2598,3.2650,77,384,196608,18.1514,0.2550,0.7300,1.3103,1.3901,mtp-n0,1.3356,1.3271,114,270,0,106308,2.5398,0,4,6
mtp-delay,64,adm-confirm-s1,12935.3918,13291.2449,215.5574,229.5878,128.6362,424.5490,3.2641,75,512,262144,20.2656,0.2300,0.9700,1.3086,1.3945,mtp-n0,1.4283,1.4054,144,368,0,141264,2.6051,0,6,4
mtp-delay,96,adm-confirm-s1,15828.8683,16119.2375,174.4916,185.8186,150.2723,527.7393,3.2546,81,768,393216,24.8417,0.2340,1.0900,1.3067,1.3816,mtp-n0,1.4885,1.4617,306,462,0,235339,1.9631,0,10,4
mtp-delay,128,adm-confirm-s1,17639.0687,18033.2661,146.1623,156.5669,206.3462,644.4620,3.2559,81,1024,524288,29.7231,0.2070,0.7400,1.2705,1.3462,mtp-n0,1.4957,1.4719,479,545,0,348831,1.5624,0,35,3
mtp-n0,1,adm-confirm-s1,459.0973,460.1060,464.3258,481.8617,42.1516,44.0999,3.2794,66,64,32768,71.3749,0.1600,0.6800,,,,,,,,,,,0,0,66
mtp-n0,8,adm-confirm-s1,2711.4780,2822.6803,363.4782,377.5938,46.7008,77.3767,3.2722,57,64,32768,12.0849,0.1780,0.6200,,,,,,,,,,,0,0,54
mtp-n0,32,adm-confirm-s1,6608.7139,6784.1115,223.3853,229.8492,50.9042,108.4550,3.2603,200,256,131072,19.8332,0.2070,0.7300,1.0638,1.1497,,,,,,,,,2,0,196
mtp-n0,48,adm-confirm-s1,8109.7141,8016.5748,180.5452,185.6459,70.3084,141.0402,3.2680,282,384,196608,24.2435,0.1950,0.8500,0.9810,1.0474,,,,,,,,,3,0,270
mtp-n0,64,adm-confirm-s1,9056.7297,9031.8565,153.3776,157.7848,78.1354,177.3573,3.2619,347,512,262144,28.9447,0.2080,0.6600,0.9162,0.9922,,,,,,,,,4,0,329
mtp-n0,96,adm-confirm-s1,10634.2789,10468.2914,119.3763,122.3899,81.6974,217.3239,3.2558,458,768,393216,36.9763,0.2310,1.0600,0.8779,0.9452,,,,,,,,,5,0,410
mtp-n0,128,adm-confirm-s1,11793.4733,11600.4331,99.3038,101.5920,71.5570,296.2718,3.2570,531,1024,524288,44.4558,0.2020,0.7400,0.8494,0.9146,,,,,,,,,6,0,442
plain-delay,32,adm-confirm-s1,6224.9145,6225.4227,194.6978,202.3430,105.3480,112.3918,,27,256,131072,21.0560,0.3540,0.8900,1.0020,1.0020,plain-tuned,1.0020,1.0020,252,4,0,129629,0.0309,0,9,9
plain-delay,48,adm-confirm-s1,8192.7710,8182.7073,170.8239,177.8348,120.9637,148.6559,,36,384,196608,23.9977,0.2920,0.9600,0.9910,0.9910,plain-tuned,0.9910,0.9910,384,0,0,196608,0.0000,0,18,9
plain-delay,64,adm-confirm-s1,9787.2245,9773.1508,153.0531,159.3862,138.7404,174.9580,,45,512,262144,26.7843,0.3330,1.5300,0.9901,0.9901,plain-tuned,0.9901,0.9901,511,1,0,261818,0.0038,0,27,9
plain-delay,96,adm-confirm-s1,12036.3784,12002.8871,125.4921,130.3849,159.1281,238.4177,,63,768,393216,32.6690,0.2620,0.9300,0.9936,0.9936,plain-tuned,0.9936,0.9936,760,8,0,390377,0.0205,0,45,9
plain-delay,128,adm-confirm-s1,13716.6105,13665.0911,107.5785,111.1829,159.5228,429.8466,,81,1024,524288,38.2229,0.2320,0.9000,0.9880,0.9909,plain-tuned,0.9880,0.9909,419,605,0,335118,1.8053,0,55,2
plain-tuned,32,adm-confirm-s1,6212.6483,6209.5156,194.3065,202.2864,109.1502,115.9905,,26,256,131072,21.0976,0.2160,0.7000,1.0000,1.0000,,,,,,,,,9,0,9
plain-tuned,48,adm-confirm-s1,8266.7688,8258.0360,172.3674,178.5205,112.0270,124.8521,,27,384,196608,23.7829,0.2010,0.6500,1.0000,1.0000,,,,,,,,,18,0,9
plain-tuned,64,adm-confirm-s1,9884.8751,9868.7478,154.5794,160.1735,115.2544,158.1931,,35,512,262144,26.5197,0.1950,0.5500,1.0000,1.0000,,,,,,,,,21,1,9
plain-tuned,96,adm-confirm-s1,12113.8594,12076.4886,126.3009,130.6470,145.0159,209.0579,,50,768,393216,32.4600,0.1890,0.7400,1.0000,1.0000,,,,,,,,,32,2,12
plain-tuned,128,adm-confirm-s1,13883.7279,13829.6306,108.5715,112.2582,159.7366,236.3421,,59,1024,524288,37.7628,0.2050,0.7900,1.0000,1.0000,,,,,,,,,44,3,9
replayssm,32,adm-confirm-s1,5894.3278,5893.3492,184.3471,191.5973,111.4670,120.5022,,26,256,131072,22.2370,0.2130,0.7100,0.9488,0.9487,,,,,,,,,9,0,9
replayssm,48,adm-confirm-s1,8070.4038,8061.9528,168.2679,174.2922,115.0614,127.0712,,27,384,196608,24.3616,0.2170,1.1300,0.9762,0.9762,,,,,,,,,17,1,9
replayssm,64,adm-confirm-s1,9932.4726,9919.8604,155.3287,161.2107,119.0959,163.9935,,35,512,262144,26.3926,0.1850,0.6700,1.0048,1.0048,,,,,,,,,18,4,9
replayssm,96,adm-confirm-s1,12688.8256,12638.4222,132.3053,137.2252,150.6476,195.8601,,48,768,393216,30.9892,0.1930,0.8000,1.0475,1.0475,,,,,,,,,34,0,10
replayssm,128,adm-confirm-s1,14999.7601,14932.6270,117.3142,121.8010,165.2251,257.9580,,60,1024,524288,34.9531,0.1970,0.7300,1.0804,1.0805,,,,,,,,,43,2,9
dflash,32,adm-confirm-s2,6749.6870,6742.2852,233.7337,242.2472,58.9058,134.6854,4.7266,204,256,131072,19.4190,0.1410,0.5000,1.0862,1.2027,,,,,,,,,2,0,199
dflash,48,adm-confirm-s2,7536.9523,7444.4042,173.1076,178.2780,69.3353,135.6348,4.7596,283,384,196608,26.0859,0.1940,0.7300,0.9079,1.0000,,,,,,,,,4,0,272
dflash-delay,32,adm-confirm-s2,8175.3568,8441.6257,285.6174,305.6324,100.5539,379.7833,4.7295,79,256,131072,16.0326,0.0860,0.4200,1.3157,1.4697,dflash,1.2112,1.2220,72,184,0,71343,2.5791,0,2,3
dflash-delay,48,adm-confirm-s2,9716.9230,9818.5872,221.5048,237.8627,132.6036,463.4731,4.6977,72,384,196608,20.2336,0.1170,0.4500,1.1704,1.2796,dflash,1.2892,1.2796,98,286,0,108479,2.6365,0,4,2
mtp-delay,1,adm-confirm-s2,454.4853,455.4758,459.6828,477.5437,43.7002,46.3202,3.2794,66,64,32768,72.0991,0.0860,0.4100,,,mtp-n0,0.9851,0.9851,64,0,0,32768,0.0000,0,0,66
mtp-delay,8,adm-confirm-s2,2678.7071,2785.4466,359.0217,373.3987,47.9536,84.8153,3.2722,57,64,32768,12.2328,0.1360,0.3400,,,mtp-n0,0.9895,0.9897,64,0,0,32768,0.0000,0,0,54
mtp-delay,32,adm-confirm-s2,8005.7211,8433.5669,272.5795,287.4519,87.1742,334.2092,3.2602,80,256,131072,16.3723,0.1840,0.6200,1.2884,1.4026,mtp-n0,1.1978,1.2068,68,188,0,72623,2.5887,0,2,9
mtp-delay,48,adm-confirm-s2,10910.7379,11139.2112,240.8525,255.8848,110.9908,387.1345,3.2592,77,384,196608,18.0197,0.1800,0.6000,1.3142,1.3914,mtp-n0,1.3364,1.3255,102,282,0,106724,2.6423,0,4,6
mtp-delay,64,adm-confirm-s2,12967.7495,13390.4362,217.0668,231.5593,124.9689,422.9942,3.2596,74,512,262144,20.2151,0.1690,0.5900,1.3117,1.4040,mtp-n0,1.4062,1.3950,148,364,0,142979,2.5458,0,6,3
mtp-delay,96,adm-confirm-s2,15951.2997,16242.1234,175.9951,187.4649,149.8767,519.8343,3.2546,81,768,393216,24.6510,0.1670,0.7600,1.3122,1.3887,mtp-n0,1.4716,1.4492,308,460,0,237247,1.9389,0,10,4
mtp-delay,128,adm-confirm-s2,17767.7873,18174.3897,147.3973,157.4199,191.7199,632.3080,3.2552,81,1024,524288,29.5078,0.1890,0.6500,1.2795,1.3573,mtp-n0,1.4503,1.4383,524,500,0,359770,1.3898,0,36,2
mtp-n0,1,adm-confirm-s2,461.3805,462.4141,466.6393,483.8803,41.0394,42.9738,3.2794,66,64,32768,71.0216,0.0910,0.3600,,,,,,,,,,,0,0,66
mtp-n0,8,adm-confirm-s2,2707.0742,2816.2918,362.7539,376.8916,46.3087,81.5211,3.2722,57,64,32768,12.1046,0.1230,0.3600,,,,,,,,,,,0,0,54
mtp-n0,32,adm-confirm-s2,6683.4698,6863.3579,225.8764,232.4047,49.9008,110.9589,3.2603,200,256,131072,19.6114,0.1720,0.7300,1.0756,1.1623,,,,,,,,,2,0,196
mtp-n0,48,adm-confirm-s2,8164.3021,8073.0206,181.7087,186.8109,67.3543,141.0048,3.2680,282,384,196608,24.0814,0.1930,0.5600,0.9834,1.0497,,,,,,,,,3,1,270
mtp-n0,64,adm-confirm-s2,9221.6194,9193.5273,155.6028,159.9547,74.8527,172.3911,3.2585,348,512,262144,28.4271,0.1690,0.5300,0.9328,1.0065,,,,,,,,,4,0,327
mtp-n0,96,adm-confirm-s2,10839.2407,10678.7146,121.4402,124.4769,80.4807,212.1603,3.2581,452,768,393216,36.2771,0.1850,0.7300,0.8917,0.9582,,,,,,,,,5,0,401
mtp-n0,128,adm-confirm-s2,12251.4790,12065.5722,102.4816,104.8119,70.2640,291.6425,3.2582,505,1024,524288,42.7939,0.1620,0.6000,0.8823,0.9437,,,,,,,,,6,0,402
plain-delay,32,adm-confirm-s2,6238.3632,6239.4569,195.1097,202.6095,101.7154,113.2641,,27,256,131072,21.0106,0.1520,0.6500,1.0039,1.0039,plain-tuned,1.0039,1.0039,252,4,0,129480,0.0309,0,9,9
plain-delay,48,adm-confirm-s2,8229.6142,8212.8615,171.5921,178.2897,114.5442,142.2504,,36,384,196608,23.8903,0.1290,0.4200,0.9913,0.9913,plain-tuned,0.9913,0.9913,384,0,0,196608,0.0000,0,18,9
plain-delay,64,adm-confirm-s2,9828.9428,9816.0828,153.7055,159.5526,129.9227,161.2058,,45,512,262144,26.6706,0.1120,0.4700,0.9942,0.9942,plain-tuned,0.9942,0.9942,510,2,0,261616,0.0076,0,27,9
plain-delay,96,adm-confirm-s2,12063.2728,12030.6952,125.7691,130.4162,148.7949,229.2719,,63,768,393216,32.5961,0.1850,0.7100,0.9924,0.9924,plain-tuned,0.9924,0.9924,761,7,0,390806,0.0179,0,45,9
plain-delay,128,adm-confirm-s2,13729.2705,13651.6339,107.7136,111.5277,163.7607,429.6797,,81,1024,524288,38.1876,0.2170,0.7400,0.9887,0.9919,plain-tuned,0.9887,0.9919,415,609,0,337486,1.8045,0,60,4
plain-tuned,32,adm-confirm-s2,6213.9210,6214.0606,194.3436,202.0679,106.4942,113.4100,,26,256,131072,21.0933,0.1670,0.6900,1.0000,1.0000,,,,,,,,,9,0,9
plain-tuned,48,adm-confirm-s2,8301.9305,8292.9464,173.1014,179.2954,113.0173,122.3350,,27,384,196608,23.6822,0.1890,1.0700,1.0000,1.0000,,,,,,,,,17,0,9
plain-tuned,64,adm-confirm-s2,9886.0288,9870.6614,154.6019,160.2243,114.8376,160.0603,,35,512,262144,26.5166,0.1640,0.5200,1.0000,1.0000,,,,,,,,,20,5,9
plain-tuned,96,adm-confirm-s2,12155.7010,12111.6877,126.7377,131.0332,138.3477,208.9377,,48,768,393216,32.3483,0.2700,0.8200,1.0000,1.0000,,,,,,,,,33,1,10
plain-tuned,128,adm-confirm-s2,13886.3957,13827.0681,108.5926,112.3255,162.7183,250.9329,,60,1024,524288,37.7555,0.2320,0.7100,1.0000,1.0000,,,,,,,,,46,2,9
replayssm,32,adm-confirm-s2,5927.2637,5926.9493,185.3773,192.4074,107.5724,111.9299,,26,256,131072,22.1134,0.2250,0.7700,0.9539,0.9539,,,,,,,,,9,0,9
replayssm,48,adm-confirm-s2,8123.8473,8120.3182,169.3885,175.3543,112.7750,127.8582,,27,384,196608,24.2013,0.1450,0.4700,0.9785,0.9786,,,,,,,,,17,1,9
replayssm,64,adm-confirm-s2,9986.4556,9974.7396,156.1745,161.9385,118.1172,157.8782,,35,512,262144,26.2500,0.2290,0.7900,1.0102,1.0102,,,,,,,,,20,3,9
replayssm,96,adm-confirm-s2,12765.0214,12731.3780,133.0972,137.8846,141.3886,211.3434,,47,768,393216,30.8042,0.1900,0.8500,1.0501,1.0502,,,,,,,,,32,1,9
replayssm,128,adm-confirm-s2,15062.5578,14985.0731,117.8073,122.2425,157.4957,235.9334,,59,1024,524288,34.8074,0.1570,0.5400,1.0847,1.0849,,,,,,,,,42,3,9
