label,concurrency,session,y,y_steady,x_e2e,x_decode,ttft_p50_ms,ttft_p99_ms,accept_length,prefill_batches,requests,output_tokens,span_s,foreign_cpu_mean,foreign_cpu_max,y_vs_plain,x_vs_plain,base,y_vs_base,x_vs_base,identical,diverged,length_mismatch,exposure_tokens,divergences_per_1k
dflash-fold-pd,64,nat-20261002T195727Z,11761.3041,12497.9630,217.4441,230.2428,223.0549,703.7114,4.5834,45,256,390276,33.1831,0.2520,0.7900,1.4691,1.5628,,,,,,,,
dflash-fold-pd,128,nat-20261002T195727Z,13118.0684,13729.7246,119.7007,128.0053,538.0414,1809.8570,4.5785,48,512,782019,59.6139,0.2470,0.8000,1.1969,1.2636,,,,,,,,
mtp-n0,64,nat-20261002T195727Z,11087.7969,11665.3462,198.1231,200.9814,58.5765,165.0788,3.2266,181,256,390276,35.1987,0.2670,0.6900,1.3850,1.4240,,,,,,,,
mtp-n0,128,nat-20261002T195727Z,14163.0841,14473.1591,125.5296,127.2199,73.1172,288.4886,3.2174,330,512,782019,55.2153,0.2400,1.0600,1.2922,1.3252,,,,,,,,
mtp-pd,64,nat-20261002T195727Z,12388.8590,13493.3968,220.9070,231.2069,202.3850,490.7069,3.2408,51,256,390276,31.5022,0.3360,1.0200,1.5475,1.5877,mtp-n0,1.1173,1.1150,52,204,0,143269,1.4239
mtp-pd,128,nat-20261002T195727Z,16589.1643,17665.2828,146.1222,153.0563,333.6799,731.0413,3.2194,65,512,782019,47.1403,0.2580,0.8200,1.5136,1.5425,mtp-n0,1.1713,1.1640,148,364,0,310950,1.1706
plain-pd,64,nat-20261002T195727Z,8344.8134,9052.7776,145.1895,147.8330,154.7067,255.5243,,90,256,390276,46.7687,0.2790,1.3900,1.0424,1.0435,plain-tuned,1.0424,1.0435,124,132,0,231136,0.5711
plain-pd,128,nat-20261002T195727Z,11883.8157,12656.7653,102.7381,104.5909,224.2877,439.7929,,130,512,782019,65.8054,0.2770,1.0800,1.0843,1.0846,plain-tuned,1.0843,1.0846,71,441,0,226055,1.9509
plain-tuned,64,nat-20261002T195727Z,8005.6829,8562.0978,139.1344,140.3090,46.9197,160.2086,,159,256,390276,48.7499,0.2700,1.1300,1.0000,1.0000,,,,,,,,
plain-tuned,128,nat-20261002T195727Z,10960.2141,11460.6862,94.7282,95.4230,53.2605,235.2829,,308,512,782019,71.3507,0.2490,0.8200,1.0000,1.0000,,,,,,,,
replayssm,64,nat-20261002T195727Z,7929.2543,8597.2733,138.9631,140.1427,46.9669,162.9232,,159,256,390276,49.2198,0.2390,0.7600,0.9905,0.9988,,,,,,,,
replayssm,128,nat-20261002T195727Z,11542.7561,12235.6059,100.5985,101.3993,51.5254,236.3369,,303,512,782019,67.7498,0.2160,0.7000,1.0532,1.0620,,,,,,,,
