session,family,variant,graph,elapsed_s,mem_gb,avail_after_gb
check,dflash16,check,draft verify,4.4,4.19,15.07
check,dflash16,check,target prefill,17.9,3.85,24.41
check,dflash16,check,target verify,6.67,5.15,19.26
check,dflash8,check,draft verify,5.29,3.48,12.29
check,dflash8,check,target prefill,17.8,3.85,21.23
check,dflash8,check,target verify,9,5.46,15.77
check,mtp,check,draft decode,6.34,8.29,25.99
check,mtp,check,draft extend,5.35,4.89,21.1
check,mtp,check,draft prefill,1.19,0.09,34.28
check,mtp,check,target prefill,17.45,1.99,39.94
check,mtp,check,target verify,10.58,5.57,34.37
check,plain,check,target decode,6.33,3.03,42.42
check,plain,check,target prefill,17.95,1.64,45.44
s1,dflash16,cert,draft verify,4.64,5.19,11.89
s1,dflash16,cert,target prefill,18.13,3.85,23.37
s1,dflash16,cert,target verify,7.18,6.29,17.09
s1,dflash16,stock,draft verify,1.93,2.16,19.05
s1,dflash16,stock,target prefill,17.88,3.85,24.12
s1,dflash16,stock,target verify,3.99,2.91,21.21
s1,dflash8,cert,draft verify,5.42,5.09,7.93
s1,dflash8,cert,target prefill,18,3.85,20.2
s1,dflash8,cert,target verify,9.34,7.17,13.02
s1,dflash8,stock,draft verify,1.98,0.51,18.63
s1,dflash8,stock,target prefill,18.06,3.85,20.94
s1,dflash8,stock,target verify,4.9,1.8,19.14
s1,mtp,cert,draft decode,6.88,14.59,17.46
s1,mtp,cert,draft extend,5.49,6.66,10.8
s1,mtp,cert,draft prefill,1.21,0.09,32.06
s1,mtp,cert,target prefill,17.87,1.99,39.94
s1,mtp,cert,target verify,10.73,7.79,32.15
s1,mtp,stock,draft decode,1.57,0.79,38.53
s1,mtp,stock,draft extend,1.09,1.07,37.46
s1,mtp,stock,draft prefill,1.22,0.09,39.33
s1,mtp,stock,target prefill,17.79,2,40.68
s1,mtp,stock,target verify,4.75,1.26,39.42
s1,plain,cert,target decode,6.36,4.14,41.3
s1,plain,cert,target prefill,18.25,1.64,45.44
s1,plain,stock,target decode,2.6,0.38,45.69
s1,plain,stock,target prefill,17.84,1.64,46.07
s2,dflash16,cert,draft verify,4.3,5.1,11.99
s2,dflash16,cert,target prefill,18.24,3.85,23.37
s2,dflash16,cert,target verify,6.96,6.29,17.09
s2,dflash16,stock,draft verify,1.92,2.16,19.05
s2,dflash16,stock,target prefill,17.75,3.85,24.12
s2,dflash16,stock,target verify,3.92,2.91,21.21
s2,dflash8,cert,draft verify,5.47,5.27,7.74
s2,dflash8,cert,target prefill,17.99,3.85,20.2
s2,dflash8,cert,target verify,9.31,7.2,13
s2,dflash8,stock,draft verify,2,0.51,18.63
s2,dflash8,stock,target prefill,18.04,3.85,20.94
s2,dflash8,stock,target verify,4.85,1.8,19.14
s2,mtp,cert,draft decode,6.88,14.54,17.84
s2,mtp,cert,draft extend,5.48,6.45,11.39
s2,mtp,cert,draft prefill,1.2,0.09,32.38
s2,mtp,cert,target prefill,17.88,2,39.94
s2,mtp,cert,target verify,10.68,7.47,32.47
s2,mtp,stock,draft decode,1.51,0.79,38.53
s2,mtp,stock,draft extend,1.08,1.07,37.46
s2,mtp,stock,draft prefill,1.16,0.09,39.33
s2,mtp,stock,target prefill,17.68,2,40.68
s2,mtp,stock,target verify,4.66,1.26,39.42
s2,plain,cert,target decode,6.27,4.28,41.16
s2,plain,cert,target prefill,17.75,1.64,45.45
s2,plain,stock,target decode,2.6,0.38,45.7
s2,plain,stock,target prefill,17.99,1.64,46.07
s3,dflash16,cert,draft verify,4.3,5.17,11.96
s3,dflash16,cert,target prefill,17.82,3.85,23.37
s3,dflash16,cert,target verify,6.83,6.24,17.13
s3,dflash16,stock,draft verify,1.96,2.16,19.05
s3,dflash16,stock,target prefill,17.85,3.85,24.12
s3,dflash16,stock,target verify,3.94,2.91,21.21
s3,dflash8,cert,draft verify,5.44,4.86,8.07
s3,dflash8,cert,target prefill,18.02,3.85,20.19
s3,dflash8,cert,target verify,9.31,7.26,12.94
s3,dflash8,stock,draft verify,1.93,0.51,18.63
s3,dflash8,stock,target prefill,17.64,3.85,20.95
s3,dflash8,stock,target verify,4.67,1.8,19.14
s3,mtp,cert,draft decode,6.91,14.39,17.58
s3,mtp,cert,draft extend,5.5,6.61,10.97
s3,mtp,cert,draft prefill,1.19,0.09,31.97
s3,mtp,cert,target prefill,17.84,1.99,39.94
s3,mtp,cert,target verify,10.66,7.87,32.07
s3,mtp,stock,draft decode,1.51,0.79,38.53
s3,mtp,stock,draft extend,1.09,1.07,37.46
s3,mtp,stock,draft prefill,1.18,0.09,39.32
s3,mtp,stock,target prefill,17.57,2,40.67
s3,mtp,stock,target verify,4.63,1.26,39.41
s3,plain,cert,target decode,6.23,4.25,41.19
s3,plain,cert,target prefill,17.73,1.64,45.44
s3,plain,stock,target decode,2.62,0.38,45.7
s3,plain,stock,target prefill,17.79,1.64,46.08
