launch,point,k,batch_size,rows,row,gate,host_gate,valid,any_cols,any_dense,accept,predict,head_id,status,count,wrong_in_cand,readings
certring1,r0/c064,16090,19,76,49,False,False,76,False,False,4,44798 68189 7 17,,,,,5
certring1,r1/c064,17657,14,56,29,True,True,56,True,False,4,44798 68189 7 17,68189,0,7,False,
certring1,r2/c064,19221,19,76,49,False,False,76,False,False,2,44798 8078 0 0,,,,,5
certring1,r3/c064,20792,14,56,29,True,True,56,True,False,4,44798 68189 7 17,68189,0,7,False,
certring2,r0/c064,16087,14,56,29,True,True,56,True,False,4,44798 68189 7 17,68189,0,7,False,
certring2,r1/c064,17666,17,68,41,False,False,68,False,False,4,44798 68189 7 17,,,,,5
certring2,r2/c064,19231,19,76,49,False,False,76,False,False,4,44798 68189 7 17,,,,,5
certring2,r3/c064,20820,18,72,45,False,False,72,False,False,4,44798 68189 7 17,,,,,5
certring2,r4/c064,22385,16,64,37,True,True,64,True,False,4,44798 68189 7 17,68189,0,4,False,
certring2,r5/c064,23960,15,60,33,True,True,60,False,False,4,44798 68189 7 17,68189,0,6,False,
certring3,r0/c064,16098,17,68,41,False,False,68,False,False,4,44798 68189 7 17,,,,,5
certring3,r1/c064,17663,14,56,29,True,True,56,True,False,4,44798 68189 7 17,68189,0,4,False,
certring3,r2/c064,19229,16,64,37,True,True,64,False,False,4,44798 68189 7 17,68189,0,4,False,
certring3,r4/c064,22356,18,72,45,False,False,72,False,False,2,44798 5715 0 0,,,,,5
certring3,r5/c064,23935,16,64,37,True,True,64,True,False,4,44798 68189 7 17,68189,0,5,False,
certring4,r0/c064,16097,19,76,49,False,False,76,False,False,2,44798 5715 0 0,,,,,5
certring4,r1/c064,17677,15,60,33,True,True,60,True,False,4,44798 68189 7 17,68189,0,4,False,
certring4,r2/c064,19243,18,72,45,False,False,72,False,False,4,44798 68189 7 17,,,,,5
certring4,r3/c064,20829,17,68,41,False,False,68,False,False,4,44798 68189 7 17,,,,,5
certring4,r5/c064,23967,17,68,41,False,False,68,False,False,4,44798 68189 7 17,,,,,5
