pair,id,pos,tok_a,tok_b,margin_a,margin_b,ulp,cls,max_drift,max_drift_pos,len_a,len_b,length_mismatch,cycle_offset_b,prev_cycle_len_b,cycles_ok_b
concurrency 1 vs 32 (cap 16), plain,alpaca_eval-0000,6,63049,26310,0.125,0.0,0.125,tie,0.12616467475891113,1,256,256,False,,,
concurrency 1 vs 32 (cap 16), plain,alpaca_eval-0010,29,44280,975,0.125,0.0,0.125,tie,0.12185192108154297,22,256,256,False,,,
concurrency 1 vs 32 (cap 16), plain,alpaca_eval-0020,134,11840,58555,0.125,0.0625,0.0625,near,0.14254212379455566,87,256,256,False,,,
concurrency 1 vs 32 (cap 16), plain,alpaca_eval-0030,155,30835,15166,0.125,0.0,0.125,tie,0.2581362724304199,122,256,256,False,,,
concurrency 1 vs 32 (cap 16), plain,alpaca_eval-0040,8,3046,1484,0.125,0.0,0.125,tie,5.405908450484276e-05,6,256,256,False,,,
concurrency 1 vs 32 (cap 16), plain,alpaca_eval-0050,254,1151,7832,0.0,0.125,0.125,tie,0.2023334503173828,159,256,256,False,,,
concurrency 1 vs 32 (cap 16), plain,alpaca_eval-0060,125,37462,20331,0.0625,0.0,0.0625,tie,0.24185633659362793,94,256,256,False,,,
concurrency 1 vs 32 (cap 16), plain,alpaca_eval-0070,85,799,11247,0.0,0.125,0.125,tie,0.11953282356262207,16,95,95,False,,,
concurrency 1 vs 32 (cap 16), plain,alpaca_eval-0080,176,8,553,0.0,0.375,0.125,tie,0.25000429153442383,172,256,256,False,,,
concurrency 1 vs 32 (cap 16), plain,alpaca_eval-0090,184,279,328,0.0,0.125,0.125,tie,0.23708009719848633,160,256,256,False,,,
concurrency 1 vs 32 (cap 16), plain,alpaca_eval-0100,51,10919,264,0.125,0.0,0.125,tie,0.14270877838134766,39,256,256,False,,,
concurrency 1 vs 32 (cap 16), plain,alpaca_eval-0110,105,5253,4528,0.0625,0.0,0.0625,tie,0.12195110321044922,75,256,256,False,,,
concurrency 1 vs 32 (cap 16), plain,alpaca_eval-0120,41,14859,3542,0.125,0.0,0.125,tie,0.23228240013122559,33,156,174,False,,,
concurrency 1 vs 32 (cap 16), plain,alpaca_eval-0130,164,264,2414,0.0,0.125,0.125,tie,0.24969244003295898,145,256,256,False,,,
concurrency 1 vs 32 (cap 16), plain,alpaca_eval-0150,134,16629,1273,0.125,0.0,0.125,tie,0.17834138870239258,82,256,256,False,,,
concurrency 1 vs 32 (cap 16), plain,alpaca_eval-0160,33,13,421,0.0,0.125,0.125,tie,0.11905360221862793,27,256,256,False,,,
concurrency 1 vs 32 (cap 16), plain,alpaca_eval-0170,222,198,8336,0.0,0.125,0.125,tie,0.164215087890625,147,256,256,False,,,
concurrency 1 vs 32 (cap 16), plain,alpaca_eval-0180,178,14991,496,0.125,0.0,0.0625,tie,0.21011567115783691,55,256,256,False,,,
concurrency 1 vs 32 (cap 16), plain,alpaca_eval-0200,163,77505,7085,0.12500011920928955,0.0,0.125,tie,0.21863484382629395,78,256,256,False,,,
concurrency 1 vs 32 (cap 16), plain,alpaca_eval-0210,20,321,4016,0.0,0.125,0.125,tie,0.28037476539611816,14,256,256,False,,,
concurrency 1 vs 32 (cap 16), plain,alpaca_eval-0220,60,264,35101,0.06250011920928955,0.0625,0.0625,one_ulp,0.23869681358337402,42,256,256,False,,,
concurrency 1 vs 32 (cap 16), plain,alpaca_eval-0230,190,23373,12298,0.125,0.0,0.125,tie,0.12579059600830078,146,256,256,False,,,
concurrency 1 vs 32 (cap 16), plain,alpaca_eval-0240,152,488,781,0.0,0.125,0.125,tie,0.15409159660339355,83,256,256,False,,,
concurrency 1 vs 32 (cap 16), plain,alpaca_eval-0250,28,1765,1593,0.0625,0.0,0.0625,tie,0.2268378734588623,7,256,256,False,,,
concurrency 1 vs 32 (cap 16), plain,alpaca_eval-0260,78,198,271,0.0,0.125,0.125,tie,0.2301650047302246,58,256,256,False,,,
concurrency 1 vs 32 (cap 16), plain,alpaca_eval-0270,248,974,6316,0.0,0.125,0.125,tie,0.14057111740112305,109,256,256,False,,,
concurrency 1 vs 32 (cap 16), plain,alpaca_eval-0280,90,328,6286,0.0,0.125,0.125,tie,0.205794095993042,77,256,256,False,,,
concurrency 1 vs 32 (cap 16), plain,alpaca_eval-0290,109,958,3579,0.0,0.125,0.125,tie,0.12900114059448242,98,256,256,False,,,
concurrency 1 vs 32 (cap 16), plain,alpaca_eval-0300,136,271,198,0.125,0.0,0.125,tie,0.1832294464111328,51,256,256,False,,,
concurrency 1 vs 32 (cap 16), plain,alpaca_eval-0320,31,25,5469,0.0,0.125,0.125,tie,0.12121033668518066,12,256,256,False,,,
concurrency 1 vs 32 (cap 16), plain,alpaca_eval-0330,5,303,7141,0.0,0.125,0.125,tie,0.1204981803894043,2,256,256,False,,,
concurrency 1 vs 32 (cap 16), plain,alpaca_eval-0340,111,4650,68,0.125,0.125,0.125,one_ulp,0.24140644073486328,42,188,205,False,,,
concurrency 1 vs 32 (cap 16), plain,alpaca_eval-0350,250,3096,35408,0.0,0.125,0.125,tie,0.17420339584350586,167,256,256,False,,,
concurrency 1 vs 32 (cap 16), plain,alpaca_eval-0360,113,17,18,0.0,0.125,0.125,tie,0.23490619659423828,53,256,256,False,,,
concurrency 1 vs 32 (cap 16), plain,alpaca_eval-0380,146,12001,44739,0.0,0.125,0.125,tie,0.23207616806030273,134,256,256,False,,,
concurrency 1 vs 32 (cap 16), plain,alpaca_eval-0390,3,10,220,0.0,0.0625,0.0625,tie,0.0006865113973617554,1,256,256,False,,,
concurrency 1 vs 32 (cap 16), plain,alpaca_eval-0400,236,1048,23197,0.0,0.125,0.125,tie,0.24131059646606445,48,256,256,False,,,
concurrency 1 vs 32 (cap 16), plain,alpaca_eval-0420,9,2972,1817,0.125,0.0,0.125,tie,0.1765584945678711,6,202,256,False,,,
concurrency 1 vs 32 (cap 16), plain,alpaca_eval-0430,119,4213,1061,0.125,0.0,0.125,tie,0.1388711929321289,95,256,256,False,,,
concurrency 1 vs 32 (cap 16), plain,alpaca_eval-0440,162,5190,5471,0.0,0.125,0.125,tie,0.1952517032623291,80,256,256,False,,,
concurrency 1 vs 32 (cap 16), plain,alpaca_eval-0450,231,3376,321,0.12500005960464478,0.0,0.125,tie,0.21229076385498047,109,256,256,False,,,
concurrency 1 vs 32 (cap 16), plain,alpaca_eval-0460,34,63,70157,0.125,0.125,0.0625,near,0.1239011287689209,32,256,256,False,,,
concurrency 1 vs 32 (cap 16), plain,alpaca_eval-0480,107,1879,7497,0.0,0.125,0.125,tie,0.20697784423828125,68,256,256,False,,,
concurrency 1 vs 32 (cap 16), plain,alpaca_eval-0500,94,13441,2100,0.125,0.0,0.125,tie,0.12131595611572266,91,256,256,False,,,
concurrency 1 vs 32 (cap 16), plain,alpaca_eval-0510,115,33,47,0.0,0.125,0.0625,tie,0.19957518577575684,72,167,164,False,,,
concurrency 1 vs 32 (cap 16), plain,alpaca_eval-0520,125,760,88433,0.0,0.0625,0.0625,tie,0.1942213773727417,104,256,256,False,,,
concurrency 1 vs 32 (cap 16), plain,alpaca_eval-0530,161,2647,854,0.125,0.0,0.125,tie,0.22325611114501953,108,256,256,False,,,
concurrency 1 vs 32 (cap 16), plain,alpaca_eval-0550,22,3286,24865,0.0,0.125,0.125,tie,0.12278342247009277,21,256,256,False,,,
concurrency 1 vs 32 (cap 16), plain,alpaca_eval-0570,186,411,279,0.125,0.0,0.125,tie,0.22555160522460938,22,256,256,False,,,
concurrency 1 vs 32 (cap 16), plain,alpaca_eval-0580,96,321,10340,0.0,0.125,0.125,tie,0.12379193305969238,41,256,256,False,,,
concurrency 1 vs 32 (cap 16), plain,alpaca_eval-0590,211,16045,24385,0.0,0.125,0.125,tie,0.2232668399810791,103,256,256,False,,,
concurrency 1 vs 32 (cap 16), plain,cnn_dailymail-0001,34,11,13,0.0,0.125,0.125,tie,0.12151861190795898,9,125,105,False,,,
concurrency 1 vs 32 (cap 16), plain,cnn_dailymail-0002,150,2599,30284,0.0,0.125,0.125,tie,0.14353322982788086,74,256,256,False,,,
concurrency 1 vs 32 (cap 16), plain,cnn_dailymail-0003,43,4097,7106,0.0,0.125,0.125,tie,0.13913774490356445,24,112,108,False,,,
concurrency 1 vs 32 (cap 16), plain,cnn_dailymail-0004,47,11,314,0.0,0.125,0.125,tie,0.1209254264831543,19,97,93,False,,,
concurrency 1 vs 32 (cap 16), plain,cnn_dailymail-0006,82,13211,65844,0.0,0.125,0.125,tie,0.12151288986206055,12,115,114,False,,,
concurrency 1 vs 32 (cap 16), plain,cnn_dailymail-0009,39,5879,31511,0.0,0.125,0.125,tie,0.12111544609069824,27,80,84,False,,,
concurrency 1 vs 32 (cap 16), plain,cnn_dailymail-0010,22,13064,30957,0.0,0.125,0.125,tie,0.11616158485412598,21,79,79,False,,,
concurrency 1 vs 32 (cap 16), plain,cnn_dailymail-0012,88,19060,38334,0.0,0.125,0.125,tie,0.13617491722106934,32,98,97,False,,,
concurrency 1 vs 32 (cap 16), plain,cnn_dailymail-0013,37,561,5788,0.125,0.125,0.125,one_ulp,0.21918725967407227,21,121,145,False,,,
concurrency 1 vs 32 (cap 16), plain,cnn_dailymail-0014,49,64777,1208,0.125,0.0,0.125,tie,0.2441694736480713,45,256,256,False,,,
concurrency 1 vs 32 (cap 16), plain,cnn_dailymail-0016,86,303,13,0.125,0.0,0.125,tie,0.21010875701904297,67,126,119,False,,,
concurrency 1 vs 32 (cap 16), plain,cnn_dailymail-0017,68,1027,279,0.125,0.0,0.125,tie,0.19892895221710205,46,256,256,False,,,
concurrency 1 vs 32 (cap 16), plain,cnn_dailymail-0018,91,279,264,0.125,0.0,0.125,tie,0.24038910865783691,85,111,111,False,,,
concurrency 1 vs 32 (cap 16), plain,cnn_dailymail-0019,52,3372,8855,0.0,0.125,0.125,tie,0.13854551315307617,42,102,104,False,,,
concurrency 1 vs 32 (cap 16), plain,cnn_dailymail-0020,46,4400,3543,0.25,0.0,0.25,tie,0.0010267049074172974,33,256,256,False,,,
concurrency 1 vs 32 (cap 16), plain,cnn_dailymail-0021,46,2582,8953,0.0,0.25,0.0625,tie,0.15891742706298828,45,118,122,False,,,
concurrency 1 vs 32 (cap 16), plain,cnn_dailymail-0024,22,5732,2785,0.125,0.0,0.125,tie,0.1256401538848877,7,107,113,False,,,
concurrency 1 vs 32 (cap 16), plain,cnn_dailymail-0025,86,18966,7309,0.125,0.0,0.125,tie,0.21637654304504395,5,116,109,False,,,
concurrency 1 vs 32 (cap 16), plain,cnn_dailymail-0026,226,45482,48401,0.0,0.125,0.125,tie,0.21860551834106445,33,256,256,False,,,
concurrency 1 vs 32 (cap 16), plain,cnn_dailymail-0028,54,43001,328,0.125,0.0,0.125,tie,0.13333415985107422,42,114,111,False,,,
concurrency 1 vs 32 (cap 16), plain,cnn_dailymail-0029,152,8897,279,0.125,0.0,0.125,tie,0.24331068992614746,41,256,256,False,,,
concurrency 1 vs 32 (cap 16), plain,cnn_dailymail-0031,89,16679,1602,0.125,0.0,0.125,tie,0.17488574981689453,35,132,133,False,,,
concurrency 1 vs 32 (cap 16), plain,cnn_dailymail-0034,36,17942,9422,0.125,0.0,0.125,tie,0.14691400527954102,21,110,112,False,,,
concurrency 1 vs 32 (cap 16), plain,cnn_dailymail-0035,214,318,13,0.125,0.0,0.125,tie,0.22326421737670898,80,256,256,False,,,
concurrency 1 vs 32 (cap 16), plain,cnn_dailymail-0037,4,303,424,0.0,0.125,0.125,tie,0.12523221969604492,3,137,114,False,,,
concurrency 1 vs 32 (cap 16), plain,cnn_dailymail-0038,254,279,1254,0.0,0.125,0.125,tie,0.1278245449066162,171,256,256,False,,,
concurrency 1 vs 32 (cap 16), plain,cnn_dailymail-0039,53,310,303,0.125,0.0,0.125,tie,0.21275770664215088,47,166,151,False,,,
concurrency 1 vs 32 (cap 16), plain,gsm8k-0006,194,188144,15875,0.125,0.0,0.125,tie,0.23873895406723022,13,256,256,False,,,
concurrency 1 vs 32 (cap 16), plain,gsm8k-0007,123,1331,4003,0.0,0.12500011920928955,0.125,tie,0.20593535900115967,45,256,256,False,,,
concurrency 1 vs 32 (cap 16), plain,gsm8k-0009,146,458,27858,0.0,0.125,0.125,tie,0.24170827865600586,35,256,256,False,,,
concurrency 1 vs 32 (cap 16), plain,gsm8k-0011,61,506,13,0.125,0.0,0.125,tie,0.24061083793640137,51,256,256,False,,,
concurrency 1 vs 32 (cap 16), plain,gsm8k-0012,,,,,,,,0.6860885620117188,67,256,256,False,,,
concurrency 1 vs 32 (cap 16), plain,gsm8k-0015,44,31187,4997,0.125,0.125,0.125,one_ulp,0.3595924377441406,15,256,256,False,,,
concurrency 1 vs 32 (cap 16), plain,gsm8k-0020,113,2989,220,0.125,0.0,0.125,tie,0.14613723754882812,51,256,256,False,,,
concurrency 1 vs 32 (cap 16), plain,gsm8k-0021,94,948,506,0.125,0.0,0.125,tie,0.14823603630065918,81,168,166,False,,,
concurrency 1 vs 32 (cap 16), plain,gsm8k-0026,2,264,821,0.0,0.25,0.125,tie,0.1118471622467041,0,256,256,False,,,
concurrency 1 vs 32 (cap 16), plain,gsm8k-0031,7,1144,1118,0.125,0.0,0.125,tie,0.12003159523010254,4,256,256,False,,,
concurrency 1 vs 32 (cap 16), plain,gsm8k-0036,26,159029,364,0.125,0.0,0.125,tie,0.07964169979095459,17,245,239,False,,,
concurrency 1 vs 32 (cap 16), plain,gsm8k-0037,47,1088,16,0.125,0.0,0.125,tie,0.1225733757019043,24,256,256,False,,,
concurrency 1 vs 32 (cap 16), plain,gsm8k-0040,44,1088,16257,0.125,0.125,0.125,one_ulp,0.16193604469299316,8,221,212,False,,,
concurrency 1 vs 32 (cap 16), plain,gsm8k-0042,94,1238,506,0.125,0.0,0.125,tie,0.23092198371887207,0,201,199,False,,,
concurrency 1 vs 32 (cap 16), plain,gsm8k-0044,64,3520,283,0.125,0.0,0.125,tie,0.11931157112121582,26,256,256,False,,,
concurrency 1 vs 32 (cap 16), plain,gsm8k-0047,244,387,393,0.0,0.125,0.125,tie,0.22919631004333496,167,256,256,False,,,
concurrency 1 vs 32 (cap 16), plain,gsm8k-0049,16,13,303,0.0,0.125,0.125,tie,5.960441740171518e-07,15,256,256,False,,,
concurrency 1 vs 32 (cap 16), plain,gsm8k-0051,12,8105,29694,0.0,0.125,0.125,tie,0.12142753601074219,9,256,256,False,,,
concurrency 1 vs 32 (cap 16), plain,gsm8k-0052,141,279,411,0.0,0.125,0.125,tie,0.1199944019317627,110,256,256,False,,,
concurrency 1 vs 32 (cap 16), plain,gsm8k-0053,74,393,56014,0.0,0.125,0.125,tie,0.12284493446350098,44,256,256,False,,,
concurrency 1 vs 32 (cap 16), plain,gsm8k-0054,194,53019,2902,0.125,0.0,0.125,tie,0.208038330078125,25,256,256,False,,,
concurrency 1 vs 32 (cap 16), plain,gsm8k-0060,0,1206,8160,0.125,0.125,0.125,one_ulp,0.0,,256,256,False,,,
concurrency 1 vs 32 (cap 16), plain,gsm8k-0061,100,10737,14418,0.0,0.125,0.125,tie,0.15561914443969727,45,256,256,False,,,
concurrency 1 vs 32 (cap 16), plain,gsm8k-0065,190,17239,5122,0.125,0.0,0.125,tie,0.22781896591186523,64,256,256,False,,,
concurrency 1 vs 32 (cap 16), plain,gsm8k-0066,235,279,264,0.125,0.0,0.125,tie,0.2396221160888672,79,256,256,False,,,
concurrency 1 vs 32 (cap 16), plain,gsm8k-0068,31,4007,279,0.125,0.0,0.125,tie,0.12020683288574219,30,256,256,False,,,
concurrency 1 vs 32 (cap 16), plain,gsm8k-0070,140,7483,279,0.125,0.0,0.125,tie,0.12282896041870117,29,256,256,False,,,
concurrency 1 vs 32 (cap 16), plain,gsm8k-0074,27,38663,12646,0.125,0.0,0.125,tie,0.07594496011734009,17,256,256,False,,,
concurrency 1 vs 32 (cap 16), plain,gsm8k-0076,53,9,13682,0.0,0.125,0.125,tie,0.22251629829406738,48,256,256,False,,,
concurrency 1 vs 32 (cap 16), plain,humaneval-0002,114,733,271,0.125,0.0,0.125,tie,0.24547576904296875,95,256,256,False,,,
concurrency 1 vs 32 (cap 16), plain,humaneval-0005,204,1031,1726,0.0,0.125,0.125,tie,0.12212419509887695,151,256,256,False,,,
concurrency 1 vs 32 (cap 16), plain,humaneval-0008,77,1445,727,0.125,0.0,0.125,tie,0.12261223793029785,66,256,256,False,,,
concurrency 1 vs 32 (cap 16), plain,humaneval-0011,222,1179,5335,0.0,0.125,0.125,tie,0.23911476135253906,14,256,256,False,,,
concurrency 1 vs 32 (cap 16), plain,humaneval-0014,240,271,198,0.125,0.0,0.125,tie,0.21382832527160645,84,256,256,False,,,
concurrency 1 vs 32 (cap 16), plain,humaneval-0020,89,1906,10300,0.0,0.125,0.125,tie,0.11870598793029785,42,256,256,False,,,
concurrency 1 vs 32 (cap 16), plain,humaneval-0021,200,87,2334,0.0,0.125,0.125,tie,0.11381006240844727,129,221,221,False,,,
concurrency 1 vs 32 (cap 16), plain,humaneval-0026,52,1204,279,0.125,0.0,0.125,tie,0.20802807807922363,12,256,256,False,,,
concurrency 1 vs 32 (cap 16), plain,humaneval-0032,138,561,1049,0.0,0.125,0.125,tie,0.14028000831604004,40,256,256,False,,,
concurrency 1 vs 32 (cap 16), plain,humaneval-0038,26,579,728,0.0,0.125,0.125,tie,0.11881756782531738,14,256,256,False,,,
concurrency 1 vs 32 (cap 16), plain,humaneval-0047,115,3165,11319,0.0,0.125,0.125,tie,0.12243366241455078,82,256,256,False,,,
concurrency 1 vs 32 (cap 16), plain,humaneval-0056,131,1,763,0.0,0.125,0.125,tie,0.22821259498596191,123,256,256,False,,,
concurrency 1 vs 32 (cap 16), plain,mt_bench-0000,72,279,5028,0.0,0.12500005960464478,0.125,tie,0.19319379329681396,26,256,256,False,,,
concurrency 1 vs 32 (cap 16), plain,mt_bench-0002,21,449,264,0.125,0.0,0.125,tie,0.36849021911621094,17,256,256,False,,,
concurrency 1 vs 32 (cap 16), plain,mt_bench-0003,167,383,466,0.0,0.125,0.125,tie,0.15077495574951172,158,256,256,False,,,
concurrency 1 vs 32 (cap 16), plain,mt_bench-0004,152,84563,11319,0.25,0.0,0.125,tie,0.17232656478881836,118,231,238,False,,,
concurrency 1 vs 32 (cap 16), plain,mt_bench-0005,97,33367,37728,0.0,0.0625,0.0625,tie,0.15455597639083862,87,256,256,False,,,
concurrency 1 vs 32 (cap 16), plain,mt_bench-0006,32,10708,1016,0.0625,0.0,0.0625,tie,0.19284725189208984,21,256,256,False,,,
concurrency 1 vs 32 (cap 16), plain,mt_bench-0007,13,3413,15920,0.0,0.0625,0.0625,tie,0.05998659133911133,10,204,192,False,,,
concurrency 1 vs 32 (cap 16), plain,mt_bench-0009,86,321,11,0.125,0.0,0.125,tie,0.12269783020019531,19,256,256,False,,,
concurrency 1 vs 32 (cap 16), plain,mt_bench-0010,41,264,15327,0.0,0.125,0.125,tie,0.1262068748474121,39,254,256,False,,,
concurrency 1 vs 32 (cap 16), plain,mt_bench-0011,151,82868,3428,0.0625,0.0,0.0625,tie,0.13703012466430664,94,256,256,False,,,
concurrency 1 vs 32 (cap 16), plain,mt_bench-0012,28,7139,33404,0.125,0.125,0.125,one_ulp,0.18676114082336426,18,256,256,False,,,
concurrency 1 vs 32 (cap 16), plain,mt_bench-0014,178,11,9306,0.0,0.06249988079071045,0.0625,tie,0.19124245643615723,22,256,256,False,,,
concurrency 1 vs 32 (cap 16), plain,mt_bench-0015,94,13,539,0.125,0.125,0.125,one_ulp,0.19137072563171387,9,256,256,False,,,
concurrency 1 vs 32 (cap 16), plain,mt_bench-0017,87,3158,1764,0.125,0.0,0.125,tie,0.1911640167236328,38,256,256,False,,,
concurrency 1 vs 32 (cap 16), plain,mt_bench-0018,73,1442,2166,0.0,0.125,0.125,tie,0.12199544906616211,67,132,141,False,,,
concurrency 1 vs 32 (cap 16), plain,mt_bench-0022,197,28187,318,0.125,0.0,0.125,tie,0.23960614204406738,149,256,243,False,,,
concurrency 1 vs 32 (cap 16), plain,mt_bench-0023,136,1368,1987,0.0,0.125,0.125,tie,0.23300695419311523,79,256,256,False,,,
concurrency 1 vs 32 (cap 16), plain,mt_bench-0024,191,303,1902,0.0,0.25,0.25,tie,0.24170851707458496,110,256,256,False,,,
concurrency 1 vs 32 (cap 16), plain,mt_bench-0025,187,1149,1,0.125,0.0,0.125,tie,0.1226189136505127,143,256,256,False,,,
concurrency 1 vs 32 (cap 16), plain,mt_bench-0026,212,198,3130,0.0,0.125,0.125,tie,0.23382186889648438,17,256,256,False,,,
concurrency 1 vs 32 (cap 16), plain,mt_bench-0028,93,22426,2972,0.125,0.0,0.125,tie,0.12972474098205566,91,256,256,False,,,
concurrency 1 vs 32 (cap 16), plain,mt_bench-0029,123,310,13,0.125,0.0,0.125,tie,0.1257646083831787,106,256,256,False,,,
concurrency 1 vs 32 (cap 16), plain,mt_bench-0034,241,2222,1118,0.125,0.0,0.125,tie,0.24490761756896973,222,256,256,False,,,
concurrency 1 vs 32 (cap 16), plain,mt_bench-0036,39,733,47246,0.0,0.125,0.125,tie,0.23909282684326172,27,256,256,False,,,
concurrency 1 vs 32 (cap 16), plain,mt_bench-0039,143,279,26782,0.0,0.125,0.125,tie,0.14223551750183105,45,256,256,False,,,
concurrency 1 vs 32 (cap 16), plain,mt_bench-0040,21,279,27690,0.0,0.125,0.125,tie,0.15879905223846436,20,256,256,False,,,
concurrency 1 vs 32 (cap 16), plain,mt_bench-0041,215,16,15,0.125,0.0,0.125,tie,0.13295412063598633,198,256,256,False,,,
concurrency 1 vs 32 (cap 16), plain,mt_bench-0042,128,2081,3779,0.0,0.125,0.125,tie,0.1212167739868164,39,256,256,False,,,
concurrency 1 vs 32 (cap 16), plain,mt_bench-0045,67,10539,8882,0.125,0.0,0.125,tie,0.23864269256591797,49,256,256,False,,,
concurrency 1 vs 32 (cap 16), plain,mt_bench-0047,40,7620,1,0.125,0.0,0.0625,tie,0.14623379707336426,30,256,256,False,,,
concurrency 1 vs 32 (cap 16), plain,mt_bench-0048,49,580,488,0.125,0.0,0.125,tie,0.17023038864135742,46,256,256,False,,,
concurrency 1 vs 32 (cap 16), plain,mt_bench-0049,24,466,11,0.125,0.125,0.125,one_ulp,0.12251710891723633,4,256,256,False,,,
concurrency 1 vs 32 (cap 16), plain,mt_bench-0053,33,795,1103,0.0,0.125,0.125,tie,0.11788344383239746,22,256,256,False,,,
concurrency 1 vs 32 (cap 16), plain,mt_bench-0056,87,5219,14318,0.125,0.125,0.125,one_ulp,0.24349284172058105,79,256,256,False,,,
concurrency 1 vs 32 (cap 16), plain,mt_bench-0059,84,42794,2791,0.125,0.0,0.125,tie,0.1226499080657959,26,256,256,False,,,
concurrency 1 vs 32 (cap 16), plain,mt_bench-0061,82,5529,1902,0.125,0.0,0.125,tie,0.23105692863464355,46,256,256,False,,,
concurrency 1 vs 32 (cap 16), plain,mt_bench-0063,57,314,33448,0.0,0.125,0.125,tie,0.18419098854064941,37,256,256,False,,,
concurrency 1 vs 32 (cap 16), plain,mt_bench-0066,104,93868,332,0.125,0.0,0.125,tie,0.24266362190246582,61,256,256,False,,,
concurrency 1 vs 32 (cap 16), plain,mt_bench-0067,37,36515,2790,0.125,0.0,0.125,tie,0.2139667272567749,27,256,256,False,,,
concurrency 1 vs 32 (cap 16), plain,mt_bench-0068,153,283,478,0.0,0.125,0.125,tie,0.23777985572814941,96,256,256,False,,,
concurrency 1 vs 32 (cap 16), plain,mt_bench-0069,234,21846,27402,0.125,0.12500005960464478,0.125,one_ulp,0.1977701187133789,149,256,256,False,,,
concurrency 1 vs 32 (cap 16), plain,mt_bench-0071,34,28604,2950,0.125,0.0,0.125,tie,0.12250280380249023,29,256,256,False,,,
concurrency 1 vs 32 (cap 16), plain,mt_bench-0072,201,28069,2981,0.125,0.125,0.125,one_ulp,0.23592686653137207,86,256,256,False,,,
concurrency 1 vs 32 (cap 16), plain,mt_bench-0073,208,12387,20513,0.0625,0.0625,0.0625,one_ulp,0.3686201572418213,55,256,256,False,,,
concurrency 1 vs 32 (cap 16), plain,mt_bench-0074,192,1829,7258,0.0,0.125,0.125,tie,0.18593478202819824,109,256,256,False,,,
concurrency 1 vs 32 (cap 16), plain,mt_bench-0075,171,2574,348,0.125,0.0,0.125,tie,0.22327446937561035,12,256,256,False,,,
concurrency 1 vs 32 (cap 16), plain,mt_bench-0077,86,74316,36009,0.125,0.0,0.125,tie,0.1334068775177002,69,256,256,False,,,
concurrency 1 vs 32 (cap 16), plain,mt_bench-0078,183,41928,4101,0.125,0.0,0.125,tie,0.19727063179016113,88,256,256,False,,,
concurrency 1 vs 32 (cap 16), plain,mt_bench-0079,199,2222,321,0.125,0.125,0.125,one_ulp,0.2064054012298584,54,256,256,False,,,
deterministic, mtp_s3 c1 vs c8 (8-prompt validation),gsm8k-0002,29,17704,279,0.125,0.0,0.125,tie,0.1631374955177307,9,128,128,False,0,4,True
deterministic, mtp_s3 c1 vs c8 (8-prompt validation),gsm8k-0007,123,1331,4003,0.0,0.125,0.125,tie,0.21187233924865723,87,128,128,False,1,4,True
deterministic + verify KV split patch, mtp_s3 c1 vs c32 (96 prompts),gsm8k-0002,29,17704,279,0.125,0.0,0.125,tie,0.1631374955177307,9,256,256,False,0,4,True
deterministic + verify KV split patch, mtp_s3 c1 vs c32 (96 prompts),gsm8k-0004,39,220,2250,0.0,0.125,0.125,tie,0.12205266952514648,25,256,256,False,0,4,True
deterministic + verify KV split patch, mtp_s3 c1 vs c32 (96 prompts),gsm8k-0010,155,9,16,0.0,0.125,0.125,tie,0.14813566207885742,12,256,256,False,3,3,True
deterministic + verify KV split patch, mtp_s3 c1 vs c32 (96 prompts),gsm8k-0011,26,1421,38663,0.0,0.12499994039535522,0.125,tie,0.09245944023132324,8,256,256,False,1,4,True
deterministic + verify KV split patch, mtp_s3 c1 vs c32 (96 prompts),gsm8k-0012,109,393,56014,0.0,0.125,0.125,tie,0.2038402557373047,85,256,256,False,0,2,True
deterministic + verify KV split patch, mtp_s3 c1 vs c32 (96 prompts),gsm8k-0017,180,1007,1936,0.0,0.125,0.125,tie,0.17929863929748535,117,256,256,False,1,4,True
deterministic + verify KV split patch, mtp_s3 c1 vs c32 (96 prompts),gsm8k-0020,102,1070,279,0.12499994039535522,0.0,0.125,tie,0.12260794639587402,2,256,256,False,1,2,True
deterministic + verify KV split patch, mtp_s3 c1 vs c32 (96 prompts),gsm8k-0031,7,1118,1144,0.0,0.125,0.125,tie,0.12006664276123047,4,256,256,False,2,4,True
deterministic + verify KV split patch, mtp_s3 c1 vs c32 (96 prompts),gsm8k-0032,79,791,7157,0.0,0.125,0.125,tie,0.14648878574371338,74,256,256,False,1,3,True
deterministic + verify KV split patch, mtp_s3 c1 vs c32 (96 prompts),gsm8k-0036,102,506,13,0.125,0.0,0.125,tie,0.18865954875946045,12,239,236,False,0,4,True
deterministic + verify KV split patch, mtp_s3 c1 vs c32 (96 prompts),gsm8k-0037,47,16,1088,0.0,0.125,0.125,tie,0.1217496395111084,28,256,256,False,0,3,True
deterministic + verify KV split patch, mtp_s3 c1 vs c32 (96 prompts),gsm8k-0038,85,321,1764,0.0,0.12500005960464478,0.125,tie,0.3275878429412842,2,256,256,False,3,4,True
deterministic + verify KV split patch, mtp_s3 c1 vs c32 (96 prompts),gsm8k-0040,43,9,13682,0.0,0.125,0.125,tie,0.12111091613769531,13,208,212,False,3,4,True
deterministic + verify KV split patch, mtp_s3 c1 vs c32 (96 prompts),gsm8k-0051,39,2261,310,0.125,0.0,0.125,tie,0.2263779640197754,13,256,256,False,1,2,True
deterministic + verify KV split patch, mtp_s3 c1 vs c32 (96 prompts),gsm8k-0056,75,25,364,0.0,0.125,0.125,tie,0.16274237632751465,8,256,256,False,0,4,True
deterministic + verify KV split patch, mtp_s3 c1 vs c32 (96 prompts),gsm8k-0060,174,220,1088,0.0,0.125,0.125,tie,0.21191692352294922,43,256,256,False,3,4,True
deterministic + verify KV split patch, mtp_s3 c1 vs c32 (96 prompts),gsm8k-0061,22,11,2695,0.0,0.125,0.125,tie,0.14268040657043457,15,256,256,False,3,2,True
deterministic + verify KV split patch, mtp_s3 c1 vs c32 (96 prompts),gsm8k-0062,57,449,393,0.125,0.0,0.125,tie,0.2454853057861328,2,256,256,False,2,4,True
deterministic + verify KV split patch, mtp_s3 c1 vs c32 (96 prompts),gsm8k-0065,190,17239,5122,0.125,0.0,0.125,tie,0.2286829948425293,184,256,256,False,1,4,True
deterministic + verify KV split patch, mtp_s3 c1 vs c32 (96 prompts),gsm8k-0067,17,13,25,0.0,0.25,0.25,tie,0.12062692642211914,14,256,256,False,0,4,True
deterministic + verify KV split patch, mtp_s3 c1 vs c32 (96 prompts),gsm8k-0069,127,2702,3377,0.0,0.125,0.125,tie,0.12260699272155762,25,241,256,False,0,4,True
deterministic + verify KV split patch, mtp_s3 c1 vs c32 (96 prompts),gsm8k-0070,15,25,13,0.125,0.0,0.125,tie,0.09358525276184082,8,256,256,False,1,1,True
deterministic + verify KV split patch, mtp_s3 c1 vs c32 (96 prompts),gsm8k-0076,40,760,32,0.125,0.0,0.125,tie,0.23811674118041992,9,256,256,False,3,4,True
deterministic + verify KV split patch, mtp_s3 c1 vs c32 (96 prompts),gsm8k-0079,85,1590,553,0.125,0.0,0.125,tie,0.13245892524719238,24,170,170,False,1,4,True
deterministic + verify KV split patch, mtp_s3 c1 vs c32 (96 prompts),humaneval-0005,7,1324,1881,0.0,0.125,0.125,tie,0.12753534317016602,6,256,256,False,0,2,True
deterministic + verify KV split patch, mtp_s3 c1 vs c32 (96 prompts),humaneval-0010,135,364,653,0.0,0.125,0.125,tie,0.11923933029174805,119,180,190,False,0,4,True
deterministic + verify KV split patch, mtp_s3 c1 vs c32 (96 prompts),humaneval-0011,111,11,321,0.0,0.125,0.125,tie,0.21450328826904297,87,256,256,False,1,2,True
deterministic + verify KV split patch, mtp_s3 c1 vs c32 (96 prompts),humaneval-0014,65,15305,33120,0.0,0.125,0.125,tie,0.12096953392028809,56,256,256,False,0,1,True
