status,invalid_reason,label,run,repeat,concurrency,requests,completed,failed,osl_mismatch,x_e2e,x_decode,y,y_steady,ttft_p50_ms,ttft_p99_ms,itl_p50_ms,itl_p99_ms,latency_p50_ms,latency_p99_ms,accept_length,accept_rate,decode_graph_fraction,isl_mean,span_s,foreign_cpu_max
tuning,,tune-mtp-s2,20260930-221525,0,1,32,32,0,0,386.4760,400.0281,384.6874,384.8014,47.1350,52.9377,2.4876,2.8980,1317.4460,1526.3415,2.6619,0.8311,1.0000,85.1250,42.5904,1.3200
tuning,,tune-mtp-s2,20260930-221525,0,8,32,32,0,0,295.6277,306.2690,2288.3388,2270.6483,52.4720,91.3078,3.2750,4.1251,1729.0318,2155.8251,2.6688,0.8355,1.0000,85.1250,7.1598,2.3600
tuning,,tune-mtp-s2,20260930-221525,0,32,128,128,0,0,180.8237,186.4395,5455.2071,5312.4657,85.2312,121.7330,5.4346,7.7315,2872.4461,4029.0534,2.6681,0.8337,1.0000,97.8125,12.0135,9.4000
tuning,,tune-mtp-s2,20260930-221525,0,128,512,512,0,0,76.0425,77.8269,9153.1687,8811.0622,105.7447,348.5209,13.4610,19.2593,7015.8513,9922.8270,2.6596,0.8296,1.0000,91.3164,28.6397,9.8200
tuning,,tune-mtp-s3-noradix,20260930-222933,0,1,32,32,0,0,469.6164,486.9145,465.5137,465.4421,40.5557,43.4232,2.0385,2.4907,1081.4934,1312.6087,3.2618,0.7552,1.0000,85.1250,35.1955,0.9300
tuning,,tune-mtp-s3-noradix,20260930-222933,0,8,32,32,0,0,351.8691,364.5943,2533.7459,2692.3012,46.4751,73.3013,2.7159,3.5593,1433.6693,1874.9250,3.2284,0.7435,1.0000,85.1250,6.4663,2.2900
tuning,,tune-mtp-s3-noradix,20260930-222933,0,32,128,128,0,0,209.1339,215.8314,6127.1726,6057.9141,74.4354,104.9504,4.7913,6.8680,2508.4432,3596.4720,3.2748,0.7592,1.0000,97.8125,10.6960,9.7300
tuning,,tune-mtp-s3-noradix,20260930-222933,0,128,512,512,0,0,85.6968,87.7045,10105.9883,9875.2253,92.7289,315.0362,11.9057,17.5050,6191.3216,9045.1142,3.2589,0.7536,1.0000,91.3164,25.9395,9.4400
tuning,,tune-mtp-s3-replayssm-spec,20260930-223945,0,1,32,32,0,0,450.2237,469.7400,446.4981,446.5450,50.9085,53.3667,2.1120,2.5435,1130.6161,1343.8531,3.2716,0.7581,1.0000,85.1250,36.6944,0.9900
tuning,,tune-mtp-s3-replayssm-spec,20260930-223945,0,8,32,32,0,0,350.1609,366.6679,2646.1681,2631.8708,55.5874,91.9148,2.6860,3.6662,1437.3629,1923.0300,3.2788,0.7601,1.0000,85.1250,6.1916,2.2500
tuning,,tune-mtp-s3-replayssm-spec,20260930-223945,0,32,128,128,0,0,224.6345,234.3275,6468.8350,6447.2507,90.4898,135.9730,4.4235,6.6991,2351.8039,3530.1499,3.2766,0.7599,1.0000,97.8125,10.1310,9.5000
tuning,,tune-mtp-s3-replayssm-spec,20260930-223945,0,128,512,512,0,0,102.9227,106.6430,11940.6537,11450.7666,107.5178,359.1021,10.1149,15.4936,5280.2543,7983.6123,3.2634,0.7550,1.0000,91.3164,21.9539,9.4100
tuning,,tune-mtp-s3,20260930-221905,0,1,32,32,0,0,465.1123,484.2225,460.8960,460.8482,45.3632,50.8992,2.0545,2.5164,1096.3288,1327.8129,3.2788,0.7602,1.0000,85.1250,35.5481,4.7000
tuning,,tune-mtp-s3,20260930-221905,0,8,32,32,0,0,343.9183,358.1555,2482.0436,2623.9679,51.3126,86.5884,2.7774,3.6346,1469.0469,1933.5399,3.2367,0.7458,1.0000,85.1250,6.6010,2.2300
tuning,,tune-mtp-s3,20260930-221905,0,32,128,128,0,0,199.2436,205.8940,5838.7729,5731.8272,64.2119,120.6459,5.0077,7.3131,2639.6257,3793.0699,3.2755,0.7594,1.0000,97.8125,11.2243,9.5800
tuning,,tune-mtp-s3,20260930-221905,0,128,512,512,0,0,81.2431,83.2958,9593.2764,9329.0691,105.0682,349.1460,12.5844,18.4270,6540.0644,9541.5055,3.2593,0.7538,1.0000,91.3164,27.3258,9.9000
tuning,,tune-mtp-s4,20260930-222231,0,1,32,32,0,0,474.6252,495.0894,465.0816,471.5388,45.6528,50.5737,2.0013,2.8918,1070.0129,1525.4099,3.6678,0.6681,1.0000,85.1250,35.2282,1.0700
tuning,,tune-mtp-s4,20260930-222231,0,8,32,32,0,0,348.3610,363.1319,2607.7286,2642.8692,53.9491,89.7910,2.7740,3.7896,1489.3972,1984.8417,3.7313,0.6840,1.0000,85.1250,6.2829,2.5200
tuning,,tune-mtp-s4,20260930-222231,0,32,128,128,0,0,200.5714,207.6641,5760.6073,5829.9521,83.2487,120.9527,4.9914,7.6933,2617.1488,3996.4123,3.7205,0.6812,1.0000,97.8125,11.3766,9.5900
tuning,,tune-mtp-s4,20260930-222231,0,128,512,512,0,0,79.9520,82.0336,9276.0678,9159.3058,109.7462,351.2704,12.8015,19.7673,6688.7733,10212.9302,3.7212,0.6813,1.0000,91.3164,28.2603,10.1600
tuning,,tune-mtp-s5-noradix,20260930-223253,0,1,32,32,0,0,490.9945,511.2627,480.6002,481.9875,42.6149,44.6173,2.0115,2.6725,1070.8697,1407.5346,4.1032,0.6221,1.0000,85.1250,34.0907,1.0000
tuning,,tune-mtp-s5-noradix,20260930-223253,0,8,32,32,0,0,367.7745,382.8474,2698.9836,2801.4717,49.7949,77.1880,2.5779,3.7274,1374.1364,1954.3627,4.1176,0.6251,1.0000,85.1250,6.0704,2.3800
tuning,,tune-mtp-s5-noradix,20260930-223253,0,32,128,128,0,0,214.4716,221.5917,6087.2269,6242.8844,62.9013,109.0644,4.5507,7.2227,2394.2743,3750.9295,4.1423,0.6302,1.0000,97.8125,10.7662,9.4700
tuning,,tune-mtp-s5-noradix,20260930-223253,0,128,512,512,0,0,82.6051,84.5763,9456.1724,9372.5154,107.2009,304.4570,12.3444,19.8213,6423.3615,10209.1966,4.0886,0.6194,1.0000,91.3164,27.7220,9.4400
tuning,,tune-mtp-s5-replayssm-spec,20260930-224304,0,1,32,32,0,0,473.5370,495.3344,462.1024,462.5995,48.1562,54.5267,2.0268,2.8534,1083.8534,1501.8766,4.0394,0.6096,1.0000,85.1250,35.4553,1.0300
tuning,,tune-mtp-s5-replayssm-spec,20260930-224304,0,8,32,32,0,0,368.6648,387.8746,2666.4028,2783.3071,57.1043,89.8988,2.5475,3.7188,1373.3816,1950.6511,4.1176,0.6251,1.0000,85.1250,6.1446,2.8200
tuning,,tune-mtp-s5-replayssm-spec,20260930-224304,0,32,128,128,0,0,229.7604,239.1645,6501.5860,6542.9797,84.4620,117.1567,4.3537,6.9048,2312.1482,3591.4002,4.1109,0.6237,1.0000,97.8125,10.0800,9.3800
tuning,,tune-mtp-s5-replayssm-spec,20260930-224304,0,128,512,512,0,0,99.0284,102.3272,11185.5878,11021.2148,96.0413,351.2799,10.5240,17.4659,5503.7500,9020.5933,4.0892,0.6195,1.0000,91.3164,23.4359,10.2900
tuning,,tune-mtp-s5,20260930-222600,0,1,32,32,0,0,481.3019,503.5358,468.3280,476.9484,47.9686,54.1451,1.9917,3.0794,1068.0797,1622.9449,4.0695,0.6156,1.0000,85.1250,34.9840,0.9500
tuning,,tune-mtp-s5,20260930-222600,0,8,32,32,0,0,355.8139,372.2830,2575.2235,2698.2912,56.5628,89.6971,2.6557,3.9949,1422.4883,2092.8780,4.1521,0.6315,1.0000,85.1250,6.3622,2.4100
tuning,,tune-mtp-s5,20260930-222600,0,32,128,128,0,0,202.0162,209.3772,5683.6130,5834.5643,83.5028,121.6823,4.9925,7.7869,2612.7848,4049.3487,4.1143,0.6247,1.0000,97.8125,11.5307,9.5100
tuning,,tune-mtp-s5,20260930-222600,0,128,512,512,0,0,77.6470,91.3731,8718.8039,8533.5185,1023.5623,4486.8571,11.1923,18.6931,6926.1321,12358.0556,4.0706,0.6158,1.0000,91.3164,30.0665,9.8700
tuning,,tune-mtp-s7-noradix,20260930-223618,0,1,32,32,0,0,481.0404,501.2428,464.6327,465.8787,43.5440,45.3256,2.0242,2.9489,1076.7872,1550.8443,4.6010,0.5163,1.0000,85.1250,35.2623,1.2400
tuning,,tune-mtp-s7-noradix,20260930-223618,0,8,32,32,0,0,354.8526,369.9353,2514.2453,2644.0631,52.7445,79.5451,2.6839,4.1584,1437.4807,2196.0994,4.5997,0.5158,1.0000,85.1250,6.5165,4.6200
tuning,,tune-mtp-s7-noradix,20260930-223618,0,32,128,128,0,0,203.1246,209.9593,5690.1838,5837.6505,75.4102,106.0430,4.8543,7.7509,2573.0035,4022.2153,4.6237,0.5198,1.0000,97.8125,11.5174,9.5300
tuning,,tune-mtp-s7-noradix,20260930-223618,0,128,512,512,0,0,75.5027,77.3410,8493.1174,8435.9335,130.6956,315.6018,13.4050,23.2905,6986.8188,12073.4383,4.5574,0.5102,1.0000,91.3164,30.8655,9.6600
tuning,,tune-plain,20260930-221035,0,1,32,32,0,0,281.7809,287.3580,281.5026,281.5180,39.3382,44.3456,3.4834,3.4975,1818.6919,1827.7531,,,1.0000,85.1250,58.2019,1.9700
tuning,,tune-plain,20260930-221035,0,8,32,32,0,0,247.9229,256.7539,1982.0058,1981.7810,74.2085,77.7520,3.8989,3.9113,2066.4797,2068.3070,,,1.0000,85.1250,8.2664,2.5500
tuning,,tune-plain,20260930-221035,0,32,128,128,0,0,190.3778,199.4112,6086.7478,6096.5403,134.1437,139.9084,5.0158,5.1163,2695.8878,2704.9558,,,1.0000,97.8125,10.7670,9.7700
tuning,,tune-plain,20260930-221035,0,128,512,512,0,0,104.9877,109.6435,13421.0602,13273.8714,205.5521,335.3938,9.1406,9.2767,4880.4107,5052.1621,,,1.0000,91.3164,19.5323,9.9100
