config,concurrency,runs,x_tok_s_user,y_tok_s_gpu,y_std,accept_len,ttft_p50_ms,completed,requests,y_vs_baseline,x_vs_baseline
plain,1,1,280.7,280.1,,,39.2,16,16,1.0,1.0
plain,32,1,189.8,6064.4,,,139.1,64,64,1.0,1.0
plain,128,1,105.8,13501.5,,,206.0,256,256,1.0,1.0
plain+fp16_state,1,1,284.9,284.4,,,38.4,16,16,1.015,1.015
plain+fp16_state,32,1,211.2,6750.4,,,133.3,64,64,1.113,1.113
plain+fp16_state,128,1,130.8,16677.3,,,208.8,256,256,1.235,1.236
plain+fp8_kv,1,1,277.5,276.9,,,42.6,16,16,0.989,0.989
plain+fp8_kv,32,1,188.3,6017.6,,,131.9,64,64,0.992,0.992
plain+fp8_kv,128,1,104.9,13398.7,,,226.1,256,256,0.992,0.991
plain+fp8_weights,1,1,284.1,283.5,,,38.2,16,16,1.012,1.012
plain+fp8_weights,32,1,200.9,6421.5,,,114.5,64,64,1.059,1.058
plain+fp8_weights,128,1,102.0,13025.1,,,203.6,256,256,0.965,0.964
