label,run,session,model,revision,workload_sha256,workload_prompts,warmup_pool_sha256,osl,ignore_eos,request_body,concurrency,repeats,min_requests,waves,min_warmup,streaming,per_chunk_usage,export_level,aiperf_version,checks_failed
lowc-L-S0,20261002-232241,lowc-s1,Qwen/Qwen3.5-4B,851bf6e806efd8d0a36b00ddf55e13ccb7b8cd0a,b65a50e4f7543d350a695681494f88d6de790f122853e34f8ac0ac44f2539674,1152,b1f74fd72be86e60c4109ca9ee025d3f971a75c80e7f62392def6066ca767c6b,512,True,"{""chat_template_kwargs"": {""enable_thinking"": true}, ""ignore_eos"": true, ""return_spec_tokens_details"": true, ""temperature"": 0.0}","[1, 2, 4]",1,64,8,2,True,True,raw,0.13.0,
lowc-L-ABC,20261002-232538,lowc-s1,Qwen/Qwen3.5-4B,851bf6e806efd8d0a36b00ddf55e13ccb7b8cd0a,b65a50e4f7543d350a695681494f88d6de790f122853e34f8ac0ac44f2539674,1152,b1f74fd72be86e60c4109ca9ee025d3f971a75c80e7f62392def6066ca767c6b,512,True,"{""chat_template_kwargs"": {""enable_thinking"": true}, ""ignore_eos"": true, ""return_spec_tokens_details"": true, ""temperature"": 0.0}","[1, 2, 4]",1,64,8,2,True,True,raw,0.13.0,
lowc-L-A,20261002-232827,lowc-s1,Qwen/Qwen3.5-4B,851bf6e806efd8d0a36b00ddf55e13ccb7b8cd0a,b65a50e4f7543d350a695681494f88d6de790f122853e34f8ac0ac44f2539674,1152,b1f74fd72be86e60c4109ca9ee025d3f971a75c80e7f62392def6066ca767c6b,512,True,"{""chat_template_kwargs"": {""enable_thinking"": true}, ""ignore_eos"": true, ""return_spec_tokens_details"": true, ""temperature"": 0.0}","[1, 2, 4]",1,64,8,2,True,True,raw,0.13.0,
lowc-L-B,20261002-233121,lowc-s1,Qwen/Qwen3.5-4B,851bf6e806efd8d0a36b00ddf55e13ccb7b8cd0a,b65a50e4f7543d350a695681494f88d6de790f122853e34f8ac0ac44f2539674,1152,b1f74fd72be86e60c4109ca9ee025d3f971a75c80e7f62392def6066ca767c6b,512,True,"{""chat_template_kwargs"": {""enable_thinking"": true}, ""ignore_eos"": true, ""return_spec_tokens_details"": true, ""temperature"": 0.0}","[1, 2, 4]",1,64,8,2,True,True,raw,0.13.0,
lowc-L-C,20261002-233414,lowc-s1,Qwen/Qwen3.5-4B,851bf6e806efd8d0a36b00ddf55e13ccb7b8cd0a,b65a50e4f7543d350a695681494f88d6de790f122853e34f8ac0ac44f2539674,1152,b1f74fd72be86e60c4109ca9ee025d3f971a75c80e7f62392def6066ca767c6b,512,True,"{""chat_template_kwargs"": {""enable_thinking"": true}, ""ignore_eos"": true, ""return_spec_tokens_details"": true, ""temperature"": 0.0}","[1, 2, 4]",1,64,8,2,True,True,raw,0.13.0,
lowc-L-ABC,20261002-233705,lowc-s1,Qwen/Qwen3.5-4B,851bf6e806efd8d0a36b00ddf55e13ccb7b8cd0a,b65a50e4f7543d350a695681494f88d6de790f122853e34f8ac0ac44f2539674,1152,b1f74fd72be86e60c4109ca9ee025d3f971a75c80e7f62392def6066ca767c6b,512,True,"{""chat_template_kwargs"": {""enable_thinking"": true}, ""ignore_eos"": true, ""return_spec_tokens_details"": true, ""temperature"": 0.0}","[1, 2, 4]",1,64,8,2,True,True,raw,0.13.0,
lowc-L-S0,20261002-233952,lowc-s1,Qwen/Qwen3.5-4B,851bf6e806efd8d0a36b00ddf55e13ccb7b8cd0a,b65a50e4f7543d350a695681494f88d6de790f122853e34f8ac0ac44f2539674,1152,b1f74fd72be86e60c4109ca9ee025d3f971a75c80e7f62392def6066ca767c6b,512,True,"{""chat_template_kwargs"": {""enable_thinking"": true}, ""ignore_eos"": true, ""return_spec_tokens_details"": true, ""temperature"": 0.0}","[1, 2, 4]",1,64,8,2,True,True,raw,0.13.0,
lowc-H-S0,20261002-234248,lowc-s1,Qwen/Qwen3.5-4B,851bf6e806efd8d0a36b00ddf55e13ccb7b8cd0a,b65a50e4f7543d350a695681494f88d6de790f122853e34f8ac0ac44f2539674,1152,b1f74fd72be86e60c4109ca9ee025d3f971a75c80e7f62392def6066ca767c6b,512,True,"{""chat_template_kwargs"": {""enable_thinking"": true}, ""ignore_eos"": true, ""return_spec_tokens_details"": true, ""temperature"": 0.0}","[8, 16, 32]",1,64,8,2,True,True,raw,0.13.0,
lowc-H-AC,20261002-234513,lowc-s1,Qwen/Qwen3.5-4B,851bf6e806efd8d0a36b00ddf55e13ccb7b8cd0a,b65a50e4f7543d350a695681494f88d6de790f122853e34f8ac0ac44f2539674,1152,b1f74fd72be86e60c4109ca9ee025d3f971a75c80e7f62392def6066ca767c6b,512,True,"{""chat_template_kwargs"": {""enable_thinking"": true}, ""ignore_eos"": true, ""return_spec_tokens_details"": true, ""temperature"": 0.0}","[8, 16, 32]",1,64,8,2,True,True,raw,0.13.0,
lowc-H-A,20261002-234735,lowc-s1,Qwen/Qwen3.5-4B,851bf6e806efd8d0a36b00ddf55e13ccb7b8cd0a,b65a50e4f7543d350a695681494f88d6de790f122853e34f8ac0ac44f2539674,1152,b1f74fd72be86e60c4109ca9ee025d3f971a75c80e7f62392def6066ca767c6b,512,True,"{""chat_template_kwargs"": {""enable_thinking"": true}, ""ignore_eos"": true, ""return_spec_tokens_details"": true, ""temperature"": 0.0}","[8, 16, 32]",1,64,8,2,True,True,raw,0.13.0,
lowc-H-C,20261002-234951,lowc-s1,Qwen/Qwen3.5-4B,851bf6e806efd8d0a36b00ddf55e13ccb7b8cd0a,b65a50e4f7543d350a695681494f88d6de790f122853e34f8ac0ac44f2539674,1152,b1f74fd72be86e60c4109ca9ee025d3f971a75c80e7f62392def6066ca767c6b,512,True,"{""chat_template_kwargs"": {""enable_thinking"": true}, ""ignore_eos"": true, ""return_spec_tokens_details"": true, ""temperature"": 0.0}","[8, 16, 32]",1,64,8,2,True,True,raw,0.13.0,
lowc-H-AC,20261002-235216,lowc-s1,Qwen/Qwen3.5-4B,851bf6e806efd8d0a36b00ddf55e13ccb7b8cd0a,b65a50e4f7543d350a695681494f88d6de790f122853e34f8ac0ac44f2539674,1152,b1f74fd72be86e60c4109ca9ee025d3f971a75c80e7f62392def6066ca767c6b,512,True,"{""chat_template_kwargs"": {""enable_thinking"": true}, ""ignore_eos"": true, ""return_spec_tokens_details"": true, ""temperature"": 0.0}","[8, 16, 32]",1,64,8,2,True,True,raw,0.13.0,
lowc-H-S0,20261002-235434,lowc-s1,Qwen/Qwen3.5-4B,851bf6e806efd8d0a36b00ddf55e13ccb7b8cd0a,b65a50e4f7543d350a695681494f88d6de790f122853e34f8ac0ac44f2539674,1152,b1f74fd72be86e60c4109ca9ee025d3f971a75c80e7f62392def6066ca767c6b,512,True,"{""chat_template_kwargs"": {""enable_thinking"": true}, ""ignore_eos"": true, ""return_spec_tokens_details"": true, ""temperature"": 0.0}","[8, 16, 32]",1,64,8,2,True,True,raw,0.13.0,
lowc-H-S0,20261003-004812,lowc-s2,Qwen/Qwen3.5-4B,851bf6e806efd8d0a36b00ddf55e13ccb7b8cd0a,b65a50e4f7543d350a695681494f88d6de790f122853e34f8ac0ac44f2539674,1152,b1f74fd72be86e60c4109ca9ee025d3f971a75c80e7f62392def6066ca767c6b,512,True,"{""chat_template_kwargs"": {""enable_thinking"": true}, ""ignore_eos"": true, ""return_spec_tokens_details"": true, ""temperature"": 0.0}","[8, 16, 32]",1,64,8,2,True,True,raw,0.13.0,
lowc-H-AC,20261003-005037,lowc-s2,Qwen/Qwen3.5-4B,851bf6e806efd8d0a36b00ddf55e13ccb7b8cd0a,b65a50e4f7543d350a695681494f88d6de790f122853e34f8ac0ac44f2539674,1152,b1f74fd72be86e60c4109ca9ee025d3f971a75c80e7f62392def6066ca767c6b,512,True,"{""chat_template_kwargs"": {""enable_thinking"": true}, ""ignore_eos"": true, ""return_spec_tokens_details"": true, ""temperature"": 0.0}","[8, 16, 32]",1,64,8,2,True,True,raw,0.13.0,
lowc-H-C,20261003-005254,lowc-s2,Qwen/Qwen3.5-4B,851bf6e806efd8d0a36b00ddf55e13ccb7b8cd0a,b65a50e4f7543d350a695681494f88d6de790f122853e34f8ac0ac44f2539674,1152,b1f74fd72be86e60c4109ca9ee025d3f971a75c80e7f62392def6066ca767c6b,512,True,"{""chat_template_kwargs"": {""enable_thinking"": true}, ""ignore_eos"": true, ""return_spec_tokens_details"": true, ""temperature"": 0.0}","[8, 16, 32]",1,64,8,2,True,True,raw,0.13.0,
lowc-H-A,20261003-005514,lowc-s2,Qwen/Qwen3.5-4B,851bf6e806efd8d0a36b00ddf55e13ccb7b8cd0a,b65a50e4f7543d350a695681494f88d6de790f122853e34f8ac0ac44f2539674,1152,b1f74fd72be86e60c4109ca9ee025d3f971a75c80e7f62392def6066ca767c6b,512,True,"{""chat_template_kwargs"": {""enable_thinking"": true}, ""ignore_eos"": true, ""return_spec_tokens_details"": true, ""temperature"": 0.0}","[8, 16, 32]",1,64,8,2,True,True,raw,0.13.0,
lowc-H-AC,20261003-005736,lowc-s2,Qwen/Qwen3.5-4B,851bf6e806efd8d0a36b00ddf55e13ccb7b8cd0a,b65a50e4f7543d350a695681494f88d6de790f122853e34f8ac0ac44f2539674,1152,b1f74fd72be86e60c4109ca9ee025d3f971a75c80e7f62392def6066ca767c6b,512,True,"{""chat_template_kwargs"": {""enable_thinking"": true}, ""ignore_eos"": true, ""return_spec_tokens_details"": true, ""temperature"": 0.0}","[8, 16, 32]",1,64,8,2,True,True,raw,0.13.0,
lowc-H-S0,20261003-005953,lowc-s2,Qwen/Qwen3.5-4B,851bf6e806efd8d0a36b00ddf55e13ccb7b8cd0a,b65a50e4f7543d350a695681494f88d6de790f122853e34f8ac0ac44f2539674,1152,b1f74fd72be86e60c4109ca9ee025d3f971a75c80e7f62392def6066ca767c6b,512,True,"{""chat_template_kwargs"": {""enable_thinking"": true}, ""ignore_eos"": true, ""return_spec_tokens_details"": true, ""temperature"": 0.0}","[8, 16, 32]",1,64,8,2,True,True,raw,0.13.0,
lowc-L-S0,20261003-010218,lowc-s2,Qwen/Qwen3.5-4B,851bf6e806efd8d0a36b00ddf55e13ccb7b8cd0a,b65a50e4f7543d350a695681494f88d6de790f122853e34f8ac0ac44f2539674,1152,b1f74fd72be86e60c4109ca9ee025d3f971a75c80e7f62392def6066ca767c6b,512,True,"{""chat_template_kwargs"": {""enable_thinking"": true}, ""ignore_eos"": true, ""return_spec_tokens_details"": true, ""temperature"": 0.0}","[1, 2, 4]",1,64,8,2,True,True,raw,0.13.0,
lowc-L-ABC,20261003-010511,lowc-s2,Qwen/Qwen3.5-4B,851bf6e806efd8d0a36b00ddf55e13ccb7b8cd0a,b65a50e4f7543d350a695681494f88d6de790f122853e34f8ac0ac44f2539674,1152,b1f74fd72be86e60c4109ca9ee025d3f971a75c80e7f62392def6066ca767c6b,512,True,"{""chat_template_kwargs"": {""enable_thinking"": true}, ""ignore_eos"": true, ""return_spec_tokens_details"": true, ""temperature"": 0.0}","[1, 2, 4]",1,64,8,2,True,True,raw,0.13.0,
lowc-L-C,20261003-010758,lowc-s2,Qwen/Qwen3.5-4B,851bf6e806efd8d0a36b00ddf55e13ccb7b8cd0a,b65a50e4f7543d350a695681494f88d6de790f122853e34f8ac0ac44f2539674,1152,b1f74fd72be86e60c4109ca9ee025d3f971a75c80e7f62392def6066ca767c6b,512,True,"{""chat_template_kwargs"": {""enable_thinking"": true}, ""ignore_eos"": true, ""return_spec_tokens_details"": true, ""temperature"": 0.0}","[1, 2, 4]",1,64,8,2,True,True,raw,0.13.0,
lowc-L-B,20261003-011049,lowc-s2,Qwen/Qwen3.5-4B,851bf6e806efd8d0a36b00ddf55e13ccb7b8cd0a,b65a50e4f7543d350a695681494f88d6de790f122853e34f8ac0ac44f2539674,1152,b1f74fd72be86e60c4109ca9ee025d3f971a75c80e7f62392def6066ca767c6b,512,True,"{""chat_template_kwargs"": {""enable_thinking"": true}, ""ignore_eos"": true, ""return_spec_tokens_details"": true, ""temperature"": 0.0}","[1, 2, 4]",1,64,8,2,True,True,raw,0.13.0,
lowc-L-A,20261003-011340,lowc-s2,Qwen/Qwen3.5-4B,851bf6e806efd8d0a36b00ddf55e13ccb7b8cd0a,b65a50e4f7543d350a695681494f88d6de790f122853e34f8ac0ac44f2539674,1152,b1f74fd72be86e60c4109ca9ee025d3f971a75c80e7f62392def6066ca767c6b,512,True,"{""chat_template_kwargs"": {""enable_thinking"": true}, ""ignore_eos"": true, ""return_spec_tokens_details"": true, ""temperature"": 0.0}","[1, 2, 4]",1,64,8,2,True,True,raw,0.13.0,
lowc-L-ABC,20261003-011632,lowc-s2,Qwen/Qwen3.5-4B,851bf6e806efd8d0a36b00ddf55e13ccb7b8cd0a,b65a50e4f7543d350a695681494f88d6de790f122853e34f8ac0ac44f2539674,1152,b1f74fd72be86e60c4109ca9ee025d3f971a75c80e7f62392def6066ca767c6b,512,True,"{""chat_template_kwargs"": {""enable_thinking"": true}, ""ignore_eos"": true, ""return_spec_tokens_details"": true, ""temperature"": 0.0}","[1, 2, 4]",1,64,8,2,True,True,raw,0.13.0,
lowc-L-S0,20261003-011920,lowc-s2,Qwen/Qwen3.5-4B,851bf6e806efd8d0a36b00ddf55e13ccb7b8cd0a,b65a50e4f7543d350a695681494f88d6de790f122853e34f8ac0ac44f2539674,1152,b1f74fd72be86e60c4109ca9ee025d3f971a75c80e7f62392def6066ca767c6b,512,True,"{""chat_template_kwargs"": {""enable_thinking"": true}, ""ignore_eos"": true, ""return_spec_tokens_details"": true, ""temperature"": 0.0}","[1, 2, 4]",1,64,8,2,True,True,raw,0.13.0,
lowc-L-S0,20261003-020537,lowc-s3,Qwen/Qwen3.5-4B,851bf6e806efd8d0a36b00ddf55e13ccb7b8cd0a,b65a50e4f7543d350a695681494f88d6de790f122853e34f8ac0ac44f2539674,1152,b1f74fd72be86e60c4109ca9ee025d3f971a75c80e7f62392def6066ca767c6b,512,True,"{""chat_template_kwargs"": {""enable_thinking"": true}, ""ignore_eos"": true, ""return_spec_tokens_details"": true, ""temperature"": 0.0}","[1, 2, 4]",1,64,8,2,True,True,raw,0.13.0,
lowc-L-ABC,20261003-020830,lowc-s3,Qwen/Qwen3.5-4B,851bf6e806efd8d0a36b00ddf55e13ccb7b8cd0a,b65a50e4f7543d350a695681494f88d6de790f122853e34f8ac0ac44f2539674,1152,b1f74fd72be86e60c4109ca9ee025d3f971a75c80e7f62392def6066ca767c6b,512,True,"{""chat_template_kwargs"": {""enable_thinking"": true}, ""ignore_eos"": true, ""return_spec_tokens_details"": true, ""temperature"": 0.0}","[1, 2, 4]",1,64,8,2,True,True,raw,0.13.0,
lowc-L-A,20261003-021118,lowc-s3,Qwen/Qwen3.5-4B,851bf6e806efd8d0a36b00ddf55e13ccb7b8cd0a,b65a50e4f7543d350a695681494f88d6de790f122853e34f8ac0ac44f2539674,1152,b1f74fd72be86e60c4109ca9ee025d3f971a75c80e7f62392def6066ca767c6b,512,True,"{""chat_template_kwargs"": {""enable_thinking"": true}, ""ignore_eos"": true, ""return_spec_tokens_details"": true, ""temperature"": 0.0}","[1, 2, 4]",1,64,8,2,True,True,raw,0.13.0,
lowc-L-B,20261003-021411,lowc-s3,Qwen/Qwen3.5-4B,851bf6e806efd8d0a36b00ddf55e13ccb7b8cd0a,b65a50e4f7543d350a695681494f88d6de790f122853e34f8ac0ac44f2539674,1152,b1f74fd72be86e60c4109ca9ee025d3f971a75c80e7f62392def6066ca767c6b,512,True,"{""chat_template_kwargs"": {""enable_thinking"": true}, ""ignore_eos"": true, ""return_spec_tokens_details"": true, ""temperature"": 0.0}","[1, 2, 4]",1,64,8,2,True,True,raw,0.13.0,
lowc-L-C,20261003-021701,lowc-s3,Qwen/Qwen3.5-4B,851bf6e806efd8d0a36b00ddf55e13ccb7b8cd0a,b65a50e4f7543d350a695681494f88d6de790f122853e34f8ac0ac44f2539674,1152,b1f74fd72be86e60c4109ca9ee025d3f971a75c80e7f62392def6066ca767c6b,512,True,"{""chat_template_kwargs"": {""enable_thinking"": true}, ""ignore_eos"": true, ""return_spec_tokens_details"": true, ""temperature"": 0.0}","[1, 2, 4]",1,64,8,2,True,True,raw,0.13.0,
lowc-L-ABC,20261003-021952,lowc-s3,Qwen/Qwen3.5-4B,851bf6e806efd8d0a36b00ddf55e13ccb7b8cd0a,b65a50e4f7543d350a695681494f88d6de790f122853e34f8ac0ac44f2539674,1152,b1f74fd72be86e60c4109ca9ee025d3f971a75c80e7f62392def6066ca767c6b,512,True,"{""chat_template_kwargs"": {""enable_thinking"": true}, ""ignore_eos"": true, ""return_spec_tokens_details"": true, ""temperature"": 0.0}","[1, 2, 4]",1,64,8,2,True,True,raw,0.13.0,
lowc-L-S0,20261003-022237,lowc-s3,Qwen/Qwen3.5-4B,851bf6e806efd8d0a36b00ddf55e13ccb7b8cd0a,b65a50e4f7543d350a695681494f88d6de790f122853e34f8ac0ac44f2539674,1152,b1f74fd72be86e60c4109ca9ee025d3f971a75c80e7f62392def6066ca767c6b,512,True,"{""chat_template_kwargs"": {""enable_thinking"": true}, ""ignore_eos"": true, ""return_spec_tokens_details"": true, ""temperature"": 0.0}","[1, 2, 4]",1,64,8,2,True,True,raw,0.13.0,
lowc-H-S0,20261003-022530,lowc-s3,Qwen/Qwen3.5-4B,851bf6e806efd8d0a36b00ddf55e13ccb7b8cd0a,b65a50e4f7543d350a695681494f88d6de790f122853e34f8ac0ac44f2539674,1152,b1f74fd72be86e60c4109ca9ee025d3f971a75c80e7f62392def6066ca767c6b,512,True,"{""chat_template_kwargs"": {""enable_thinking"": true}, ""ignore_eos"": true, ""return_spec_tokens_details"": true, ""temperature"": 0.0}","[8, 16, 32]",1,64,8,2,True,True,raw,0.13.0,
lowc-H-AC,20261003-022755,lowc-s3,Qwen/Qwen3.5-4B,851bf6e806efd8d0a36b00ddf55e13ccb7b8cd0a,b65a50e4f7543d350a695681494f88d6de790f122853e34f8ac0ac44f2539674,1152,b1f74fd72be86e60c4109ca9ee025d3f971a75c80e7f62392def6066ca767c6b,512,True,"{""chat_template_kwargs"": {""enable_thinking"": true}, ""ignore_eos"": true, ""return_spec_tokens_details"": true, ""temperature"": 0.0}","[8, 16, 32]",1,64,8,2,True,True,raw,0.13.0,
lowc-H-A,20261003-023013,lowc-s3,Qwen/Qwen3.5-4B,851bf6e806efd8d0a36b00ddf55e13ccb7b8cd0a,b65a50e4f7543d350a695681494f88d6de790f122853e34f8ac0ac44f2539674,1152,b1f74fd72be86e60c4109ca9ee025d3f971a75c80e7f62392def6066ca767c6b,512,True,"{""chat_template_kwargs"": {""enable_thinking"": true}, ""ignore_eos"": true, ""return_spec_tokens_details"": true, ""temperature"": 0.0}","[8, 16, 32]",1,64,8,2,True,True,raw,0.13.0,
lowc-H-C,20261003-023233,lowc-s3,Qwen/Qwen3.5-4B,851bf6e806efd8d0a36b00ddf55e13ccb7b8cd0a,b65a50e4f7543d350a695681494f88d6de790f122853e34f8ac0ac44f2539674,1152,b1f74fd72be86e60c4109ca9ee025d3f971a75c80e7f62392def6066ca767c6b,512,True,"{""chat_template_kwargs"": {""enable_thinking"": true}, ""ignore_eos"": true, ""return_spec_tokens_details"": true, ""temperature"": 0.0}","[8, 16, 32]",1,64,8,2,True,True,raw,0.13.0,
lowc-H-AC,20261003-023454,lowc-s3,Qwen/Qwen3.5-4B,851bf6e806efd8d0a36b00ddf55e13ccb7b8cd0a,b65a50e4f7543d350a695681494f88d6de790f122853e34f8ac0ac44f2539674,1152,b1f74fd72be86e60c4109ca9ee025d3f971a75c80e7f62392def6066ca767c6b,512,True,"{""chat_template_kwargs"": {""enable_thinking"": true}, ""ignore_eos"": true, ""return_spec_tokens_details"": true, ""temperature"": 0.0}","[8, 16, 32]",1,64,8,2,True,True,raw,0.13.0,
lowc-H-S0,20261003-023711,lowc-s3,Qwen/Qwen3.5-4B,851bf6e806efd8d0a36b00ddf55e13ccb7b8cd0a,b65a50e4f7543d350a695681494f88d6de790f122853e34f8ac0ac44f2539674,1152,b1f74fd72be86e60c4109ca9ee025d3f971a75c80e7f62392def6066ca767c6b,512,True,"{""chat_template_kwargs"": {""enable_thinking"": true}, ""ignore_eos"": true, ""return_spec_tokens_details"": true, ""temperature"": 0.0}","[8, 16, 32]",1,64,8,2,True,True,raw,0.13.0,
