status,invalid_reason,label,run,repeat,concurrency,requests,completed,failed,osl_mismatch,x_e2e,x_decode,y,y_steady,ttft_p50_ms,ttft_p99_ms,itl_p50_ms,itl_p99_ms,latency_p50_ms,latency_p99_ms,accept_length,accept_rate,decode_graph_fraction,isl_mean,span_s,foreign_cpu_mean,foreign_cpu_max,max_running_logged,kv_retractions,session,server_full_batch_tps_p50,server_full_batch_tps
confirmation,,plain-tuned,20261001-031946,0,1,64,64,0,0,282.1509,286.7617,281.8682,281.8592,32.7110,34.6290,3.4913,3.4998,1816.1832,1822.3520,,,1.0000,94.3594,116.2529,0.9990,6.2500,1,,confirm-r0,285.8100,
confirmation,,plain-tuned,20261001-031946,0,2,64,64,0,0,273.5618,281.5306,546.5960,546.6198,56.5398,60.7235,3.5568,3.5668,1874.3461,1880.7871,,,1.0000,94.3594,59.9492,1.0470,6.6600,2,,confirm-r0,561.6000,
confirmation,,plain-tuned,20261001-031946,0,4,64,64,0,0,263.9963,271.7670,1055.0310,1054.8142,59.6054,62.1996,3.6783,3.6975,1938.4634,1949.3032,,,1.0000,94.3594,31.0588,1.1330,4.9000,4,,confirm-r0,1084.1600,
confirmation,,plain-tuned,20261001-031946,0,8,64,64,0,0,251.0540,258.3635,2006.7968,2006.7268,61.7828,64.5776,3.8754,3.8918,2041.0700,2049.7743,,,1.0000,94.3594,16.3285,1.0880,9.1500,8,,confirm-r0,2061.2400,
confirmation,,plain-tuned,20261001-031946,0,16,128,128,0,0,228.2975,234.7208,3649.2265,3644.4843,64.0683,70.7569,4.2701,4.2871,2248.0015,2255.5429,,,1.0000,89.5156,17.9589,0.6280,1.6700,16,,confirm-r0,3750.1500,
confirmation,,plain-tuned,20261001-031946,0,32,256,256,0,0,195.0693,202.4439,6237.2373,6235.2090,101.2440,109.9159,4.9367,5.0090,2623.4512,2634.7155,,,1.0000,89.5469,21.0144,1.6440,6.3300,32,,confirm-r0,6478.7900,
confirmation,,plain-tuned,20261001-031946,0,48,384,384,0,0,172.7370,178.6382,8284.8844,8271.1844,103.3706,135.8698,5.5954,5.6603,2962.0036,2994.2030,,,1.0000,88.8255,23.7309,0.9510,6.1500,48,,confirm-r0,8622.2200,
confirmation,,plain-tuned,20261001-031946,0,64,512,512,0,0,154.7732,160.0789,9898.0007,9879.7256,108.8516,148.6898,6.2568,6.2917,3308.9002,3363.1988,,,1.0000,89.6680,26.4845,0.5380,1.4400,64,,confirm-r0,10347.0900,
confirmation,,plain-tuned,20261001-031946,0,96,768,768,0,0,126.8075,131.0064,12164.3873,12129.7281,138.7236,191.2362,7.6313,7.6962,4037.5352,4103.2164,,,1.0000,87.7995,32.3252,1.1160,5.7700,96,,confirm-r0,12811.2300,
confirmation,,plain-tuned,20261001-031946,0,128,1024,1024,0,0,108.7860,112.4368,13912.6424,13855.6313,156.2970,242.6811,8.8986,9.0730,4701.7530,4842.0718,,,1.0000,88.1182,37.6843,0.5780,1.7200,128,,confirm-r0,14719.7700,
confirmation,,mtp-tuned,20261001-033225,0,32,256,256,0,0,218.7798,225.8134,6477.9956,6640.5643,52.4769,146.2730,4.5502,6.1635,2388.5741,3209.8589,3.2603,0.7540,1.0000,89.5469,20.2334,1.0230,5.7500,32,0,confirm-r0,6602.1000,
confirmation,,mtp-tuned,20261001-033225,0,48,384,384,0,0,176.7700,181.9752,7940.7361,7832.5551,74.6620,144.3079,5.7341,8.2617,3002.3495,4272.7756,3.2682,0.7568,1.0000,88.8255,24.7594,1.0870,4.8600,48,0,confirm-r0,8528.8100,
confirmation,,mtp-tuned,20261001-033225,0,64,512,512,0,0,150.7487,155.0797,8890.8360,8855.4410,80.1760,178.3540,6.8774,9.4649,3600.0623,4921.7067,3.2609,0.7541,1.0000,89.6680,29.4847,0.9080,4.8400,64,0,confirm-r0,8678.4600,
confirmation,,mtp-tuned,20261001-033225,0,96,768,768,0,0,117.9751,120.9689,10473.1808,10339.3192,83.3431,217.3071,8.8443,12.5464,4602.7402,6475.4595,3.2557,0.7524,1.0000,87.7995,37.5450,0.9380,2.2700,96,0,confirm-r0,9991.5700,
confirmation,,mtp-tuned,20261001-033225,0,128,1024,1024,0,0,100.0686,102.4238,11945.6467,11736.5884,73.1430,298.5595,10.3623,14.3953,5387.7397,7444.4385,3.2542,0.7520,1.0000,88.1182,43.8895,0.9270,2.2500,128,0,confirm-r0,12342.3300,
confirmation,,dflash-tuned,20261001-033737,0,1,64,64,0,0,814.7715,869.2007,767.7890,773.4862,38.3481,42.6083,1.0710,1.9736,586.6319,1046.3586,4.7394,0.5367,1.0000,94.3594,42.6784,0.6970,2.1000,1,0,confirm-r0,779.3400,
confirmation,,dflash-tuned,20261001-033737,0,2,64,64,0,0,750.6721,800.4008,1404.8884,1425.2724,40.3180,65.6729,1.1723,2.1167,638.4992,1120.7685,4.8075,0.5461,1.0000,94.3594,23.3243,0.9680,2.0300,2,0,confirm-r0,1439.6400,
confirmation,,dflash-tuned,20261001-033737,0,4,64,64,0,0,649.8568,688.8210,2373.8759,2453.4209,41.0099,70.9118,1.3620,2.4589,741.9806,1297.6314,4.7830,0.5426,1.0000,94.3594,13.8036,0.8040,1.8400,4,0,confirm-r0,2486.4800,
confirmation,,dflash-tuned,20261001-033737,0,8,64,64,0,0,517.7397,546.3518,3640.0883,3845.5250,43.5704,93.7013,1.7536,3.2179,957.7239,1696.2691,4.7305,0.5352,1.0000,94.3594,9.0020,1.2900,4.2000,8,0,confirm-r0,3851.1900,
confirmation,,dflash-tuned,20261001-033737,0,16,128,128,0,0,366.9838,383.5598,5213.1379,5366.7711,49.2091,92.1976,2.5527,4.7358,1362.4495,2469.3834,4.6708,0.5266,1.0000,89.5156,12.5713,0.8450,1.6800,16,0,confirm-r0,5389.2300,
confirmation,,dflash-tuned,20261001-033737,0,32,256,256,0,0,239.0241,247.2273,6868.1171,6951.0159,57.3111,118.9921,3.9514,7.2297,2074.7168,3776.6192,4.7179,0.5334,1.0000,89.5469,19.0841,1.2170,2.8000,32,0,confirm-r0,7100.7500,
confirmation,,dflash-tuned,20261001-033737,0,48,384,384,0,0,173.4435,178.7491,7550.9953,7453.3092,78.1036,135.9686,5.5635,10.2008,2924.5943,5280.3469,4.7343,0.5358,1.0000,88.8255,26.0374,0.7510,2.3300,48,0,confirm-r0,7543.7700,
confirmation,,dflash-tuned,20261001-033737,0,64,512,512,0,0,136.4130,140.2142,7800.2677,7800.4773,85.7127,163.7611,7.1073,13.1605,3731.4711,6813.9732,4.7156,0.5331,1.0000,89.6680,33.6071,0.5990,1.5800,64,0,confirm-r0,7732.0300,
confirmation,,dflash-tuned,20261001-033737,0,96,768,768,0,0,97.0773,99.3004,8406.7828,8317.8344,113.3227,208.2819,10.0671,18.9298,5256.9900,9790.9604,4.7020,0.5311,1.0000,87.7995,46.7737,0.8590,2.0900,96,0,confirm-r0,8284.4000,
confirmation,,dflash-tuned,20261001-033737,0,128,1024,1024,0,0,90.0315,93.0893,10507.0078,10503.3778,171.5388,437.0432,10.4564,19.2123,5525.7074,9950.6746,4.7025,0.5312,1.0000,88.1182,49.8989,0.7020,2.3000,128,0,confirm-r0,10581.7600,
confirmation,,plain-tuned-triton,20261001-034512,0,1,64,64,0,0,286.0831,291.0836,285.7889,285.7788,34.1031,35.8878,3.4360,3.4708,1790.1441,1807.9377,,,1.0000,94.3594,114.6581,0.9970,2.2200,1,0,confirm-r0,289.9200,
confirmation,,plain-tuned-triton,20261001-034512,0,2,64,64,0,0,276.6917,285.4259,552.8476,552.8547,60.0441,63.1908,3.5028,3.5399,1849.6259,1869.0247,,,1.0000,94.3594,59.2713,0.7780,1.9900,2,0,confirm-r0,569.5500,
confirmation,,plain-tuned-triton,20261001-034512,0,4,64,64,0,0,266.3896,274.7827,1064.6068,1064.5490,63.1005,64.6419,3.6394,3.6593,1922.2328,1932.2459,,,1.0000,94.3594,30.7794,0.9920,2.5300,4,0,confirm-r0,1099.6100,
confirmation,,plain-tuned-triton,20261001-034512,0,8,64,64,0,0,252.3990,260.2050,2017.5481,2015.3469,64.8539,68.6611,3.8463,3.8644,2027.6554,2040.2465,,,1.0000,94.3594,16.2415,0.4960,0.9900,8,0,confirm-r0,2083.3700,
confirmation,,plain-tuned-triton,20261001-034512,0,16,128,128,0,0,228.5457,235.3170,3653.2706,3652.3553,68.7262,74.4189,4.2475,4.2666,2239.1541,2251.5633,,,1.0000,89.5156,17.9390,0.6640,1.6900,16,0,confirm-r0,3759.3300,
confirmation,,plain-tuned-triton,20261001-034512,0,32,256,256,0,0,194.9772,202.6980,6234.1249,6235.3911,105.1022,115.1957,4.9293,5.0151,2621.2311,2637.9812,,,1.0000,89.5469,21.0249,0.7370,1.7300,32,0,confirm-r0,6494.5800,
confirmation,,mtp-tuned-triton,20261001-035138,0,1,64,64,0,0,539.9076,563.0380,532.4922,533.8628,40.4747,42.1566,1.7152,2.3707,917.3626,1250.1280,3.2586,0.7535,1.0000,94.3594,61.5371,1.1360,3.5100,1,0,confirm-r0,542.0400,
confirmation,,mtp-tuned-triton,20261001-035138,0,2,64,64,0,0,507.4785,530.8230,991.7335,1000.8586,45.1755,65.8726,1.8184,2.4983,973.6370,1322.8034,3.2573,0.7532,1.0000,94.3594,33.0411,1.0250,2.8800,2,0,confirm-r0,1020.4700,
confirmation,,mtp-tuned-triton,20261001-035138,0,4,64,64,0,0,463.4423,484.2282,1792.0924,1820.4861,45.5969,75.2223,1.9883,2.6478,1063.1596,1417.0286,3.2592,0.7541,1.0000,94.3594,18.2848,1.1930,2.9000,4,0,confirm-r0,1846.9400,
confirmation,,mtp-tuned-triton,20261001-035138,0,8,64,64,0,0,404.0343,422.1729,3012.4642,3152.0332,47.0263,84.7126,2.3101,3.1543,1237.3645,1654.7937,3.2524,0.7518,1.0000,94.3594,10.8775,0.6360,1.2900,8,0,confirm-r0,3483.8400,
confirmation,,mtp-tuned-triton,20261001-035138,0,16,128,128,0,0,315.4610,326.9756,4718.7127,4868.8400,48.9739,99.7985,3.0593,4.1617,1614.1894,2176.0776,3.2479,0.7500,1.0000,89.5156,13.8885,1.0290,2.1500,16,0,confirm-r0,5236.3000,
confirmation,,mtp-tuned-triton,20261001-035138,0,32,256,256,0,0,224.1561,231.3902,6666.2798,6780.7580,53.8832,132.1093,4.4400,6.2252,2337.7237,3246.0625,3.2552,0.7522,1.0000,89.5469,19.6619,0.7560,2.0800,32,0,confirm-r0,6963.6900,
confirmation,,mtp-tuned-triton,20261001-035138,0,48,384,384,0,0,177.5266,182.4315,7991.2631,7886.6894,67.2552,130.9576,5.6902,8.1878,2973.8049,4241.5635,3.2535,0.7520,1.0000,88.8255,24.6029,0.7040,1.9300,48,0,confirm-r0,7625.7600,
confirmation,,mtp-tuned-triton,20261001-035138,0,64,512,512,0,0,148.7360,152.7551,8842.9847,8792.9984,78.4512,177.2740,6.8657,9.6911,3604.8186,5032.2802,3.2551,0.7525,1.0000,89.6680,29.6443,0.6980,2.2000,64,0,confirm-r0,8697.3700,
confirmation,,dflash-tuned-b16,20261001-035803,0,1,64,64,0,0,986.3585,1076.1332,873.2653,880.9015,39.8052,43.7288,0.8882,2.0480,493.4878,1084.3083,5.7008,0.3162,1.0000,94.3594,37.5235,0.9670,2.6300,1,0,confirm-r0,841.3700,
confirmation,,dflash-tuned-b16,20261001-035803,0,2,64,64,0,0,875.1999,956.5021,1508.0752,1546.6988,44.5753,69.2327,0.9726,2.3397,540.8831,1239.7560,5.6928,0.3157,1.0000,94.3594,21.7284,0.7750,2.3800,2,0,confirm-r0,1567.7500,
confirmation,,dflash-tuned-b16,20261001-035803,0,4,64,64,0,0,710.9204,765.8008,2426.1719,2518.3687,46.2587,70.9826,1.2357,2.8153,680.6654,1493.4666,5.6820,0.3150,1.0000,94.3594,13.5061,1.0910,2.7100,4,0,confirm-r0,2579.1700,
confirmation,,dflash-tuned-b16,20261001-035803,0,8,64,64,0,0,527.5336,564.1114,3487.2915,3616.8257,51.4487,79.1069,1.6623,4.3541,911.3711,2271.5580,5.7660,0.3203,1.0000,94.3594,9.3964,0.5440,1.3900,8,0,confirm-r0,3587.9100,
confirmation,,dflash-tuned-b16,20261001-035803,0,16,128,128,0,0,329.3432,345.7995,4334.2407,4525.1572,62.2519,101.9932,2.9685,6.1640,1585.5413,3218.1144,5.5880,0.3087,1.0000,89.5156,15.1205,0.9530,2.0900,16,0,confirm-r0,4540.0100,
confirmation,,dflash-tuned-b16,20261001-035803,0,32,256,256,0,0,183.3300,189.9138,5024.5751,5069.6705,85.5649,122.4147,5.1655,11.3956,2725.2009,5910.4392,5.6382,0.3117,1.0000,89.5469,26.0862,0.8200,2.2300,32,0,confirm-r0,5104.4000,
confirmation,,dflash-tuned-b16,20261001-035803,0,48,384,384,0,0,129.7932,133.6674,5332.0629,5315.1714,108.5507,135.9282,7.3844,16.5151,3871.6638,8540.8454,5.6710,0.3141,1.0000,88.8255,36.8728,0.7460,1.9600,48,0,confirm-r0,5296.9100,
confirmation,,dflash-tuned-b16,20261001-035803,0,64,512,512,0,0,113.8202,120.2414,6256.9015,6359.8027,180.2671,635.6276,8.1507,17.3829,4426.4027,9188.4706,5.6637,0.3136,1.0000,89.6680,41.8968,1.3860,6.4900,64,0,confirm-r0,6399.7700,
confirmation,,dflash-tuned-b4,20261001-040415,0,32,256,256,0,0,206.1295,211.5642,6118.9757,6210.2191,51.1403,114.1373,4.8478,6.8777,2546.3925,3577.8082,3.2646,0.7556,1.0000,89.5469,21.4206,0.5440,1.3900,32,0,confirm-r0,6286.8500,
confirmation,,dflash-tuned-b4,20261001-040415,0,48,384,384,0,0,162.7919,166.7195,7367.5423,7284.0016,66.7991,134.2988,6.1275,8.9078,3197.0104,4608.2810,3.2691,0.7571,1.0000,88.8255,26.6857,1.1410,5.4800,48,0,confirm-r0,7333.0500,
confirmation,,dflash-tuned-b4,20261001-040415,0,64,512,512,0,0,133.2724,136.3009,7932.4435,7904.5307,67.5425,174.6299,7.6779,10.8102,3988.2424,5591.5386,3.2683,0.7566,1.0000,89.6680,33.0471,0.8170,1.8100,64,0,confirm-r0,7858.0200,
confirmation,,dflash-tuned-b4,20261001-040415,0,96,768,768,0,0,98.5688,100.4815,8859.6017,8724.8378,82.8706,212.3429,10.3361,14.7379,5366.8258,7599.4643,3.2622,0.7547,1.0000,87.7995,44.3830,1.3630,5.9400,96,0,confirm-r0,8978.5400,
confirmation,,dflash-tuned-b4,20261001-040415,0,128,1024,1024,0,0,96.0568,98.7626,11683.3572,11698.4161,119.7584,399.9911,9.9388,13.9877,5243.0621,7285.2097,3.2592,0.7538,1.0000,88.1182,44.8748,1.3140,4.6200,128,0,confirm-r0,11802.7700,
confirmation,,dflash-tuned-b4,20261001-050250,0,32,256,256,0,0,206.0808,211.6783,6163.5368,6224.1521,51.9020,117.2443,4.7864,6.6784,2504.0425,3463.1809,3.2690,0.7571,1.0000,89.5469,21.2657,0.4060,0.8700,32,0,confirm-r1,6507.4500,6414.1401
confirmation,,dflash-tuned-b4,20261001-050250,0,48,384,384,0,0,161.9534,165.7353,7338.5650,7291.1623,58.1765,135.1391,6.1474,8.8148,3208.3773,4583.8401,3.2644,0.7553,1.0000,88.8255,26.7911,0.4030,0.8400,48,0,confirm-r1,7572.9600,7530.4627
confirmation,,dflash-tuned-b4,20261001-050250,0,64,512,512,0,0,133.7745,136.7086,7963.2758,7932.8239,66.6885,158.7591,7.6266,10.7829,3978.4250,5604.4478,3.2662,0.7559,1.0000,89.6680,32.9191,0.4000,1.0000,64,0,confirm-r1,8114.8200,8222.0687
confirmation,,dflash-tuned-b4,20261001-050250,0,96,768,768,0,0,97.4411,99.2592,8783.1781,8664.8029,83.7215,203.5400,10.3719,14.9801,5386.1135,7740.0010,3.2616,0.7546,1.0000,87.7995,44.7692,0.6610,2.0600,96,0,confirm-r1,8592.6100,8970.5020
confirmation,,dflash-tuned-b4,20261001-050250,0,128,1024,1024,0,0,94.5236,97.0982,11504.3166,11517.3410,121.0278,448.7224,10.1387,14.1984,5338.3218,7367.4401,3.2597,0.7540,1.0000,88.1182,45.5732,0.3780,1.0300,128,0,confirm-r1,11825.9200,11757.1432
confirmation,,dflash-tuned,20261001-050751,0,1,64,64,0,0,815.8418,870.0828,768.5837,774.2020,38.1138,42.5825,1.0652,1.9776,581.3163,1046.6640,4.7394,0.5367,1.0000,94.3594,42.6343,0.3930,1.1400,1,0,confirm-r1,777.3600,774.4822
confirmation,,dflash-tuned,20261001-050751,0,2,64,64,0,0,754.1125,803.4252,1410.8325,1431.4682,39.5806,65.8431,1.1649,2.1162,634.2041,1121.0195,4.8075,0.5461,1.0000,94.3594,23.2260,0.3150,0.7400,2,0,confirm-r1,1443.9500,1441.1954
confirmation,,dflash-tuned,20261001-050751,0,4,64,64,0,0,654.8390,693.7068,2395.7299,2477.6030,40.3479,68.2936,1.3493,2.4477,732.9455,1290.8113,4.8005,0.5450,1.0000,94.3594,13.6777,0.3380,0.7600,4,0,confirm-r1,2498.0400,2507.0415
confirmation,,dflash-tuned,20261001-050751,0,8,64,64,0,0,522.8424,550.7521,3674.5522,3884.3041,42.7322,91.2248,1.7415,3.1873,952.4530,1679.4072,4.7305,0.5352,1.0000,94.3594,8.9175,0.3320,0.7100,8,0,confirm-r1,3921.9600,3882.7507
confirmation,,dflash-tuned,20261001-050751,0,16,128,128,0,0,373.0414,389.4480,5302.2281,5457.8686,47.6520,88.6524,2.5060,4.6388,1333.2627,2417.0744,4.6708,0.5266,1.0000,89.5156,12.3601,0.3210,0.7900,16,0,confirm-r1,5510.7700,5526.8102
confirmation,,dflash-tuned,20261001-050751,0,32,256,256,0,0,237.1477,245.2549,6823.7897,6864.4054,57.6142,115.1378,4.0780,7.1124,2146.0175,3734.4777,4.7336,0.5356,1.0000,89.5469,19.2081,0.3660,1.2900,32,0,confirm-r1,6966.8700,7072.2920
confirmation,,dflash-tuned,20261001-050751,0,48,384,384,0,0,174.0346,179.1408,7579.2057,7471.0025,75.3891,128.5401,5.5202,10.2649,2902.8060,5313.2971,4.7491,0.5379,1.0000,88.8255,25.9404,0.6020,1.8000,48,0,confirm-r1,7551.8000,7655.8676
confirmation,,dflash-tuned,20261001-050751,0,64,512,512,0,0,139.3353,143.1585,7995.9507,7982.9916,82.7656,164.0892,6.9376,12.8770,3627.4807,6664.2612,4.7278,0.5349,1.0000,89.6680,32.7846,0.6050,2.0600,64,0,confirm-r1,8155.5200,8278.9032
confirmation,,dflash-tuned,20261001-050751,0,96,768,768,0,0,97.8655,100.1283,8474.9172,8384.3149,113.5397,214.3093,10.0205,18.7288,5222.9681,9674.4896,4.7124,0.5327,1.0000,87.7995,46.3976,0.5200,1.4700,96,0,confirm-r1,8441.1400,8680.2447
confirmation,,dflash-tuned,20261001-050751,0,128,1024,1024,0,0,90.7790,93.8509,10595.2377,10592.0808,162.0146,394.0374,10.3525,18.9254,5465.2132,9870.9065,4.6983,0.5305,1.0000,88.1182,49.4834,0.4330,1.4500,128,0,confirm-r1,10679.1000,10802.0508
confirmation,,mtp-tuned,20261001-051524,0,32,256,256,0,0,223.4423,230.5079,6623.5743,6778.0900,51.7690,138.3694,4.4494,5.9682,2337.8026,3101.5531,3.2555,0.7526,1.0000,89.5469,19.7887,0.4540,1.5700,32,0,confirm-r1,6903.9400,6534.8247
confirmation,,mtp-tuned,20261001-051524,0,48,384,384,0,0,179.6959,185.0099,8085.0244,7966.6043,75.1905,141.8121,5.6395,7.9173,2954.6158,4113.8938,3.2682,0.7568,1.0000,88.8255,24.3176,0.3530,0.9000,48,0,confirm-r1,9086.3200,8340.9102
confirmation,,mtp-tuned,20261001-051524,0,64,512,512,0,0,153.5341,157.8896,9070.9405,9058.6264,76.9369,168.1969,6.7715,9.2712,3534.1854,4813.9508,3.2631,0.7549,1.0000,89.6680,28.8993,0.4930,1.1600,64,0,confirm-r1,9302.9000,9421.4981
confirmation,,mtp-tuned,20261001-051524,0,96,768,768,0,0,118.3959,121.3791,10555.6399,10386.7667,80.1833,220.5560,8.7977,12.5666,4574.3738,6502.2376,3.2555,0.7524,1.0000,87.7995,37.2517,0.3900,0.9200,96,0,confirm-r1,10506.0100,10829.7065
confirmation,,mtp-tuned,20261001-051524,0,128,1024,1024,0,0,100.4654,102.7838,11978.7689,11795.4473,72.4494,283.8257,10.3618,14.4607,5370.7530,7484.8419,3.2574,0.7530,1.0000,88.1182,43.7681,0.4380,1.0400,128,0,confirm-r1,12635.3900,12271.8978
confirmation,,plain-tuned,20261001-052008,0,1,64,64,0,0,282.8094,287.8004,282.5226,282.4943,34.7824,38.2384,3.4794,3.4916,1812.4759,1820.7634,,,1.0000,94.3594,115.9837,0.6580,2.7700,1,0,confirm-r1,286.4700,282.5919
confirmation,,plain-tuned,20261001-052008,0,2,64,64,0,0,273.3497,282.0173,546.1847,546.1864,61.0830,64.1620,3.5493,3.5609,1875.6127,1881.1288,,,1.0000,94.3594,59.9944,0.4340,1.3900,2,0,confirm-r1,562.6000,546.6010
confirmation,,plain-tuned,20261001-052008,0,4,64,64,0,0,263.0423,271.4647,1051.2548,1051.1698,64.3120,66.7622,3.6858,3.6939,1947.4471,1951.6839,,,1.0000,94.3594,31.1704,0.4260,1.1700,4,0,confirm-r1,1085.2600,1053.1404
confirmation,,plain-tuned,20261001-052008,0,8,64,64,0,0,250.1739,258.0659,1999.7720,1998.5594,65.1198,72.1900,3.8750,3.8896,2047.3494,2050.4904,,,1.0000,94.3594,16.3859,0.3780,0.7600,8,0,confirm-r1,2061.2600,2005.4541
confirmation,,plain-tuned,20261001-052008,0,16,128,128,0,0,228.3219,235.1787,3649.4357,3651.4698,68.8826,74.5301,4.2706,4.2846,2249.4197,2253.8552,,,1.0000,89.5156,17.9578,0.3900,1.2000,16,0,confirm-r1,3753.9700,3658.3681
confirmation,,plain-tuned,20261001-052008,0,32,256,256,0,0,194.8055,202.6002,6228.9323,6228.8691,107.3858,114.2072,4.9334,5.0083,2628.1520,2640.9694,,,1.0000,89.5469,21.0425,0.4170,1.5000,32,0,confirm-r1,6489.7500,6253.4695
confirmation,,plain-tuned,20261001-052008,0,48,384,384,0,0,172.6722,178.7583,8282.1478,8274.1894,110.8775,124.5954,5.5876,5.6578,2963.0693,2994.6804,,,1.0000,88.8255,23.7388,0.4750,1.5200,48,0,confirm-r1,8631.5000,8309.5953
confirmation,,plain-tuned,20261001-052008,0,64,512,512,0,0,154.7549,160.3057,9897.1158,9881.5267,112.8315,155.9440,6.2504,6.2973,3307.7852,3345.6300,,,1.0000,89.6680,26.4869,0.4260,1.5600,64,0,confirm-r1,10380.7900,9939.9187
confirmation,,plain-tuned,20261001-052008,0,96,768,768,0,0,127.2470,131.3918,12206.3955,12169.7130,134.7516,201.8040,7.6105,7.6881,4023.5346,4121.7282,,,1.0000,87.7995,32.2139,0.3580,1.3000,96,0,confirm-r1,12851.2200,12271.9500
confirmation,,plain-tuned,20261001-052008,0,128,1024,1024,0,0,108.6069,112.3089,13890.0139,13830.3504,159.9496,250.5749,8.9009,9.0942,4710.1646,4846.0901,,,1.0000,88.1182,37.7457,0.3390,0.9200,128,0,confirm-r1,14727.9100,13974.7860
confirmation,,dflash-tuned-b16,20261001-062159,0,1,64,64,0,0,985.3665,1078.5096,874.6520,882.3696,41.4151,45.9025,0.8884,2.0273,496.2337,1077.0017,5.7008,0.3162,1.0000,94.3594,37.4640,0.4250,1.3600,1,0,confirm-r1,851.9400,888.4845
confirmation,,dflash-tuned-b16,20261001-062159,0,2,64,64,0,0,875.0997,957.1897,1508.0107,1546.8674,44.9970,71.1919,0.9654,2.3407,540.2671,1240.5592,5.6928,0.3157,1.0000,94.3594,21.7293,0.2920,0.6700,2,0,confirm-r1,1574.0500,1545.9016
confirmation,,dflash-tuned-b16,20261001-062159,0,4,64,64,0,0,709.6088,764.9934,2422.7382,2514.8679,46.8363,72.3323,1.2369,2.8142,683.0351,1492.2863,5.6820,0.3150,1.0000,94.3594,13.5252,0.2660,0.6600,4,0,confirm-r1,2616.0300,2554.8578
confirmation,,dflash-tuned-b16,20261001-062159,0,8,64,64,0,0,527.1420,563.7675,3483.4456,3612.8582,52.0445,80.1029,1.6625,4.3769,913.5619,2283.9660,5.7660,0.3203,1.0000,94.3594,9.4068,0.3110,1.0500,8,0,confirm-r1,3558.3200,3640.4040
confirmation,,dflash-tuned-b16,20261001-062159,0,16,128,128,0,0,328.7741,345.3081,4329.5363,4514.1663,62.6104,101.8045,2.9654,6.1696,1581.6615,3219.8335,5.5880,0.3087,1.0000,89.5156,15.1370,0.2900,0.8000,16,0,confirm-r1,4495.6200,4279.5571
confirmation,,dflash-tuned-b16,20261001-062159,0,32,256,256,0,0,183.2323,189.9169,5013.7921,5057.7378,87.4929,120.8631,5.2373,11.5406,2754.3921,5975.7532,5.6078,0.3098,1.0000,89.5469,26.1423,0.3240,0.9200,32,0,confirm-r1,5142.0500,5179.0151
confirmation,,dflash-tuned-b16,20261001-062159,0,48,384,384,0,0,128.7383,132.5961,5290.3084,5276.1294,108.8130,137.5149,7.5443,16.9109,3971.0755,8743.0916,5.6479,0.3127,1.0000,88.8255,37.1638,0.3150,0.8400,48,0,confirm-r1,5340.2600,5386.2218
confirmation,,dflash-tuned-b16,20261001-062159,0,64,512,512,0,0,113.6492,119.9704,6258.2955,6344.4334,181.5732,620.3464,8.2023,17.3105,4437.8135,9109.9454,5.6665,0.3139,1.0000,89.6680,41.8874,0.7350,5.2900,64,0,confirm-r1,6454.8900,6501.5451
confirmation,,mtp-tuned-triton,20261001-062757,0,1,64,64,0,0,540.1970,563.6377,532.8319,534.2068,40.9157,43.4402,1.7131,2.3674,915.8341,1249.0302,3.2586,0.7535,1.0000,94.3594,61.4978,0.2260,0.6900,1,0,confirm-r1,542.8300,536.3900
confirmation,,mtp-tuned-triton,20261001-062757,0,2,64,64,0,0,507.3768,531.0291,991.6408,1000.7798,45.8362,67.5992,1.8170,2.4972,974.0248,1322.7483,3.2573,0.7532,1.0000,94.3594,33.0442,0.2400,0.5000,2,0,confirm-r1,1021.9100,1005.1496
confirmation,,mtp-tuned-triton,20261001-062757,0,4,64,64,0,0,461.8520,482.9016,1786.2288,1814.2593,46.4995,75.1525,1.9973,2.6521,1067.7392,1419.6882,3.2592,0.7541,1.0000,94.3594,18.3448,1.0850,5.5200,4,0,confirm-r1,1846.0300,1802.1522
confirmation,,mtp-tuned-triton,20261001-062757,0,8,64,64,0,0,403.1927,421.4466,3006.8521,3145.7670,47.2450,85.4192,2.3160,3.1581,1239.7544,1656.9896,3.2524,0.7518,1.0000,94.3594,10.8978,0.3050,0.7300,8,0,confirm-r1,3180.7900,3106.9854
confirmation,,mtp-tuned-triton,20261001-062757,0,16,128,128,0,0,312.5690,324.2053,4675.4187,4820.7297,50.1795,105.2010,3.0819,4.2018,1629.5042,2197.5760,3.2479,0.7500,1.0000,89.5156,14.0171,0.4360,1.4000,16,0,confirm-r1,5178.7400,4744.0171
confirmation,,mtp-tuned-triton,20261001-062757,0,32,256,256,0,0,225.5864,233.2131,6726.9718,6843.0210,55.3682,139.3073,4.3623,6.1117,2298.8775,3187.0554,3.2556,0.7522,1.0000,89.5469,19.4845,0.5270,1.4800,32,0,confirm-r1,7228.8500,6804.5072
confirmation,,mtp-tuned-triton,20261001-062757,0,48,384,384,0,0,175.9039,180.9596,7938.5538,7811.8247,69.3738,141.4014,5.7514,8.2340,3001.3848,4283.6992,3.2551,0.7525,1.0000,88.8255,24.7662,0.5390,1.7800,48,0,confirm-r1,7859.3500,7943.4149
confirmation,,mtp-tuned-triton,20261001-062757,0,64,512,512,0,0,146.7911,150.8849,8723.8183,8643.9437,80.8250,183.9593,7.0288,9.7703,3671.0474,5049.0307,3.2601,0.7541,1.0000,89.6680,30.0492,0.3720,1.2600,64,0,confirm-r1,8631.0900,8845.2892
confirmation,,plain-tuned-triton,20261001-063358,0,1,64,64,0,0,285.6967,290.6516,285.4028,285.3763,34.0286,36.2789,3.4426,3.4849,1792.9639,1815.1088,,,1.0000,94.3594,114.8132,0.7590,1.9300,1,0,confirm-r1,289.0600,285.5132
confirmation,,plain-tuned-triton,20261001-063358,0,2,64,64,0,0,275.7269,284.4200,550.9384,550.9511,60.1251,64.6819,3.5158,3.5543,1857.5027,1875.5888,,,1.0000,94.3594,59.4767,0.2330,0.9100,2,0,confirm-r1,567.4000,551.3759
confirmation,,plain-tuned-triton,20261001-063358,0,4,64,64,0,0,266.3666,274.6764,1064.5148,1064.6216,62.0900,65.0237,3.6457,3.6637,1925.4685,1932.7611,,,1.0000,94.3594,30.7821,0.4750,3.1200,4,0,confirm-r1,1096.5000,1066.2581
confirmation,,plain-tuned-triton,20261001-063358,0,8,64,64,0,0,252.2196,259.9688,2016.1107,2015.3762,63.6140,68.4445,3.8413,3.8724,2028.3356,2044.6294,,,1.0000,94.3594,16.2531,0.2270,0.3900,8,0,confirm-r1,2079.1300,2021.9394
confirmation,,plain-tuned-triton,20261001-063358,0,16,128,128,0,0,229.3633,236.1136,3666.0497,3666.8435,67.4258,74.3406,4.2400,4.2588,2232.7081,2250.5863,,,1.0000,89.5156,17.8765,0.2490,0.5400,16,0,confirm-r1,3767.2300,3677.9838
confirmation,,plain-tuned-triton,20261001-063358,0,32,256,256,0,0,195.1946,202.8364,6241.1772,6242.2488,104.2285,110.7572,4.9256,5.0093,2621.4195,2636.4788,,,1.0000,89.5469,21.0012,0.2900,0.8000,32,0,confirm-r1,6496.1700,6265.5609
confirmation,,plain-tuned,20261001-064915,0,1,64,64,0,0,281.9015,286.8071,281.6255,281.6288,34.5897,36.8699,3.4906,3.4963,1818.0449,1822.6963,,,1.0000,94.3594,116.3531,0.3780,5.1900,1,0,confirm-r2,286.0300,281.6782
confirmation,,plain-tuned,20261001-064915,0,2,64,64,0,0,273.2405,281.8457,545.9621,546.0030,60.4288,64.3991,3.5542,3.5661,1878.0674,1884.4541,,,1.0000,94.3594,60.0188,1.4100,2.3500,2,0,confirm-r2,561.9900,546.4115
confirmation,,plain-tuned,20261001-064915,0,4,64,64,0,0,263.6805,271.9892,1053.7923,1053.8568,63.3946,66.7701,3.6805,3.6938,1943.3643,1949.5803,,,1.0000,94.3594,31.0953,1.2910,1.9400,4,0,confirm-r2,1084.9800,1055.1930
confirmation,,plain-tuned,20261001-064915,0,8,64,64,0,0,250.3051,257.9778,2000.8510,2001.2476,65.0477,68.9159,3.8761,3.8929,2044.5479,2051.5015,,,1.0000,94.3594,16.3770,1.3750,1.8600,8,0,confirm-r2,2060.4800,2008.5311
confirmation,,plain-tuned,20261001-064915,0,16,128,128,0,0,227.7341,234.6104,3640.3705,3636.0114,68.7510,78.6909,4.2668,4.2804,2248.5788,2259.7430,,,1.0000,89.5156,18.0026,1.4100,1.9300,16,0,confirm-r2,3751.0300,3651.1749
confirmation,,plain-tuned,20261001-064915,0,32,256,256,0,0,194.9451,202.8119,6233.0543,6236.2248,107.1979,115.5290,4.9369,5.0157,2630.5635,2642.9180,,,1.0000,89.5469,21.0285,1.5680,2.8100,32,0,confirm-r2,6496.0900,6256.8126
confirmation,,plain-tuned,20261001-064915,0,48,384,384,0,0,172.8700,178.9520,8291.5238,8286.6465,110.9536,121.6668,5.5839,5.6548,2964.4461,2987.6401,,,1.0000,88.8255,23.7119,1.4860,2.1300,48,0,confirm-r2,8616.3300,8316.5448
confirmation,,plain-tuned,20261001-064915,0,64,512,512,0,0,154.9801,160.4544,9911.2697,9888.4736,113.6354,158.1004,6.2373,6.2893,3306.4262,3361.0867,,,1.0000,89.6680,26.4491,1.0200,2.3900,64,0,confirm-r2,10355.5900,9954.2343
confirmation,,plain-tuned,20261001-064915,0,96,768,768,0,0,126.9463,131.1323,12177.4348,12139.2395,137.2495,198.4370,7.6258,7.7129,4033.4734,4101.3261,,,1.0000,87.7995,32.2905,0.5930,4.7700,96,0,confirm-r2,12828.3500,12240.6270
confirmation,,plain-tuned,20261001-064915,0,128,1024,1024,0,0,108.7328,112.3669,13905.3415,13846.8611,155.0855,259.1682,8.9057,9.0992,4697.8114,4864.1035,,,1.0000,88.1182,37.7041,0.3720,0.9300,128,0,confirm-r2,14727.4300,13993.6534
confirmation,,mtp-tuned,20261001-065846,0,32,256,256,0,0,221.9138,228.7751,6567.6403,6739.8100,51.4696,134.5266,4.4795,6.0703,2346.8321,3164.5133,3.2603,0.7540,1.0000,89.5469,19.9572,0.3530,0.9500,32,0,confirm-r2,7331.4500,6957.6055
confirmation,,mtp-tuned,20261001-065846,0,48,384,384,0,0,183.7560,189.1465,8247.4047,8159.8593,71.4881,142.2298,5.5493,7.6443,2900.3365,3977.9891,3.2673,0.7563,1.0000,88.8255,23.8388,0.3370,0.9500,48,0,confirm-r2,9181.4200,8525.8586
confirmation,,mtp-tuned,20261001-065846,0,64,512,512,0,0,154.5600,158.9900,9137.8188,9129.2091,76.1828,174.1676,6.7103,9.1820,3501.5490,4767.9265,3.2631,0.7549,1.0000,89.6680,28.6878,0.3130,0.9000,64,0,confirm-r2,9363.7000,9492.8172
confirmation,,mtp-tuned,20261001-065846,0,96,768,768,0,0,120.0298,123.0193,10690.2157,10557.1506,81.5189,212.7576,8.6762,12.3738,4511.3699,6387.6925,3.2559,0.7525,1.0000,87.7995,36.7828,0.3450,1.4000,96,0,confirm-r2,10795.0700,10997.2734
confirmation,,mtp-tuned,20261001-065846,0,128,1024,1024,0,0,101.1433,103.5176,12083.4100,11910.4854,73.2067,303.6596,10.2570,14.2924,5336.5172,7395.2128,3.2565,0.7527,1.0000,88.1182,43.3891,0.3490,1.0700,128,0,confirm-r2,12322.4000,12376.7393
confirmation,,dflash-tuned,20261001-070330,0,1,64,64,0,0,812.5916,866.8258,765.9558,771.5519,38.3411,42.0386,1.0731,1.9837,586.0936,1051.4357,4.7394,0.5367,1.0000,94.3594,42.7805,0.2920,0.9200,1,0,confirm-r2,775.3000,771.8874
confirmation,,dflash-tuned,20261001-070330,0,2,64,64,0,0,753.1017,802.5745,1409.4587,1430.1055,39.7559,66.0205,1.1667,2.1147,636.0155,1120.3650,4.8075,0.5461,1.0000,94.3594,23.2486,0.3050,0.9700,2,0,confirm-r2,1441.6300,1439.7516
confirmation,,dflash-tuned,20261001-070330,0,4,64,64,0,0,645.6747,684.9050,2358.9242,2438.0938,41.4502,70.2719,1.3615,2.4822,743.7044,1307.7268,4.7830,0.5426,1.0000,94.3594,13.8911,0.3610,0.9800,4,0,confirm-r2,2470.6300,2474.1520
confirmation,,dflash-tuned,20261001-070330,0,8,64,64,0,0,517.6715,545.5380,3639.3423,3845.4533,43.6066,93.1737,1.7605,3.2162,961.0727,1696.3669,4.7305,0.5352,1.0000,94.3594,9.0038,0.3310,1.1900,8,0,confirm-r2,3881.3000,3845.3202
confirmation,,dflash-tuned,20261001-070330,0,16,128,128,0,0,369.5583,385.7632,5251.5638,5388.0911,48.2509,91.2821,2.5206,4.6577,1339.6957,2428.0525,4.6648,0.5259,1.0000,89.5156,12.4793,0.4040,1.0300,16,0,confirm-r2,5567.3300,5548.1924
confirmation,,dflash-tuned,20261001-070330,0,32,256,256,0,0,238.3852,247.0310,6840.5805,6911.7630,60.8266,118.3172,3.9987,7.3527,2100.8430,3816.6183,4.7397,0.5365,1.0000,89.5469,19.1609,0.3340,0.8700,32,0,confirm-r2,6994.4500,7031.2032
confirmation,,dflash-tuned,20261001-070330,0,48,384,384,0,0,174.0967,179.3163,7575.0548,7467.9322,73.1930,132.0643,5.5180,10.0076,2904.0497,5206.1633,4.7371,0.5361,1.0000,88.8255,25.9547,0.3240,0.8800,48,0,confirm-r2,7567.7100,7649.1805
confirmation,,dflash-tuned,20261001-070330,0,64,512,512,0,0,138.5615,142.3507,7955.5431,7967.1824,83.8563,158.9519,6.9327,12.8702,3631.2150,6683.4194,4.7311,0.5354,1.0000,89.6680,32.9511,0.3220,1.2800,64,0,confirm-r2,8080.8600,8249.8557
confirmation,,dflash-tuned,20261001-070330,0,96,768,768,0,0,98.2118,100.5016,8480.5404,8403.7829,116.4986,212.0065,9.9395,18.8090,5189.0553,9699.7220,4.7123,0.5326,1.0000,87.7995,46.3669,0.3170,0.9600,96,0,confirm-r2,8367.4500,8681.5605
confirmation,,dflash-tuned,20261001-070330,0,128,1024,1024,0,0,90.3780,93.5004,10536.8081,10533.2759,170.8094,398.9725,10.4152,18.6887,5477.1919,9840.6223,4.6997,0.5307,1.0000,88.1182,49.7578,0.3940,1.1900,128,0,confirm-r2,10640.2100,10733.8124
confirmation,,dflash-tuned-b4,20261001-071103,0,32,256,256,0,0,207.0335,212.9940,6200.1196,6257.0343,52.6160,131.6241,4.7574,6.7189,2496.9322,3493.2231,3.2681,0.7566,1.0000,89.5469,21.1402,0.4790,1.2400,32,0,confirm-r2,6320.9700,6452.0719
confirmation,,dflash-tuned-b4,20261001-071103,0,48,384,384,0,0,160.4372,164.2681,7275.4869,7195.5086,63.8302,138.6251,6.2297,8.8533,3246.0893,4610.3668,3.2712,0.7577,1.0000,88.8255,27.0233,0.4080,1.2000,48,0,confirm-r2,7795.8700,7455.4527
confirmation,,dflash-tuned-b4,20261001-071103,0,64,512,512,0,0,132.1500,135.0824,7870.0399,7820.9818,74.6047,158.7260,7.7402,10.9122,4028.6771,5639.9544,3.2667,0.7560,1.0000,89.6680,33.3091,0.3360,0.8600,64,0,confirm-r2,7735.7000,8127.3702
confirmation,,dflash-tuned-b4,20261001-071103,0,96,768,768,0,0,97.1468,98.9817,8746.3341,8614.8249,83.0647,209.8585,10.4746,14.9136,5432.4681,7703.7281,3.2634,0.7552,1.0000,87.7995,44.9578,0.3210,1.2600,96,0,confirm-r2,8655.4500,8929.8883
confirmation,,dflash-tuned-b4,20261001-071103,0,128,1024,1024,0,0,95.0570,97.8130,11557.9985,11577.4277,120.0829,446.5353,10.0698,14.0979,5302.9545,7344.5520,3.2603,0.7542,1.0000,88.1182,45.3615,0.3820,1.0800,128,0,confirm-r2,12067.2600,11822.3563
confirmation,,plain-tuned-triton,20261001-123102,0,1,64,64,0,0,286.0198,290.7944,285.7285,285.6916,32.6991,35.6732,3.4378,3.4778,1789.3782,1812.6658,,,1.0000,94.3594,114.6823,0.5360,1.9100,1,0,confirm-r2,289.6100,285.7839
confirmation,,plain-tuned-triton,20261001-123102,0,2,64,64,0,0,276.5974,285.1099,552.6611,552.5544,58.4962,61.9834,3.5089,3.5460,1852.1711,1870.7074,,,1.0000,94.3594,59.2913,0.8310,2.9400,2,0,confirm-r2,568.8600,553.0839
confirmation,,plain-tuned-triton,20261001-123102,0,4,64,64,0,0,266.3310,274.4823,1064.3596,1064.0909,60.6120,65.3038,3.6415,3.6713,1921.4543,1940.4136,,,1.0000,94.3594,30.7866,0.5710,1.3800,4,0,confirm-r2,1098.2300,1066.2296
confirmation,,plain-tuned-triton,20261001-123102,0,8,64,64,0,0,252.7496,260.3576,2020.3970,2018.7574,63.4081,65.0537,3.8379,3.8663,2025.1557,2037.8844,,,1.0000,94.3594,16.2186,0.4160,1.1700,8,0,confirm-r2,2083.6200,2027.9473
confirmation,,plain-tuned-triton,20261001-123102,0,16,128,128,0,0,230.2751,236.7917,3680.6544,3680.8967,65.3749,70.3405,4.2299,4.2487,2227.0599,2235.6172,,,1.0000,89.5156,17.8055,0.4020,1.2700,16,0,confirm-r2,3766.5900,3691.6365
confirmation,,plain-tuned-triton,20261001-123102,0,32,256,256,0,0,195.0330,202.5197,6236.0728,6236.8025,101.6926,110.3548,4.9370,5.0140,2623.6516,2635.8101,,,1.0000,89.5469,21.0184,0.3570,1.0700,32,0,confirm-r2,6491.1700,6260.6332
confirmation,,mtp-tuned-triton,20261001-123741,0,1,64,64,0,0,539.3928,562.4793,532.0078,533.3637,40.3278,42.4948,1.7165,2.3736,918.1563,1252.9585,3.2586,0.7535,1.0000,94.3594,61.5931,0.4470,1.4000,1,0,confirm-r2,542.8900,535.5798
confirmation,,mtp-tuned-triton,20261001-123741,0,2,64,64,0,0,506.0849,529.5786,989.0579,998.1331,45.7397,64.8756,1.8211,2.5046,976.4456,1325.7603,3.2573,0.7532,1.0000,94.3594,33.1305,0.3020,1.0100,2,0,confirm-r2,1019.2800,1002.6053
confirmation,,mtp-tuned-triton,20261001-123741,0,4,64,64,0,0,462.8077,483.4289,1789.7399,1818.1396,45.6126,72.4208,1.9968,2.6514,1066.1390,1415.8624,3.2592,0.7541,1.0000,94.3594,18.3088,0.3380,1.0800,4,0,confirm-r2,1843.5800,1806.0947
confirmation,,mtp-tuned-triton,20261001-123741,0,8,64,64,0,0,403.3911,421.4509,3007.9714,3147.2637,47.1033,86.4817,2.3158,3.1603,1240.0303,1657.8768,3.2524,0.7518,1.0000,94.3594,10.8937,0.5900,5.1000,8,0,confirm-r2,3497.0500,3088.0235
confirmation,,mtp-tuned-triton,20261001-123741,0,16,128,128,0,0,315.4521,327.0306,4718.7702,4869.5859,48.9940,98.5396,3.0582,4.1582,1613.9003,2173.5753,3.2479,0.7500,1.0000,89.5156,13.8884,0.6840,4.8000,16,0,confirm-r2,5245.9400,4786.8356
confirmation,,mtp-tuned-triton,20261001-123741,0,32,256,256,0,0,225.1928,232.5015,6670.0271,6825.1752,55.3133,127.3641,4.4316,6.3058,2324.3055,3273.3837,3.2515,0.7510,1.0000,89.5469,19.6509,0.4800,1.2400,32,0,confirm-r2,7063.7800,6794.3216
confirmation,,mtp-tuned-triton,20261001-123741,0,48,384,384,0,0,178.9263,184.0471,8088.9576,7975.6890,71.0522,141.3208,5.6530,8.0624,2961.6775,4187.2846,3.2564,0.7530,1.0000,88.8255,24.3057,0.4800,1.6300,48,0,confirm-r2,8253.3500,8041.0079
confirmation,,mtp-tuned-triton,20261001-123741,0,64,512,512,0,0,146.9580,151.0217,8729.8672,8672.0316,74.9981,186.9482,7.0033,9.7749,3651.0901,5063.5073,3.2620,0.7547,1.0000,89.6680,30.0284,0.5990,1.9800,64,0,confirm-r2,8802.5100,8866.4014
confirmation,,dflash-tuned-b16,20261001-124353,0,1,64,64,0,0,988.9398,1075.6859,875.2000,882.8873,38.5511,41.1329,0.8893,2.0491,492.7236,1084.1658,5.7008,0.3162,1.0000,94.3594,37.4406,0.5560,1.7600,1,0,confirm-r2,857.0400,889.1214
confirmation,,dflash-tuned-b16,20261001-124353,0,2,64,64,0,0,878.8983,956.8878,1513.4369,1552.4962,42.6554,66.7790,0.9745,2.3402,540.6589,1238.0317,5.6928,0.3157,1.0000,94.3594,21.6514,0.4500,1.3900,2,0,confirm-r2,1597.8700,1551.4181
confirmation,,dflash-tuned-b16,20261001-124353,0,4,64,64,0,0,718.3533,771.5894,2450.8493,2545.7203,44.2226,66.6827,1.2237,2.7842,673.8528,1474.9127,5.6820,0.3150,1.0000,94.3594,13.3701,0.6570,4.6400,4,0,confirm-r2,2634.2900,2587.4506
confirmation,,dflash-tuned-b16,20261001-124353,0,8,64,64,0,0,535.2046,570.5531,3533.8260,3671.0296,49.1083,74.7223,1.6399,4.2961,896.1954,2239.3929,5.7660,0.3203,1.0000,94.3594,9.2727,1.2930,5.1300,8,0,confirm-r2,3796.8100,3490.1042
confirmation,,dflash-tuned-b16,20261001-124353,0,16,128,128,0,0,336.1404,352.3576,4476.2622,4620.2544,60.2056,92.6816,2.9255,6.1088,1555.6764,3180.5655,5.6278,0.3113,1.0000,89.5156,14.6408,0.3750,0.9800,16,0,confirm-r2,4644.8500,4719.4060
confirmation,,dflash-tuned-b16,20261001-124353,0,32,256,256,0,0,185.0407,191.4924,5078.6420,5122.5907,84.1640,114.2894,5.2229,11.2263,2754.1005,5832.3660,5.6191,0.3105,1.0000,89.5469,25.8085,0.8380,6.4300,32,0,confirm-r2,5204.7900,5234.8727
confirmation,,dflash-tuned-b16,20261001-124353,0,48,384,384,0,0,130.5859,134.4334,5354.7529,5336.4404,107.0747,133.6218,7.2457,16.4366,3814.1329,8480.4393,5.6604,0.3134,1.0000,88.8255,36.7165,0.5470,2.3300,48,0,confirm-r2,5286.6100,5461.0301
confirmation,,dflash-tuned-b16,20261001-124353,0,64,512,512,0,0,113.9961,120.6626,6261.3805,6364.3987,178.0625,762.7818,8.1359,17.1013,4404.6600,9063.9285,5.6477,0.3125,1.0000,89.6680,41.8668,0.5780,2.3600,64,0,confirm-r2,6363.0100,6504.9750
confirmation,,plain-tuned,20261001-141736,0,1,64,64,0,0,282.3706,287.3351,282.0765,282.0726,34.7955,37.1365,3.4843,3.4926,1815.6824,1820.1707,,,1.0000,94.3594,116.1671,1.4360,6.9300,1,0,confirm-supp,286.3700,282.1507
confirmation,host_contention (3.8 foreign cores on average),plain-tuned,20261001-141736,0,2,64,64,0,0,273.1338,282.0381,545.7418,545.6875,62.7026,66.0746,3.5495,3.5594,1875.3037,1881.3061,,,1.0000,94.3594,60.0430,3.8380,7.9300,2,0,confirm-supp,562.9100,546.3376
confirmation,,plain-tuned,20261001-141736,0,4,64,64,0,0,263.5595,271.9777,1053.2882,1052.9053,63.8197,66.7216,3.6837,3.6953,1945.6813,1949.7317,,,1.0000,94.3594,31.1102,1.4510,2.6500,4,0,confirm-supp,1084.8100,1054.9172
confirmation,host_contention (2.4 foreign cores on average),plain-tuned,20261001-141736,0,8,64,64,0,0,250.6841,258.5203,2003.8326,2004.1519,65.4913,69.1885,3.8761,3.8894,2045.8928,2051.5027,,,1.0000,94.3594,16.3527,2.3630,3.5100,8,0,confirm-supp,2062.2200,2009.2336
confirmation,host_contention (2.1 foreign cores on average),plain-tuned,20261001-141736,0,16,128,128,0,0,227.4762,234.3096,3636.3269,3635.3114,68.7690,75.8538,4.2707,4.2847,2249.0850,2262.2392,,,1.0000,89.5156,18.0226,2.1050,3.5200,16,0,confirm-supp,3750.1300,3653.4449
confirmation,host_contention (2.6 foreign cores on average),plain-tuned,20261001-141736,0,32,256,256,0,0,194.6193,202.4713,6222.9385,6223.8613,108.0187,115.8395,4.9377,5.0162,2629.9273,2640.9966,,,1.0000,89.5469,21.0627,2.5530,3.8200,32,0,confirm-supp,6481.8400,6250.3308
confirmation,,plain-tuned,20261001-141736,0,48,384,384,0,0,172.7654,178.8869,8286.2839,8278.6679,111.8225,124.5991,5.5844,5.6598,2963.9253,2992.1770,,,1.0000,88.8255,23.7269,1.8060,3.1100,48,0,confirm-supp,8620.5200,8314.6061
confirmation,,plain-tuned,20261001-141736,0,64,512,512,0,0,154.7551,160.3073,9896.8893,9881.9414,115.4001,159.2827,6.2511,6.2930,3311.0584,3347.9040,,,1.0000,89.6680,26.4875,1.1270,2.0800,64,0,confirm-supp,10371.0400,9939.5199
confirmation,,plain-tuned,20261001-141736,0,96,768,768,0,0,126.8949,131.0910,12172.6457,12143.6603,139.4899,196.7234,7.6306,7.6944,4029.6718,4123.1830,,,1.0000,87.7995,32.3032,1.2430,2.6800,96,0,confirm-supp,12809.4700,12234.6404
confirmation,,plain-tuned,20261001-141736,0,128,1024,1024,0,0,108.5726,112.3078,13885.5331,13823.5925,162.3329,250.4406,8.9080,9.1138,4711.2028,4848.2926,,,1.0000,88.1182,37.7579,1.0820,2.3100,128,0,confirm-supp,14713.2300,13968.5779
confirmation,,mtp-stockverify,20261001-143256,0,1,64,64,0,0,467.2341,485.2090,461.3549,462.4345,42.2983,44.2839,1.9807,2.6436,1053.3912,1394.1643,3.2667,0.7565,1.0000,94.3594,71.0256,0.5450,1.4000,1,0,confirm-supp,472.9300,463.5730
confirmation,,mtp-stockverify,20261001-143256,0,2,64,64,0,0,436.5830,453.6458,855.4262,863.3150,45.1565,71.6975,2.1105,2.8203,1125.4701,1486.1731,3.2657,0.7561,1.0000,94.3594,38.3061,0.6090,1.6400,2,0,confirm-supp,880.6400,868.9651
confirmation,,mtp-stockverify,20261001-143256,0,4,64,64,0,0,397.0152,412.8851,1540.7713,1564.5556,45.9913,80.6167,2.3331,3.1161,1240.9087,1637.9942,3.2673,0.7566,1.0000,94.3594,21.2673,0.6010,1.4500,4,0,confirm-supp,1619.5000,1567.5942
confirmation,,mtp-stockverify,20261001-143256,0,8,64,64,0,0,341.8710,354.5387,2556.1671,2658.9967,47.9052,88.1367,2.7180,3.6816,1446.1592,1928.1421,3.2667,0.7566,1.0000,94.3594,12.8192,0.5750,1.2000,8,0,confirm-supp,2796.2900,2682.9034
confirmation,,mtp-stockverify,20261001-143256,0,16,128,128,0,0,267.6835,275.8647,4045.2970,4133.7848,50.4707,94.0283,3.5816,4.8780,1884.1880,2542.0046,3.2501,0.7505,1.0000,89.5156,16.2005,0.5660,1.0100,16,0,confirm-supp,4384.7600,4067.5530
confirmation,,mtp-stockverify,20261001-143256,0,32,256,256,0,0,196.8144,202.4894,5872.1363,5998.9592,55.7074,136.9855,5.0472,6.8178,2639.5193,3564.8401,3.2562,0.7527,1.0000,89.5469,22.3210,0.6220,1.1600,32,0,confirm-supp,6330.9100,6174.8114
confirmation,,mtp-stockverify,20261001-143256,0,48,384,384,0,0,154.3013,158.1043,6979.6284,6897.4233,71.1597,139.0381,6.5606,9.3928,3430.7614,4863.6559,3.2627,0.7548,1.0000,88.8255,28.1688,0.6460,1.6400,48,0,confirm-supp,7192.1900,6889.7294
confirmation,,mtp-stockverify,20261001-143256,0,64,512,512,0,0,126.9616,129.9105,7606.5798,7543.1776,80.6603,168.8601,8.0746,11.1988,4195.8222,5788.0089,3.2618,0.7545,1.0000,89.6680,34.4628,0.6150,1.7300,64,0,confirm-supp,7544.5000,7560.6456
confirmation,,mtp-stockverify,20261001-143256,0,96,768,768,0,0,95.8636,97.7782,8653.0048,8528.9532,88.2305,216.1005,10.6742,14.7928,5556.7166,7643.4622,3.2552,0.7523,1.0000,87.7995,45.4427,0.4990,1.2200,96,0,confirm-supp,8608.5300,8844.5423
confirmation,,mtp-stockverify,20261001-143256,0,128,1024,1024,0,0,78.3076,79.6757,9463.6512,9329.9025,90.8171,274.2812,13.0151,17.8540,6742.1020,9235.5356,3.2524,0.7514,1.0000,88.1182,55.4002,0.6370,1.4300,128,0,confirm-supp,9897.0700,9659.6613
confirmation,,mtp-tuned,20261001-144142,0,1,64,64,0,0,461.2239,479.1088,455.9740,456.9605,43.1457,45.8447,2.0207,2.6399,1075.7830,1390.1546,3.2794,0.7608,1.0000,94.3594,71.8638,0.5330,1.4700,1,0,confirm-supp,461.0700,458.4289
confirmation,,mtp-tuned,20261001-144142,0,2,64,64,0,0,437.0478,455.4700,853.0761,862.5185,46.3012,74.5506,2.1068,2.7726,1123.7660,1471.4515,3.2576,0.7535,1.0000,94.3594,38.4116,0.5270,1.4100,2,0,confirm-supp,882.5400,860.7593
confirmation,,mtp-tuned,20261001-144142,0,4,64,64,0,0,407.6818,424.0653,1579.3360,1606.8039,46.3785,79.2835,2.2842,2.8759,1213.8758,1517.3852,3.2739,0.7589,1.0000,94.3594,20.7480,0.6900,1.4700,4,0,confirm-supp,1671.0200,1587.3789
confirmation,,mtp-tuned,20261001-144142,0,8,64,64,0,0,359.4209,373.7083,2681.9504,2789.2596,47.8009,82.0560,2.5955,3.4141,1375.6258,1791.4894,3.2722,0.7586,1.0000,94.3594,12.2180,0.6230,1.5100,8,0,confirm-supp,2959.6200,2856.3195
confirmation,,mtp-tuned,20261001-144142,0,16,128,128,0,0,294.4195,304.3109,4442.2487,4547.0109,48.5228,87.5921,3.2243,4.4236,1707.0064,2334.0143,3.2436,0.7485,1.0000,89.5156,14.7529,0.4390,0.9800,16,0,confirm-supp,4635.1000,4461.1981
confirmation,,plain-tuned-replayssm,20261001-144622,0,32,256,256,0,0,184.1361,191.4474,5887.8189,5887.9218,111.9941,119.7521,5.2262,5.3052,2780.6878,2787.6624,,,1.0000,89.5469,22.2616,0.4890,1.4000,32,0,confirm-supp,6109.8700,5910.0246
confirmation,,plain-tuned-replayssm,20261001-144622,0,48,384,384,0,0,168.3866,174.4741,8076.5503,8069.0158,116.2372,127.2749,5.7282,5.8009,3040.8976,3071.2774,,,1.0000,88.8255,24.3431,0.6050,1.2600,48,0,confirm-supp,8396.0100,8100.4739
confirmation,,plain-tuned-replayssm,20261001-144622,0,64,512,512,0,0,155.0748,160.9703,9917.2217,9901.9503,119.6336,162.3265,6.2287,6.2795,3301.9495,3355.1124,,,1.0000,89.6680,26.4332,0.6160,1.4200,64,0,confirm-supp,10437.2400,9967.2807
confirmation,,plain-tuned-replayssm,20261001-144622,0,96,768,768,0,0,133.1581,137.8461,12772.6520,12732.1799,142.5916,189.0816,7.2500,7.3446,3845.3388,3941.9659,,,1.0000,87.7995,30.7858,0.4330,1.3000,96,0,confirm-supp,13485.2800,12841.3235
confirmation,,plain-tuned-replayssm,20261001-144622,0,128,1024,1024,0,0,117.3867,121.8279,15011.7691,14947.1125,163.7283,244.7681,8.2204,8.3985,4364.5841,4449.0889,,,1.0000,88.1182,34.9251,0.4810,3.9200,128,0,confirm-supp,15987.6800,15118.9403
