request_id,prompt_id,domain,ok,isl,osl,ttft_ms,latency_ms,itl_ms,e2e_tps,decode_tps,chunks,finish_reason,spec_verify_ct,spec_accept_length,start_ns,error
cc4c9091-20d4-4c88-9b20-bd1399a9503b,humaneval-53,code,True,73,184,334.2427,1810.4839,8.0669,101.6303,123.9635,50,stop,50,3.6800,1790795649739421358,
363043f4-1912-41d6-b513-bb15803833a3,mbpp-477,code,True,69,258,359.0245,2633.7263,8.8510,97.9601,112.9818,76,stop,76,3.3947,1790795649740778170,
cabf7606-c075-4f64-82e8-76c1674f0a8b,humaneval-15,code,True,90,319,360.2651,3095.6606,8.6019,103.0475,116.2538,90,stop,89,3.5843,1790795649741142942,
b997a897-ca71-479f-8efb-1cbf7acb6117,mbpp-89,code,True,64,403,218.7932,3956.6437,9.2981,101.8540,107.5484,117,stop,116,3.4741,1790795649738482310,
d493fb3e-7ad5-469b-8d63-13904aa0e44e,mtbench-134,chat,True,225,454,331.9916,4457.9321,9.1080,101.8409,109.7932,132,stop,131,3.4656,1790795649739062059,
58372224-12f3-4c91-be84-49ca82b02dc6,mbpp-292,code,True,64,433,334.1011,4617.4114,9.9151,93.7755,100.8566,136,stop,135,3.2074,1790795649739584208,
76360cac-9066-42af-8808-ac3e629d9da4,oasst1-b55a3e33-1c87-4fde-9e58-c486903a8f06,chat,True,17,377,221.3363,4649.2801,11.7764,81.0878,84.9153,137,stop,136,2.7721,1790795649738357157,
31becd4e-8d78-4967-8774-6ab977a16a39,mbpp-105,code,True,64,501,360.1220,5216.7430,9.7132,96.0369,102.9522,152,stop,151,3.3179,1790795649741240158,
97f8e107-d3af-433a-ac30-a932784a9b30,mbpp-70,code,True,138,603,332.4490,5558.1398,8.6805,108.4895,115.2001,162,stop,162,3.7222,1790795649738589063,
e1318ccb-e88a-4b34-9c27-33a7e9c4bf9b,humaneval-2,code,True,105,556,360.5027,5725.3175,9.6663,97.1125,103.4518,166,stop,165,3.3697,1790795649740978556,
5a8dfcb8-5d10-4cb1-a457-09336ed56835,oasst1-7f1ea859-0f8e-443a-9376-8ead20663f53,chat,True,20,527,220.7120,5817.2876,10.6399,90.5920,93.9860,168,stop,168,3.1369,1790795649738692808,
b8c6db6d-7afd-448e-923d-de10b14f95d4,humaneval-131,code,True,94,597,359.0136,6052.3692,9.5526,98.6391,104.6834,174,stop,173,3.4509,1790795649740647961,
68f53543-ad05-442c-a183-06e348511dba,oasst1-c601bd09-21b6-450b-9f42-35333da84d14,chat,True,16,434,335.5447,6083.6270,13.2750,71.3390,75.3295,175,stop,174,2.4943,1790795649739952819,
7c2cf2ac-696c-4ce6-b4f3-b2863f7b7bc8,mbpp-352,code,True,66,617,359.0212,6439.9834,9.8717,95.8077,101.2998,184,stop,183,3.3716,1790795649740714970,
aa95e1c6-f659-4863-aeb7-2f58c5000c58,mbpp-327,code,True,84,673,360.9682,7096.4227,10.0230,94.8365,99.7706,204,stop,203,3.3153,1790795649740524728,
aa4af689-2273-4f93-858e-328dc33bf9dc,humaneval-9,code,True,120,722,335.2750,7291.2827,9.6477,99.0224,103.6514,209,stop,209,3.4545,1790795649740079636,
6221aa6f-13f7-49c3-aaae-fad3454d6cd2,mbpp-21,code,True,100,775,334.8142,7355.8385,9.0711,105.3585,110.2403,211,stop,210,3.6905,1790795649738885706,
7f1d053c-c91a-46a9-bc08-d7b5c380f07a,mtbench-108,chat,True,29,669,218.6644,7413.2405,10.7703,90.2439,92.8477,212,stop,212,3.1557,1790795649738646535,
6e798e5d-8e98-40c0-92c2-ec94d62416d0,mbpp-281,code,True,81,702,356.7202,7587.5590,10.3150,92.5199,96.9459,215,stop,214,3.2804,1790795649740321526,
022cf979-69da-479b-954b-3ff41dca1cbd,humaneval-112,code,True,185,796,356.7736,7587.5283,9.0953,104.9090,109.9470,215,stop,215,3.7023,1790795649740307478,
e9de1287-b0f0-46f8-995f-7e690ce54f9d,mbpp-95,code,True,95,811,332.0624,8018.6340,9.4896,101.1394,105.3786,226,stop,225,3.6044,1790795649739037803,
3a1e0729-f040-46b3-9322-a368eda1db47,mbpp-447,code,True,170,882,218.4799,8370.3795,9.2530,105.3716,108.0730,236,stop,235,3.7532,1790795649738839241,
a2d696f9-c4fa-48a4-af30-9d4d6c0afaaf,mtbench-127,chat,True,33,816,356.7388,8815.3287,10.3786,92.5660,96.3518,249,stop,248,3.2903,1790795649740449495,
ab0fa6e1-d604-4799-a948-1951922496ff,mbpp-112,code,True,64,784,335.6989,8848.0932,10.8715,88.6067,91.9835,250,stop,249,3.1486,1790795649739751025,
58327c12-7bf1-42a2-a516-3597222e50bd,mbpp-470,code,True,147,912,335.4446,8848.9298,9.3452,103.0633,107.0067,250,stop,249,3.6627,1790795649740006259,
e747046b-2461-4756-aa15-92940a2471fe,humaneval-99,code,True,187,839,219.1645,8904.3766,10.3642,94.2233,96.4858,251,stop,250,3.3560,1790795649737999842,
0ec0eae9-7f93-4a27-af3d-b30b4a148d81,humaneval-25,code,True,153,902,220.5244,9307.6500,10.0856,96.9095,99.1513,261,stop,260,3.4692,1790795649738687368,
7c7e8a29-e9fa-4b5c-babf-e611c6d9e611,humaneval-126,code,True,268,855,218.4792,9441.6148,10.7999,90.5565,92.5932,264,stop,263,3.2510,1790795649738676456,
607f3260-806f-44dd-bf53-c2117d13391a,humaneval-72,code,True,255,991,331.9312,9603.1767,9.3649,103.1950,106.7818,268,stop,267,3.7116,1790795649739081067,
4124a3d4-e90f-40d8-8d2b-c1d07fa6ed9d,mbpp-315,code,True,80,917,219.1915,9766.8746,10.4232,93.8888,95.9395,272,stop,271,3.3838,1790795649738094306,
bf82c362-2322-4a27-9351-fdce598e6f35,oasst1-71461f26-7615-4627-a115-4ee51b5d286b,chat,True,26,905,356.6025,9768.3915,10.4113,92.6458,96.0498,272,stop,271,3.3395,1790795649740532472,
82265f01-11c6-467d-a61f-3a9388d46c1e,mbpp-45,code,True,92,898,360.3864,9798.3989,10.5218,91.6476,95.0412,273,stop,273,3.2894,1790795649740948220,
ecbbdd13-4833-4760-98cf-a73988c14dbe,mbpp-33,code,True,76,949,356.9986,10037.4555,10.2115,94.5459,97.9293,278,stop,278,3.4137,1790795649740239254,
319eaf7e-21b0-4f60-ac39-70cfdd46baa2,gsm8k-test-0671,math,True,93,1030,359.0780,10206.2820,9.5697,100.9182,104.4967,282,stop,282,3.6525,1790795649740731514,
17b302e7-0fd2-412c-8c7c-2fde4b1290ee,mbpp-460,code,True,112,529,136.4778,5817.8177,10.7601,90.9276,92.9358,151,stop,150,3.5267,1790795654358980274,
53027b26-4e59-43c3-9a63-634dc5804190,gsm8k-test-0632,math,True,97,1088,220.2915,10594.5577,9.5439,102.6942,104.7785,292,stop,291,3.7388,1790795649738919946,
33b6c958-92e9-4d4a-adf2-ae7380879d70,mbpp-452,code,True,86,1037,331.6391,10627.9284,9.9385,97.5731,100.6188,293,stop,292,3.5514,1790795649739379022,
ede07af3-3c95-4411-8bee-dfd4376b0df2,gsm8k-test-0345,math,True,59,1049,220.7963,10687.9793,9.9878,98.1476,100.1224,294,stop,294,3.5680,1790795649738477542,
46b96b5c-fa77-4146-9cb7-d6d4fe2c176f,mbpp-246,code,True,106,963,221.0255,10689.0788,10.8816,90.0920,91.8987,294,stop,294,3.2755,1790795649738244196,
7a7b6896-a771-4090-be2a-9d8479fba75e,gsm8k-test-1296,math,True,96,1049,331.9140,10688.1286,9.8819,98.1463,101.1953,294,stop,294,3.5680,1790795649739193676,
85140f02-fb52-4a7e-90c8-6556167e9ebd,mbpp-503,code,True,196,1078,334.0735,10835.3668,9.7505,99.4890,102.5588,296,stop,295,3.6542,1790795649739513327,
741d46bc-91ad-4090-8c0a-d594e5bee5bd,mbpp-346,code,True,70,962,332.0314,11018.5290,11.1202,87.3075,89.9266,299,stop,298,3.2282,1790795649738973290,
06e1e711-2e12-4882-9e0e-9f7b79f47e4b,gsm8k-test-0400,math,True,62,1079,334.0845,11113.0730,9.9991,97.0929,100.0094,301,stop,300,3.5967,1790795649739548015,
948080ec-824d-46da-bb07-d46ac13c57c2,mbpp-401,code,True,293,1111,356.8490,11542.4021,10.0771,96.2538,99.2351,313,stop,313,3.5495,1790795649740238934,
37487dcc-2747-4b76-a77d-9807662f9d53,mbpp-127,code,True,70,996,221.0095,11574.7926,11.4108,86.0491,87.6360,314,stop,314,3.1720,1790795649738322501,
296901c2-741f-4fea-87fc-2fea30673a8b,mbpp-283,code,True,73,1131,331.8772,12033.1109,10.3551,93.9907,96.5710,326,stop,325,3.4800,1790795649739241229,
13085cd9-1c1e-4a8d-94f8-99be30011629,oasst1-f825e453-01d9-4be2-ae8c-b5a99d93bda9,chat,True,26,1016,357.0421,12170.6976,11.6391,83.4792,85.9175,329,stop,328,3.0976,1790795649740202165,
081ccc87-e77e-4d35-b132-bcc4d61f2fb2,mbpp-44,code,True,73,1041,334.4461,12430.9747,11.6313,83.7424,85.9751,336,stop,335,3.1075,1790795649739333134,
dbc181db-cba5-4dda-a065-8edb5d379696,humaneval-81,code,True,298,1175,218.8847,12463.3529,10.4297,94.2764,95.8800,337,stop,336,3.4970,1790795649738369285,
58afb693-a346-4cec-aa70-9e12772f6fdc,gsm8k-test-0031,math,True,89,1245,218.4660,12524.3559,9.8922,99.4063,101.0898,338,stop,337,3.6944,1790795649738668040,
91dd578c-f46b-426e-86e2-370b3c241a47,gsm8k-test-1128,math,True,56,1208,212.8633,12695.2740,10.3417,95.1535,96.6961,341,stop,341,3.5425,1790795649746418573,
41106bea-d6cb-4a50-9dca-7a25cd5c34a2,gsm8k-test-1299,math,True,86,1218,356.9557,12736.5986,10.1723,95.6299,98.3066,342,stop,342,3.5614,1790795649740251446,
ede52561-e14d-4f1f-b0fd-8d0864eb6d54,oasst1-5b6b34d2-19e6-48d4-8a2b-11e4a30ea301,chat,True,19,299,91.9181,4542.6246,14.9353,65.8210,66.9557,109,stop,109,2.7431,1790795658558553938,
24551788-72a6-4dd3-8651-cc880c6b00f2,gsm8k-test-0536,math,True,61,655,129.1952,7274.5285,10.9256,90.0402,91.5283,183,stop,183,3.5792,1790795655825791378,
943654d2-60e9-4138-bb58-c69350d5f684,mbpp-486,code,True,139,1275,356.9565,13525.2653,10.3362,94.2680,96.7474,363,stop,362,3.5221,1790795649740205173,
2f334781-acc5-4c05-9d29-a486f434254e,mbpp-296,code,True,93,1243,354.6277,13655.2881,10.7091,91.0270,93.3788,366,stop,365,3.4055,1790795649746957649,
b956795f-b5a5-4dc2-8a7f-eb25f258eb64,gsm8k-test-0986,math,True,96,1365,335.4336,14175.3360,10.1466,96.2940,98.5556,381,stop,381,3.5827,1790795649739936211,
46512cda-1c28-4a5c-9647-97e4ee4a157f,gsm8k-test-0542,math,True,82,1423,113.7015,14377.2364,10.0306,98.9759,99.6948,386,stop,385,3.6961,1790795649737992706,
bcba146b-0f6c-4c79-b59a-a4cdf436bf32,gsm8k-test-0893,math,True,74,1306,331.9047,14377.2779,10.7627,90.8378,92.9132,386,stop,385,3.3922,1790795649739179308,
f7d3a1a7-d312-48ce-9c54-37bf0220d216,mbpp-167,code,True,80,951,92.9408,11280.8754,11.7768,84.3020,84.9129,295,stop,294,3.2347,1790795652838443922,
7ece5752-50dd-4aeb-b13f-65c2552891dc,mbpp-323,code,True,210,1330,360.3211,14640.2813,10.7449,90.8452,93.0675,393,stop,392,3.3929,1790795649741025309,
8c0400ae-271e-416d-9f0d-d5679fd113bf,oasst1-1979f36a-28ec-4005-9b3b-bf66b80074f4,chat,True,17,480,132.5840,7317.8072,15.0005,65.5934,66.6646,182,stop,181,2.6519,1790795657097167810,
acbe8012-cbc6-4e0a-841b-f3860e358c45,oasst1-ecb6340f-7b5f-49ee-906f-06ce03e7586e,chat,True,28,190,107.4758,2581.1032,13.0880,73.6119,76.4060,67,stop,66,2.8788,1790795662266190572,
29bc42fa-6271-49d7-8880-7567dec8c88b,gsm8k-test-0218,math,True,70,1448,219.0716,15103.0371,10.2861,95.8748,97.2187,405,stop,405,3.5753,1790795649738274916,
a8df084b-c11d-4715-8bd7-4727794d4703,mbpp-108,code,True,477,1418,356.7100,15378.9964,10.6015,92.2037,94.3265,411,stop,410,3.4585,1790795649740482008,
a08f0682-9596-42f1-be2a-299360d2b8f0,gsm8k-test-0889,math,True,79,1024,159.5561,11054.8135,10.6503,92.6293,93.8941,282,stop,281,3.6441,1790795654389560899,
1e56e049-f601-4675-95c6-55b9f98a55d9,gsm8k-test-0375,math,True,77,1441,358.9994,15800.5830,10.7233,91.1992,93.2547,422,stop,421,3.4228,1790795649740854235,
5fde43d2-1a9a-4bca-a13e-6414ae655a9b,humaneval-124,code,True,311,1522,335.7731,15844.4249,10.1964,96.0590,98.0743,423,stop,422,3.6066,1790795649739675025,
220e5c0b-1fe6-423a-bafd-3b328248ad03,mbpp-393,code,True,175,884,92.2392,9883.4300,11.0886,89.4426,90.1831,251,stop,250,3.5360,1790795656839343814,
4c11afcb-6365-4d93-aaa5-272910cb7331,humaneval-135,code,True,122,815,94.9125,9134.7614,11.1055,89.2196,90.0458,233,stop,232,3.5129,1790795657760181726,
42a38ce5-381b-45b0-8d22-a0db91033aa8,gsm8k-test-1100,math,True,67,1609,360.4148,17482.8403,10.6483,92.0331,93.9119,469,stop,468,3.4380,1790795649740982460,
190f3217-bfee-459c-992c-72d41e86efdf,gsm8k-test-0957,math,True,69,935,104.9038,9986.3035,10.5797,93.6282,94.5210,255,stop,254,3.6811,1790795657330377411,
7880a06d-8822-414a-9762-e03dd634f210,mbpp-80,code,True,75,612,96.9894,6922.9381,11.1718,88.4018,89.5114,177,stop,177,3.4576,1790795660336415337,
6adddcba-2e2a-4dee-a1bc-e91e81076927,gsm8k-test-0346,math,True,94,1135,94.5828,12222.4831,10.6948,92.8617,93.5034,314,stop,313,3.6262,1790795655468025082,
de227c7f-9b58-4bf4-9094-c07e7dd5f85e,oasst1-df7b6768-0aed-4275-aa8d-8c852b207e03,chat,True,393,1666,331.8920,17982.6326,10.6010,92.6449,94.3303,482,stop,481,3.4636,1790795649739263917,
fb6462ad-9836-40cc-86f7-12b76a611cfc,oasst1-5067d5ec-ed39-4791-ba93-e9f14dab5605,chat,True,27,1393,354.2079,17977.0092,12.6601,77.4879,78.9886,479,stop,482,2.8900,1790795649747422934,
da060144-e74a-4885-9947-96317e682183,mbpp-421,code,True,115,669,115.0040,7527.4489,11.0965,88.8747,90.1187,193,stop,192,3.4844,1790795660505544174,
bd51aab3-ca50-49fb-851b-9f4d4a75c870,oasst1-e5d9f218-c64e-4210-b64f-eb02a0213a8c,chat,True,21,1232,86.0598,15656.6022,12.6487,78.6888,79.0595,411,stop,411,2.9976,1790795652407363500,
d1660838-1771-4ca8-a111-cbebeadaea47,gsm8k-test-0855,math,True,79,1851,218.9111,18916.4936,10.1068,97.8511,98.9433,505,stop,504,3.6726,1790795649738409605,
63d76991-42fa-4b69-9d8a-0144b407b321,gsm8k-test-1289,math,True,116,1422,96.4774,14927.3432,10.4369,95.2614,95.8137,386,stop,386,3.6839,1790795653696957279,
e1dc7b50-dfb1-45bd-9071-060e379ad73f,mbpp-76,code,True,72,837,97.1015,9415.2497,11.1461,88.8983,89.7174,239,stop,238,3.5168,1790795659507817384,
1a1694da-d7dd-4a62-8ca1-90c0a6db57a0,oasst1-50ea6cdf-9531-41c5-8f42-c42e60193104,chat,True,16,1648,332.4547,19379.1244,11.5645,85.0400,86.4718,517,stop,516,3.1938,1790795649738533190,
a173e75a-44b2-4afd-a3f0-58293129ee50,gsm8k-test-0262,math,True,64,953,158.7705,10623.3230,10.9922,89.7083,90.9738,268,stop,267,3.5693,1790795658591691482,
11cf385e-2034-485f-a485-a64e6a6ad54e,humaneval-95,code,True,199,947,93.4491,10202.0540,10.6856,92.8244,93.5836,262,stop,261,3.6284,1790795659813473039,
7e7a76f2-75c7-492a-80b6-10e7b3f0d305,oasst1-6aa1dd5c-e393-499d-8967-b197246c1b4a,chat,True,16,1595,360.3751,20539.1642,12.6592,77.6565,78.9938,549,stop,548,2.9106,1790795649741071037,
dd4f2d03-dda5-4dc4-80da-25f3833f905b,mbpp-413,code,True,268,911,99.0744,9667.1374,10.5144,94.2368,95.1081,252,stop,251,3.6295,1790795660760527730,
d91dd0a6-a2b5-4199-9c98-a094a569443f,gsm8k-test-0382,math,True,75,1269,92.1783,13895.8737,10.8862,91.3221,91.8595,355,stop,354,3.5847,1790795657066045836,
f4649d72-1c11-4877-9557-9297590b0522,gsm8k-test-0756,math,True,80,1942,353.7663,21490.8863,10.8898,90.3639,91.8290,572,stop,571,3.4011,1790795649747706744,
e2f072ef-f7e1-4ab1-9cd5-780a2db313b1,mbpp-64,code,True,188,590,94.8085,6513.6215,10.8978,90.5794,91.7615,168,stop,167,3.5329,1790795664848919442,
cd55daf8-a74b-4560-8db5-a3506c6d8ca3,oasst1-e41fdaa8-77d0-4aea-b02b-56a4038b7161,chat,True,34,1860,220.4963,21670.8039,11.5386,85.8298,86.6654,575,stop,574,3.2404,1790795649738794505,
679cb563-36dd-4d4a-bcd6-04a72e465994,oasst1-9f47328a-1e79-4858-a2f5-9783d026fd0b,chat,True,70,1859,359.2388,22158.2820,11.7325,83.8964,85.2331,585,stop,584,3.1832,1790795649740606425,
3fc78b83-7165-41bf-9175-9c8682224c7e,mtbench-94,chat,True,101,1623,358.8733,22196.2924,13.4633,73.1203,74.2762,586,stop,586,2.7696,1790795649740874843,
407aaa47-9add-464e-b6c6-8bd262e37b37,gsm8k-test-0453,math,True,79,1980,332.0830,22488.0989,11.1956,88.0466,89.3211,591,stop,590,3.3559,1790795649739007307,
c280df21-5e77-4777-8fcd-5a3b94c91d97,oasst1-504fbab6-a1cf-4651-9c4f-902000aefd0e,chat,True,20,1801,360.2911,22767.9184,12.4487,79.1025,80.3298,598,stop,597,3.0168,1790795649741134366,
73af1443-72b9-4d00-ba44-fb0ff526f6de,humaneval-73,code,True,177,847,88.9395,9680.0864,11.3371,87.4992,88.2063,245,stop,244,3.4713,1790795663137834414,
65b217fc-1864-4ac3-b4d2-c0338956de4b,gsm8k-test-0925,math,True,110,1127,115.0173,12456.3475,10.9603,90.4760,91.2381,314,stop,313,3.6006,1790795660505538926,
722fe632-dcf0-40f5-b6c3-f91f7d457edf,oasst1-fc126594-cc1b-49df-ab17-e7d40321f67b,chat,True,28,1277,114.1016,14461.1426,11.2438,88.3056,88.9382,361,stop,360,3.5472,1790795658645052630,
ff1c59ac-3b9a-4bac-be68-2ac8b22f408c,oasst1-db00e611-dd20-4016-8e37-f68708f2f939,chat,True,19,1786,359.0381,23458.3066,12.9408,76.1351,77.2752,614,stop,613,2.9135,1790795649740808155,
3d1cea17-0690-4598-a7df-df0c5996ca94,oasst1-14184b30-4701-4c24-8d3c-67c8b1a41aec,chat,True,33,1730,220.7210,23609.7468,13.5275,73.2748,73.9236,617,stop,616,2.8084,1790795649738903370,
9f9e838d-4a70-4344-b0a9-ab156558bd1c,mbpp-417,code,True,149,959,97.7267,11181.3419,11.5695,85.7679,86.4339,280,stop,279,3.4373,1790795662173551474,
4e95dc06-d4ac-4ee1-85a0-a9c96638e0e8,oasst1-1abf2e68-0d8e-4dd2-b2ab-17170f998d78,chat,True,31,1777,220.4717,23644.3359,13.1891,75.1554,75.8201,618,stop,617,2.8801,1790795649738765928,
12bf2ef5-86ac-4572-8a32-45487e651cfe,oasst1-39a7c6e5-70f4-487f-a9fb-11b47f7f5157,chat,True,30,2006,334.3237,24188.9064,11.8975,82.9306,84.0509,632,stop,631,3.1791,1790795649739388974,
f3bdf921-d4f7-459e-9929-3a6b7b95ec5f,mbpp-169,code,True,66,1393,159.8564,15441.9741,10.9785,90.2087,91.0869,381,stop,382,3.6466,1790795658590588528,
e7737d71-bc2e-4b13-9228-1a2d657e7794,mbpp-471,code,True,107,1523,92.6359,18237.4790,11.9217,83.5093,83.8806,459,stop,458,3.3253,1790795655795160193,
e62565e5-a56c-47c8-86c3-5f80de5f8bcc,mbpp-412,code,True,86,577,104.9916,6761.7517,11.5569,85.3329,86.5286,163,stop,162,3.5617,1790795667319390189,
91d2afe9-35bd-40d2-bf08-01aa71b17ae6,oasst1-be843f23-5d45-4396-bbd6-3be7227a6e4a,chat,True,25,1909,358.8594,24481.1496,12.6427,77.9784,79.0970,637,stop,636,3.0016,1790795649740927228,
258b063d-3b4d-4d85-8164-93a12dde20ba,humaneval-158,code,True,140,1132,132.9433,13366.3025,11.7006,84.6906,85.4658,334,stop,333,3.3994,1790795661349267543,
617b1efc-a799-4ba1-9597-2c2ccfcdff22,mbpp-129,code,True,156,1362,94.9290,15664.8892,11.4401,86.9460,87.4119,388,stop,387,3.5194,1790795659049123755,
550d3733-3792-4436-9a2f-d98854c36ebe,mbpp-138,code,True,90,2197,332.3131,25286.0343,11.3633,86.8859,88.0029,658,stop,657,3.3440,1790795649738739080,
0dd11b53-15e6-43a5-bff8-c68788d6db0a,mbpp-228,code,True,105,1426,109.3831,18282.3723,12.7530,77.9986,78.4131,457,stop,457,3.1204,1790795657223531178,
6929062b-928d-474e-b446-90adbab842c4,humaneval-153,code,True,300,902,101.1809,10431.8556,11.4658,86.4659,87.2160,259,stop,258,3.4961,1790795665447286029,
9b3a18c8-d198-4f31-be93-166982da85a8,mbpp-119,code,True,109,1152,98.1527,14163.6703,12.2203,81.3349,81.8313,357,stop,356,3.2360,1790795662477528714,
22b57c19-fab5-487b-8fa4-a3b1993643cf,oasst1-13830889-16a2-43b0-9f6a-b7e0db7cd3b6,chat,True,32,2097,335.7322,27660.5469,13.0366,75.8120,76.7068,720,stop,719,2.9166,1790795649739739793,
af1dcca7-4caa-442f-ba45-5041bccd08da,humaneval-104,code,True,139,823,104.1304,9718.2136,11.6960,84.6863,85.4996,241,stop,240,3.4292,1790795668124743743,
a1b62d0c-bda3-4441-82c2-9f2a760fb8e6,oasst1-fe05fb2a-c6e8-4a27-956c-1ecc803ed57b,chat,True,68,2003,335.1754,28134.8026,13.8859,71.1930,72.0154,733,stop,732,2.7363,1790795649740204213,
49f5be1f-b7a7-4681-9eda-7eb251465dd9,gsm8k-test-1261,math,True,105,1291,95.6325,14240.3492,10.9649,90.6579,91.2001,358,stop,358,3.6061,1790795664118845695,
d73698ca-bcaa-4975-b9c2-b2224c241221,mbpp-435,code,True,69,472,98.7043,5803.1324,12.1113,81.3354,82.5674,146,stop,145,3.2552,1790795672964949012,
b8e85e7f-ce5c-40b9-b72e-9ae1c773dd28,oasst1-76781464-34d9-4c37-8678-5d9ec37990bc,chat,True,17,2186,332.0721,29199.3203,13.2116,74.8648,75.6913,760,stop,759,2.8801,1790795649738949034,
a6e5b3db-c0dd-4573-921c-aa04070dab18,gsm8k-test-1205,math,True,93,1541,95.2967,17373.9147,11.2199,88.6962,89.1275,438,stop,437,3.5263,1790795661775546867,
cca20b96-36e9-4e13-957c-22f84a7eb97f,mbpp-252,code,True,79,1247,92.2989,15404.3068,12.2889,80.9514,81.3740,388,stop,387,3.2222,1790795664122175293,
b9a600f9-e2b2-4063-9624-ef6a3ebb6b7c,gsm8k-test-0148,math,True,93,1646,106.4945,19048.5960,11.5150,86.4106,86.8436,483,stop,482,3.4149,1790795660855657986,
b76c81ea-72cb-4520-a311-7a7ba70e1903,oasst1-30b6f7d5-5b1c-4356-810f-5ead88137765,chat,True,38,2064,335.6245,30607.0741,14.6735,67.4354,68.1500,797,stop,797,2.5897,1790795649739885042,
5d44cdcd-dae4-4b89-9b9e-ee2f6e6bf3d0,humaneval-128,code,True,143,805,185.9548,9242.3646,11.2642,87.0989,88.7769,229,stop,229,3.5153,1790795671416339386,
97cb9512-c464-4754-b1c7-13a9b283904f,mbpp-395,code,True,77,838,118.5729,9824.6405,11.5963,85.2957,86.2347,241,stop,240,3.4917,1790795670966360587,
cc8b94b6-e869-42be-89aa-1246a7b510ac,mbpp-96,code,True,63,1015,89.3137,12088.1093,11.8331,83.9668,84.5085,297,stop,299,3.3946,1790795668925785003,
1a4ae5fa-2270-487f-9e11-e3fd82d1b4d9,oasst1-f71f090f-a1ea-47ed-8794-27ef4d658fcd,chat,True,18,2413,360.4508,31304.8808,12.8294,77.0806,77.9462,814,stop,813,2.9680,1790795649741014236,
09080ae4-e6df-4c3e-87f2-731dbefb0518,mbpp-428,code,True,230,2873,334.9129,31479.6920,10.8443,91.2652,92.2145,817,stop,816,3.5208,1790795649738932874,
8862550c-981f-4e32-ad12-5c1dc437f4d6,oasst1-2b43223b-fd85-4068-b3a1-3559a46886c5,chat,True,21,2294,219.1392,31576.4854,13.6752,72.6490,73.1248,819,stop,818,2.8044,1790795649738148899,
315192f2-e6c0-4535-b1ee-2c66e7fe1e14,oasst1-2405a9c6-16d4-4560-9df1-cd9bdfb43830,chat,True,31,2287,220.4457,31865.0260,13.8428,71.7715,72.2399,826,stop,825,2.7721,1790795649738676328,
87e2413f-99db-4da9-955d-749ce7be4a68,gsm8k-test-0415,math,True,140,2889,334.0964,31964.1788,10.9522,90.3824,91.3055,828,stop,827,3.4933,1790795649739501519,
c85163da-4ce9-45a3-8c98-dcf6d16c6acc,oasst1-c7be2def-c2bb-4b16-8160-2d3d5bc055e4,chat,True,19,2342,356.7674,32524.2486,13.7409,72.0078,72.7754,843,stop,842,2.7815,1790795649740431063,
953594c4-81e9-4782-bb14-a34ec75eaee4,humaneval-111,code,True,176,878,100.4129,9425.6811,10.6331,93.1498,94.0456,239,stop,238,3.6891,1790795673353769377,
226abfb2-fc1d-4a5d-8334-6150a8defff9,gsm8k-test-1051,math,True,63,1261,93.4001,14365.7418,11.3273,87.7783,88.2826,357,stop,356,3.5421,1790795668659027327,
8868f447-fd66-42be-a8fa-1276e5ca039c,mbpp-510,code,True,107,1287,96.2435,16394.9479,12.6740,78.4998,78.9020,408,stop,407,3.1622,1790795666725489786,
ecb86f52-82af-420f-8614-01f80d912cbe,mbpp-211,code,True,64,1154,160.0405,15646.0772,13.4311,73.7565,74.4542,388,stop,387,2.9819,1790795667725582550,
0840e81d-3ad5-411a-adb1-ea688a9a101b,gsm8k-test-0307,math,True,83,1643,97.4387,19084.9863,11.5637,86.0886,86.4777,479,stop,479,3.4301,1790795664384793508,
a42ddcf9-9359-4ad3-bf6e-001d9cf4591b,mbpp-366,code,True,95,997,99.6420,11631.7003,11.5784,85.7140,86.3679,291,stop,290,3.4379,1790795672232363851,
d420d9d9-1833-47e8-b2d6-3f234f90c6d4,mbpp-157,code,True,221,1321,90.4610,14770.1324,11.1210,89.4372,89.9203,366,stop,366,3.6093,1790795670018392960,
4f2ad1b9-5bda-4f8c-b6ee-f13fd543cf5d,gsm8k-test-1081,math,True,75,1892,134.0082,22554.0369,11.8562,83.8874,84.3442,572,stop,571,3.3135,1790795662513420586,
692906cb-1679-4476-810b-5ab4f6b1fa4c,gsm8k-test-1200,math,True,59,1158,93.6000,12589.3353,10.8001,91.9826,92.5916,318,stop,317,3.6530,1790795672514104221,
d7d457b9-02bb-4f99-95f5-f468409aaf3a,mbpp-329,code,True,82,513,96.7185,5748.4683,11.0386,89.2412,90.5914,144,stop,143,3.5874,1790795679529967366,
fb856221-f9f3-48f5-a95a-ff254897cbf2,gsm8k-test-1238,math,True,91,1534,109.3414,17775.0618,11.5236,86.3007,86.7782,444,stop,443,3.4628,1790795667785431660,
04e2cd33-1ac8-482c-a70e-06538199bb09,gsm8k-test-0655,math,True,63,1073,94.7653,12665.0965,11.7261,84.7210,85.2802,318,stop,317,3.3849,1790795673109781248,
6b0fc9ea-7762-4b2d-97d0-634fc8d8acfa,oasst1-1a3d2552-90b9-40ea-b6e0-393c4533c9cd,chat,True,35,2146,90.6405,30382.4077,14.1220,70.6330,70.8113,766,stop,765,2.8052,1790795655600030931,
cb262a1e-43a4-4305-b79c-3adbb7a3a9d0,gsm8k-test-0030,math,True,65,1684,94.0094,19124.0174,11.3072,88.0568,88.4393,476,stop,475,3.5453,1790795666897524473,
47b3ea90-a577-4852-acef-f8533091b3d1,oasst1-4379358a-ebdf-4045-a809-bd82e04f8f87,chat,True,21,2659,359.0280,36241.6080,13.4998,73.3687,74.0749,936,stop,936,2.8408,1790795649740694010,
0468be6a-dfc0-436a-aab0-d63c80508bf0,gsm8k-test-0691,math,True,85,1374,99.2157,15985.9599,11.5708,85.9504,86.4243,392,stop,391,3.5141,1790795670284737097,
c19ded4a-0d6c-473e-abd4-f39ca75d0a82,gsm8k-test-1138,math,True,91,3243,221.0183,36809.0490,11.2856,88.1033,88.6082,949,stop,949,3.4173,1790795649738328709,
f39a4457-8df3-4297-9f6c-8eafc8e606c6,mbpp-358,code,True,110,798,98.5942,8954.4173,11.1114,89.1180,89.9973,222,stop,222,3.5946,1790795677845700370,
f9d08a6e-a336-44d2-a494-b89c26d3d825,mbpp-28,code,True,72,1094,100.9252,12256.6356,11.1214,89.2578,89.9166,308,stop,307,3.5635,1790795674718913334,
42cabc9c-9db7-4762-8773-8d70388bf9b4,mbpp-49,code,True,186,758,96.1512,8550.4721,11.1682,88.6501,89.5400,211,stop,211,3.5924,1790795678770246956,
334381a3-c363-4210-9f68-deeaaa086ca9,oasst1-0630db49-ce41-4e6c-816f-22f58b039159,chat,True,21,1783,91.5479,26216.5252,14.6605,68.0105,68.2106,658,stop,657,2.7139,1790795661318370307,
d0ca4251-8036-489b-ab37-65a723befd92,humaneval-115,code,True,356,1032,97.6277,12035.0003,11.5784,85.7499,86.3674,302,stop,301,3.4286,1790795675883431245,
1f172bf5-95ab-40a0-9410-43b4cfa92278,oasst1-22169860-f7b4-4394-b35e-d1390dcfcaa4,chat,True,19,2667,220.0957,38174.5015,14.2365,69.8634,70.2422,983,stop,983,2.7131,1790795649739192908,
f4f4f29a-072e-4908-8a02-0881d9759366,gsm8k-test-0729,math,True,102,2075,138.8966,23357.4489,11.1951,88.8368,89.3251,583,stop,583,3.5592,1790795664878653755,
1b9566b1-8efa-48b6-96c2-3fbbc6432cae,oasst1-81ae7664-1b13-4f47-8861-0759d5acd711,chat,True,29,1921,94.4747,24398.9090,12.6586,78.7330,78.9979,610,stop,609,3.1544,1790795664119986602,
8e3d67af-1e8f-4c50-a2b1-d2a032447db9,gsm8k-test-0706,math,True,93,2481,91.6225,28923.7707,11.6259,85.7772,86.0151,723,stop,722,3.4363,1790795659981325705,
804ad4bc-23ba-4709-baa3-df300e2b4fb1,oasst1-2c0d28dc-3681-4253-a691-641a23ce4fa4,chat,True,30,3343,335.3331,39260.7482,11.6473,85.1487,85.8565,1009,stop,1009,3.3132,1790795649739986835,
1ac3e5a4-ee07-461b-88a3-bf64981b67fc,mtbench-101,chat,True,48,706,87.8881,8726.8757,12.2539,80.8995,81.6068,215,stop,214,3.2991,1790795681016932122,
573d8a64-fc65-4cf1-8fcc-193c5f5a9fac,oasst1-1265ce88-fd5e-4932-8dca-6665e618af8b,chat,True,21,1973,86.6192,29561.8497,14.9469,66.7414,66.9036,740,stop,740,2.6662,1790795660178806571,
0e473cea-accf-4ff3-b72e-4e67e5f738ac,mbpp-338,code,True,88,1356,143.8339,15955.8240,11.6694,84.9846,85.6945,399,stop,398,3.4070,1790795674083400432,
8970e2d1-b2e2-46bc-a6e1-facf015f24d2,gsm8k-test-0968,math,True,147,1434,111.0840,16054.6299,11.1260,89.3200,89.8796,403,stop,402,3.5672,1790795674227241587,
7c7081dd-2154-4f3e-834d-80c75735cf96,oasst1-1856fc52-e9c9-4ae3-b9e5-32ebe3a4fd45,chat,True,52,3089,218.9883,40721.5481,13.1161,75.8566,76.2421,1045,stop,1044,2.9588,1790795649738255172,
44f9286f-2500-4f57-8c92-bf42895ed836,humaneval-88,code,True,231,968,98.2404,11063.4717,11.3394,87.4951,88.1878,274,stop,273,3.5458,1790795680695745896,
04f33e9f-f910-4846-b140-6e5737f191a2,oasst1-83f4733a-f78f-4eeb-9cab-ebd7869358bb,chat,True,69,2935,335.4166,42544.2742,14.3861,68.9870,69.5115,1095,stop,1094,2.6828,1790795649740077844,
154cb7a7-da68-4ba1-a739-6761f12a7433,mbpp-191,code,True,63,667,93.1701,7640.1525,11.3318,87.3019,88.2472,188,stop,188,3.5479,1790795684828176210,
b260d172-a733-4d5e-9a8e-8a7f208bbc86,oasst1-2c6ce434-ba80-4920-8831-5f75e771ac1c,chat,True,18,1967,88.2388,27478.4168,13.9319,71.5835,71.7776,690,stop,689,2.8549,1790795665123120960,
15b90934-1bef-4c76-afc7-648f8b2c013f,oasst1-58378de0-a47d-4ffe-becd-cfe21725632f,chat,True,21,2325,90.1899,33302.8987,14.2912,69.8137,69.9732,834,stop,833,2.7911,1790795659345082812,
1969f270-5c9f-4eb5-9786-831d6410e484,gsm8k-test-0867,math,True,82,1322,137.4316,14952.3332,11.2149,88.4143,89.1670,372,stop,371,3.5633,1790795677880674250,
c1767076-e409-4666-8d16-828898d529b5,gsm8k-test-0431,math,True,96,1192,96.8333,13890.3484,11.5815,85.8150,86.3449,345,stop,344,3.4651,1790795678943834232,
c9eb5952-dd5f-4d46-afd3-3f7ff94f717f,humaneval-155,code,True,89,598,97.6189,7062.6862,11.6668,84.6703,85.7135,174,stop,173,3.4566,1790795685988225536,
458a58b6-9ba5-479f-917a-a6311a651f24,mbpp-474,code,True,73,539,94.1403,6355.2209,11.6377,84.8122,85.9277,158,stop,157,3.4331,1790795686978552773,
e6503fc7-9438-471f-b46a-98f6eeab327d,mbpp-117,code,True,289,839,97.9730,10586.4863,12.5161,79.2520,79.8969,261,stop,260,3.2269,1790795682782292034,
4c53b1ab-4bce-44d2-853a-b6ece32a8f3b,mbpp-267,code,True,71,633,97.6058,7159.7732,11.1743,88.4106,89.4909,177,stop,176,3.5966,1790795686274270361,
4f95c43c-4c1a-4a4f-a8c1-e8e2df52f32a,mtbench-104,chat,True,29,3615,335.9177,44058.4900,12.0981,82.0500,82.6575,1128,stop,1127,3.2076,1790795649739612528,
0fe0044b-8920-46bc-956d-fbc5ccc31dee,gsm8k-test-0180,math,True,75,2341,104.2079,27117.9684,11.5443,86.3265,86.6225,673,stop,672,3.4836,1790795667320163860,
ef4dff13-2b02-493b-bd6a-8685c763309c,gsm8k-test-0332,math,True,69,1219,108.6959,14177.2961,11.5506,85.9825,86.5758,350,stop,349,3.4928,1790795680793735763,
fe1f31d3-5c6f-4e5d-9f01-78966423f000,gsm8k-test-1173,math,True,85,4056,335.4672,45444.0139,11.1242,89.2527,89.8943,1164,stop,1163,3.4875,1790795649739967539,
bcdf82fb-8ac3-4145-a31e-dbcb72ed8b2b,oasst1-110a4388-61a2-4c60-8f85-79376f3b1687,chat,True,25,664,93.9697,9509.8842,14.2020,69.8221,70.4127,234,stop,233,2.8498,1790795685778144782,
c2d61cde-4cea-4ebd-98ff-a76298a6dbc5,mbpp-399,code,True,168,848,97.3669,10236.1856,11.9703,82.8434,83.5403,250,stop,249,3.4056,1790795685280530870,
b7fe5321-cecc-4ee7-8ec6-ac12c78f5793,mtbench-151,chat,True,38,3002,86.8209,41128.1082,13.6759,72.9914,73.1215,1033,stop,1032,2.9089,1790795654960128582,
a5151b82-56ce-4e86-b46e-fee72ab084d7,gsm8k-test-0642,math,True,95,3981,335.5389,46347.0501,11.5607,85.8954,86.5001,1186,stop,1185,3.3595,1790795649739974835,
efa9d9fa-0dc0-4223-aa39-e7537c3f313f,gsm8k-test-1212,math,True,91,1398,108.9175,15202.2447,10.8041,91.9601,92.5575,379,stop,378,3.6984,1790795681709796545,
e4e18966-929b-4cf2-9724-f8760424e5ba,oasst1-e1fe97ac-5711-4f8e-8add-65e3559fd2ef,chat,True,29,2703,111.5299,36331.2655,13.4048,74.3987,74.6002,912,stop,911,2.9671,1790795660577831732,
34616143-8dc9-4461-8268-2c868aa66747,mbpp-23,code,True,141,1405,126.9600,16252.7115,11.4856,86.4471,87.0657,403,stop,403,3.4864,1790795681051643440,
2fc4ca18-1285-4318-832f-2591df0bac1a,mbpp-484,code,True,185,1324,100.6771,15880.0011,11.9269,83.3753,83.8439,395,stop,394,3.3604,1790795681609752548,
cc767fae-741e-4aaa-9fac-15ca13f32eb2,gsm8k-test-0470,math,True,69,1414,98.7577,16299.6628,11.4656,86.7503,87.2173,405,stop,405,3.4914,1790795681224836249,
1322425b-f94d-4914-874c-74e4899650cc,oasst1-564bab97-02bd-4426-a6f8-538da553ac76,chat,True,21,2486,89.3047,34754.7385,13.9499,71.5298,71.6852,870,stop,869,2.8608,1790795663137462603,
de87b4e3-505e-4ded-a9b2-f86547ebe411,gsm8k-test-0097,math,True,80,4117,335.4216,48615.7984,11.7299,84.6844,85.2520,1243,stop,1242,3.3148,1790795649739955795,
9c93046d-c150-4c25-a9e3-c1c4df88e4de,oasst1-878cbed1-1cf2-4b84-8847-be83b39cd32b,chat,True,24,2397,132.5074,34407.9253,14.3053,69.6642,69.9043,860,stop,859,2.7905,1790795664417211590,
8c4b26c5-6cf1-44c0-8bc6-81bec635b157,oasst1-ae4b34c0-aff6-4fc6-b4b8-c734bd672d7e,chat,True,23,2062,102.5303,29828.4656,14.4231,69.1286,69.3334,740,stop,739,2.7903,1790795669217823065,
50abe227-dde3-42f9-aeb9-02d6e2873a84,gsm8k-test-0361,math,True,121,4302,359.1461,49340.7281,11.3884,87.1896,87.8085,1261,stop,1260,3.4143,1790795649740642905,
76a726a1-00ed-46d2-95ca-bee58d7e58c1,mbpp-217,code,True,72,768,98.9943,8978.5976,11.5771,85.5367,86.3777,222,stop,221,3.4751,1790795690285768459,
6ac4a75f-3a30-45d4-baa9-dede611a7af6,gsm8k-test-0786,math,True,81,1690,96.4589,19535.7694,11.5094,86.5080,86.8858,482,stop,481,3.5135,1790795679908391735,
c68a2543-e38b-4ceb-9b2a-cc59dcb0deef,oasst1-89a82880-9e74-4c7f-94ac-d585d68e90c3,chat,True,30,2289,91.6466,32283.8233,14.0700,70.9024,71.0732,800,stop,800,2.8613,1790795667693561528,
b76bc7b1-fc9e-4db5-94ee-2d9e99c09d87,gsm8k-test-0114,math,True,107,2949,103.9772,34901.5227,11.8038,84.4949,84.7186,871,stop,870,3.3897,1790795665545241815,
c939c736-27f4-49d4-be55-65e591f9e188,gsm8k-test-1188,math,True,62,1331,91.5165,15631.8788,11.6845,85.1465,85.5836,383,stop,382,3.4843,1790795685072136914,
5ae18ac7-a64d-4aec-8ba8-d6f70fdf4818,humaneval-123,code,True,256,1610,98.1753,17652.0004,10.9098,91.2078,91.6609,436,stop,436,3.6927,1790795683375253165,
74720a3a-4ccf-47d7-b311-bc92522991ff,oasst1-df536f07-191d-401f-9b75-1d128405e77f,chat,True,20,758,91.6381,12046.1568,15.7920,62.9246,63.3233,299,stop,298,2.5436,1790795689054443520,
74f0cb27-bfe3-4199-aafc-fec295f96dcd,oasst1-c0ee63be-07fe-444e-9b73-7e365ed5589d,chat,True,22,2093,133.8439,29651.5137,14.1098,70.5866,70.8728,736,stop,735,2.8476,1790795672029555385,
977f5931-fb4c-4a70-8b0e-ab179b9d2647,mtbench-86,chat,True,40,2246,135.9969,28445.7778,12.6101,78.9572,79.3012,708,stop,707,3.1768,1790795673388172116,
89ac82e6-4fc5-4038-bb56-6d6bac6060dc,oasst1-abb6240f-dfb6-4a74-bc8d-25bda79edc23,chat,True,22,3027,128.6845,44495.2551,14.6618,68.0297,68.2045,1111,stop,1110,2.7270,1790795657373229729,
a600b285-571e-4e86-8fdb-7505b0b1865b,mbpp-426,code,True,139,745,109.1752,8580.8277,11.3866,86.8215,87.8223,210,stop,209,3.5646,1790795693436255226,
5d8c87f4-96a6-4652-8372-ec18e9f95570,oasst1-57c74154-a500-4af2-9317-a3afc46a48dc,chat,True,19,723,96.2312,10585.9421,14.5287,68.2981,68.8294,256,stop,255,2.8353,1790795691762324802,
b59b5979-3eb3-4d88-8352-fae1793dcd30,oasst1-c6c0cc85-7447-4cf9-99e4-8a09f1c832dc,chat,True,28,1725,93.0323,22318.3684,12.8917,77.2906,77.5691,548,stop,547,3.1536,1790795680388141936,
77c034b2-6e25-4d09-bcb2-9844d1fbbaed,mbpp-446,code,True,139,893,97.8254,10564.2213,11.7336,84.5306,85.2251,254,stop,254,3.5157,1790795692291958136,
77456dd0-6a21-4ac3-88bb-ba1b07520f22,mbpp-476,code,True,81,559,99.9795,6514.6970,11.4959,85.8060,86.9875,156,stop,156,3.5833,1790795696915304701,
6e9bbeb3-2d9b-4efd-be2c-b7f85b6c22c0,humaneval-96,code,True,180,972,134.8598,11002.6813,11.1924,88.3421,89.3463,266,stop,265,3.6679,1790795692654141783,
e743577a-d9ad-49a1-8422-7110c75b0082,gsm8k-test-0750,math,True,84,1271,96.5632,14932.2491,11.6816,85.1178,85.6044,366,stop,365,3.4822,1790795688910741054,
3d551d37-1508-4c50-a044-f24d997937a7,humaneval-38,code,True,186,1280,97.3290,15536.8075,12.0715,82.3850,82.8396,381,stop,380,3.3684,1790795688523938882,
f9d36275-1b82-40b6-abdc-6832a41a5109,gsm8k-test-0435,math,True,67,1718,95.6991,21395.6828,12.4053,80.2966,80.6104,524,stop,523,3.2849,1790795683028053107,
15ab238f-78a0-4aae-8ac4-b6d5eb166076,oasst1-95ba9d14-626a-4f6b-8716-ef514ec31b9a,chat,True,119,1779,95.3755,25528.2555,14.3042,69.6875,69.9095,628,stop,627,2.8373,1790795679153280901,
fefcba7e-e9e5-469d-bde2-8f43b6d8bbdc,gsm8k-test-1049,math,True,67,1026,98.0645,11455.2545,11.0802,89.5659,90.2512,280,stop,280,3.6643,1790795693805755739,
b576c300-a17f-42d5-9f00-0e3a6299e816,mtbench-155,chat,True,32,2984,89.4933,42184.3795,14.1116,70.7371,70.8637,1050,stop,1050,2.8419,1790795663405633604,
9b92fe4f-0725-4de2-b16e-206aa5805f46,humaneval-120,code,True,252,911,99.8252,10661.2047,11.6059,85.4500,86.1630,260,stop,259,3.5174,1790795695519351861,
b97c9702-cf5a-4a2d-8d78-01f95b7700e0,gsm8k-test-1066,math,True,67,1465,145.1073,16725.7583,11.3256,87.5895,88.2957,409,stop,408,3.5907,1790795689782768259,
c0dba2d8-1783-48dc-9a62-6430c2f85d1f,mbpp-404,code,True,63,326,96.7122,4262.6959,12.8184,76.4774,78.0128,103,stop,102,3.1961,1790795702351228917,
6dbd681d-9c28-49d5-83f6-6e8317222432,mbpp-478,code,True,70,670,97.5979,8248.7714,12.1841,81.2242,82.0741,198,stop,197,3.4010,1790795698364233502,
10ae6462-0ad3-45e7-9bf0-d3b54a38716c,oasst1-2a453929-3cc0-4d31-8ef5-a62f224086cc,chat,True,183,2280,111.1894,32991.2721,14.4274,69.1092,69.3125,817,stop,816,2.7941,1790795674036718095,
295c8dbd-84c1-4f43-929d-ed61ba1185ff,humaneval-142,code,True,190,698,128.0184,8040.8856,11.3528,86.8064,88.0844,192,stop,192,3.6354,1790795699089854856,
b6ffc056-9cfb-4044-aee3-c5fa46fd7830,oasst1-dcc403e9-f3a6-4414-9c5e-daa3139115e9,chat,True,37,4884,220.4624,57767.8037,11.7852,84.5454,84.8519,1463,stop,1462,3.3406,1790795649738774889,
7ed33ec3-4fab-4de2-b4b9-0dab1eac865e,gsm8k-test-0912,math,True,72,4947,220.5409,58241.9001,11.7310,84.9388,85.2445,1475,stop,1474,3.3562,1790795649738661896,
30698752-da0c-49b5-810c-024fff666c68,oasst1-9656fa5b-9018-4044-ac5a-0517a738d1c8,chat,True,22,2233,92.0313,30245.5263,13.5096,73.8291,74.0213,745,stop,744,3.0013,1790795678396901480,
932cb713-0d5a-491a-b51b-5becbf91f942,mbpp-424,code,True,114,440,104.3390,5211.6726,11.6340,84.4259,85.9548,126,stop,125,3.5200,1790795703469341742,
1e073ad9-10a7-40f1-8b34-82a7334b0a93,gsm8k-test-0416,math,True,79,3368,96.2972,40110.8597,11.8843,83.9673,84.1444,988,stop,987,3.4124,1790795669121944801,
cb983a02-0d2d-4d6a-8e31-87bfa18c7146,mbpp-497,code,True,119,1034,100.8628,12330.3761,11.8388,83.8579,84.4678,298,stop,297,3.4815,1790795697493551589,
ef31522f-b12b-4062-9d60-b75c410a1e04,humaneval-7,code,True,114,430,102.1125,4935.0300,11.2655,87.1322,88.7663,120,stop,119,3.6134,1790795705301362376,
81000250-ab03-44ec-8733-a50c6e05c8d2,gsm8k-test-0615,math,True,112,1541,98.9452,17688.2538,11.4216,87.1200,87.5532,429,stop,429,3.5921,1790795692506957398,
832bf9fa-63ca-4d8c-b632-a0970ff86fe3,mbpp-361,code,True,143,948,96.6951,11398.4269,11.9342,83.1694,83.7925,278,stop,277,3.4224,1790795700021109118,
4d2caf1d-fe7c-4477-ac23-9cd6846bfd03,gsm8k-test-1020,math,True,65,945,140.1349,10728.9306,11.2169,88.0796,89.1508,261,stop,260,3.6346,1790795701103696057,
54b991d7-4e4c-4ad2-8034-738908ba8c9e,mbpp-294,code,True,106,886,101.3522,10951.6433,12.2602,80.9011,81.5646,266,stop,265,3.3434,1790795701066753360,
1bd3f0fc-7622-4f4b-b0d8-79021deee94c,gsm8k-test-0554,math,True,80,4586,92.4842,54052.1854,11.7687,84.8439,84.9708,1342,stop,1341,3.4198,1790795658111944161,
608a04f8-7320-44f5-9273-e416234b7605,gsm8k-test-1014,math,True,117,1750,100.3138,19518.1152,11.1022,89.6603,90.0720,476,stop,475,3.6842,1790795692836507026,
a36e68ef-9678-417a-918a-b73750eb5966,mbpp-13,code,True,231,2086,99.0929,24996.1032,11.9410,83.4530,83.7450,613,stop,612,3.4085,1790795687921655364,
55e01e76-e836-43ba-a9fd-932e19e587ca,gsm8k-test-0163,math,True,82,5376,219.2986,63136.7895,11.7056,85.1485,85.4293,1596,stop,1595,3.3705,1790795649738139075,
43ed8328-ed98-4348-8c60-d576ec756f85,humaneval-156,code,True,132,1054,100.4112,12386.5941,11.6678,85.0920,85.7060,302,stop,301,3.5017,1790795701839621952,
33faa8c9-be60-445d-947b-4972b44a0f64,oasst1-5639ca6b-598b-44aa-9ebb-28f1d3305eca,chat,True,18,881,96.3802,13666.4655,15.4206,64.4644,64.8485,332,stop,331,2.6616,1790795700707427498,
36b4b955-9019-41ec-848b-01d32dd083aa,gsm8k-test-0886,math,True,91,3575,120.9007,43542.0296,12.1492,82.1046,82.3102,1070,stop,1069,3.3442,1790795671244995329,
1b79f7ed-40a2-4fd7-b567-19adb488c971,mbpp-46,code,True,86,715,98.4670,8735.3285,12.0964,81.8515,82.6689,215,stop,214,3.3411,1790795707034129134,
0339dbe5-3ea1-41e0-b340-0f7156494559,mbpp-480,code,True,78,4474,94.2811,52377.9869,11.6887,85.4176,85.5525,1299,stop,1299,3.4442,1790795663951698412,
6621a834-58ba-460d-83c8-a73deef34e17,gsm8k-test-0660,math,True,72,1772,97.3755,20595.4554,11.5743,86.0384,86.3983,503,stop,502,3.5299,1790795696095284552,
2d9c4421-77db-4f2a-86f4-d3f757affed6,humaneval-92,code,True,156,663,97.9323,7909.5970,11.8001,83.8222,84.7451,194,stop,193,3.4352,1790795709240094993,
b52cfb5b-a13b-4c0d-ba8e-4e97b337903f,gsm8k-test-0716,math,True,89,1706,113.3193,19701.3491,11.4886,86.5931,87.0430,479,stop,479,3.5616,1790795697594563658,
c645fe97-5710-4a46-b242-51763810ae50,oasst1-50967fe7-5bbc-4cd9-8808-45d0a5525fd6,chat,True,21,2466,91.9045,35333.1766,14.2967,69.7928,69.9464,867,stop,867,2.8443,1790795682270765582,
6aafa6b9-f28c-40f8-af05-42243231e4f2,mbpp-442,code,True,167,854,94.9102,9961.1244,11.5665,85.7333,86.4567,243,stop,242,3.5289,1790795707990144864,
45107bbf-6777-4754-a440-68845df4ba9b,oasst1-5b8d347c-835c-439a-95c4-3613047e5755,chat,True,102,2067,133.9838,32450.5854,15.6421,63.6968,63.9300,794,stop,793,2.6066,1790795686025668719,
b8348572-edc2-4bd6-a2e0-bfccf165a74f,gsm8k-test-1018,math,True,74,1118,99.3802,13191.0299,11.7204,84.7546,85.3216,321,stop,320,3.4937,1790795705635073674,
7a45227d-c5c7-4990-a065-38ceee738690,oasst1-71e79534-2c56-43f0-860b-5f7ea38e8689,chat,True,71,1357,101.9431,18277.3741,13.4037,74.2448,74.6062,442,stop,443,3.0632,1790795701686571658,
f472b275-9091-4cec-9ac2-3098b6e15a65,humaneval-27,code,True,67,472,103.9869,5628.1525,11.7286,83.8641,85.2617,136,stop,135,3.4963,1790795714377064221,
5f8e5c49-daa2-4d69-a5a8-778d863239ef,gsm8k-test-1189,math,True,73,1046,100.6125,12884.8016,12.2337,81.1809,81.7416,315,stop,314,3.3312,1790795707181800307,
c5e3ede6-d752-4e90-b9f9-9cb6a433f410,gsm8k-test-1302,math,True,91,1142,101.3858,13035.0870,11.3354,87.6097,88.2191,318,stop,317,3.6025,1790795708648184944,
450aaa0f-ef41-4f31-bfa7-f173419811e6,mbpp-436,code,True,87,433,115.1670,5347.9167,12.1128,80.9661,82.5570,128,stop,127,3.4094,1790795716377998427,
cddfd7e5-ad66-469c-b208-39963ae35d54,oasst1-f7d01fb2-ab2c-41ce-802c-2042ab95cfe2,chat,True,21,1564,105.8407,19895.4494,12.6613,78.6109,78.9808,485,stop,485,3.2247,1790795702019717671,
0c638004-c98f-4580-8101-1a600aacea48,mbpp-383,code,True,73,2350,95.8784,28974.9188,12.2942,81.1046,81.3393,708,stop,707,3.3239,1790795693053117727,
fccc707a-5498-4eb7-80eb-b99e6ba9bf6b,mbpp-359,code,True,87,1299,103.2528,15821.6672,12.1097,82.1026,82.5783,387,stop,386,3.3653,1790795706512233277,
3b8cba76-fef2-4ca6-90fb-babe07a045b8,gsm8k-test-1230,math,True,124,1425,113.8098,16479.6948,11.4929,86.4700,87.0103,405,stop,404,3.5272,1790795706615466134,
ff2a1372-fdf9-4bf7-ad1a-ed2826025992,oasst1-3a9439b8-589a-43a9-91cc-1268976e24a8,chat,True,67,3702,101.4395,48155.1475,12.9840,76.8765,77.0180,1191,stop,1190,3.1109,1790795675545382757,
90da34a3-f7e8-43f5-9165-97c253adcf62,gsm8k-test-1264,math,True,160,6309,356.7834,74300.7264,11.7222,84.9117,85.3079,1873,stop,1872,3.3702,1790795649740326582,
055308a8-f6c7-4dbf-be69-8f55026a7c74,oasst1-c82d0c8c-9652-4427-bc3c-f4bdf662cf28,chat,True,69,5876,334.1735,75894.9744,12.8614,77.4228,77.7520,1915,stop,1914,3.0700,1790795649739561744,
7f2dc83a-efef-4987-bebb-c65bd9873610,oasst1-1c46136a-4fdf-4ba1-b70e-1f0c9b7208ba,chat,True,33,2641,94.9726,38388.1994,14.5050,68.7972,68.9417,950,stop,950,2.7800,1790795688276261600,
b07a5c0b-cbae-48fb-b5fb-50fa76d3c6c6,mbpp-297,code,True,302,1297,102.3840,14050.1749,10.7622,92.3120,92.9179,352,stop,351,3.6952,1790795712885154173,
f37b5d61-2283-4097-9181-f85383f8e315,mtbench-144,chat,True,29,1578,113.5796,20433.4647,12.8852,77.2263,77.6087,509,stop,508,3.1063,1790795706615688312,
688420ab-69ce-406c-b95f-33889141a913,mbpp-291,code,True,106,1325,99.1837,15330.3203,11.5039,86.4300,86.9272,383,stop,382,3.4686,1790795712021345890,
76b7c113-5889-4e70-b5e6-8d5c1756e6b9,oasst1-18427de7-e34c-4d95-8d47-d69cce78c7a6,chat,True,29,2054,93.4437,28712.6642,13.9402,71.5364,71.7350,710,stop,709,2.8970,1790795699052044727,
861ef610-1ce5-48e5-a168-da89f79cb410,humaneval-133,code,True,182,923,106.1334,9547.1478,10.2397,96.6781,97.6590,245,stop,244,3.7828,1790795718482209043,
dcaf98dc-75d4-4709-a385-70784b60cc4c,oasst1-be518fed-be46-4f84-893c-d04cfeecd004,chat,True,31,2300,94.1901,33658.1624,14.5994,68.3341,68.4961,834,stop,834,2.7578,1790795694443578070,
959060bd-7820-41ec-8a22-5895cbb62de4,oasst1-0a18e6f3-5372-4bb6-86b7-d06b3cc8112d,chat,True,33,2332,105.9423,35571.3934,15.2147,65.5583,65.7259,879,stop,878,2.6560,1790795692607064179,
769965ee-dadc-4c80-92a0-675efa089ace,mbpp-419,code,True,157,1000,109.3129,11035.0656,10.9367,90.6202,91.4353,281,stop,280,3.5714,1790795717338692727,
dc4eea34-9998-49b0-8d7e-b8430e71c9ae,gsm8k-test-1071,math,True,109,6680,334.1752,80255.7046,11.9661,83.2340,83.5695,2029,stop,2028,3.2939,1790795649739489071,
66f6a74d-81d2-474a-8e1b-cac3ec456c70,oasst1-0a9f6003-9f83-4526-b4eb-dd5d1f65adad,chat,True,16,1715,93.5007,24141.8209,14.0305,71.0386,71.2732,604,stop,608,2.8207,1790795707516582334,
ff28121c-e3a9-42b0-8384-879cb96e820b,oasst1-d43afcea-d147-443d-965d-906bbd4cf65e,chat,True,40,2460,107.1853,34584.5036,14.0209,71.1301,71.3223,861,stop,860,2.8605,1790795697345018263,
8efca6a8-0705-4a50-9580-7ea891097da6,oasst1-dbf44fea-a817-47a0-8ffe-1c710effd1d5,chat,True,50,2340,96.3985,35038.5904,14.9389,66.7835,66.9391,879,stop,878,2.6651,1790795697898696580,
ebe5e460-57d0-40c7-b0dd-0b9fb778e23b,gsm8k-test-0940,math,True,79,3822,99.8626,46232.4114,12.0734,82.6693,82.8266,1161,stop,1160,3.2948,1790795687358947591,
ed9da19f-33a9-43aa-bdb2-1c63476c1c08,oasst1-b9f20b41-4756-462f-9ec0-21b1dcaba00d,chat,True,28,3007,99.3192,41578.4387,13.7988,72.3211,72.4702,1048,stop,1049,2.8665,1790795692837495515,
a6f48d4f-7f49-44f0-8e81-f0b1f4d5eaa8,gsm8k-test-0999,math,True,74,4507,96.1418,52694.9162,11.6731,85.5301,85.6674,1340,stop,1339,3.3659,1790795683520220187,
a467c142-9356-4b3b-9025-b0af76adac23,mtbench-90,chat,True,106,4184,97.2369,49779.5208,11.8772,84.0506,84.1950,1271,stop,1270,3.2945,1790795686834374495,
559d2aa2-e8d1-45dd-8c09-ef10f7cc2696,oasst1-e19627b0-2544-44e6-bae8-e089b708d0e5,chat,True,39,4434,106.7787,65411.7806,14.7316,67.7860,67.8815,1680,stop,1679,2.6409,1790795673204229867,
02e59af3-bd07-4593-ab07-533c20a00555,gsm8k-test-0122,math,True,87,3946,99.3564,44117.0623,11.1578,89.4439,89.6230,1172,stop,1171,3.3698,1790795696915913794,
069562d9-92f0-4daa-88d4-91619b8a9d3d,gsm8k-test-0648,math,True,97,5542,127.3058,65234.1566,11.7500,84.9555,85.1063,1712,stop,1711,3.2390,1790795676646679111,
f542fa2c-dce6-4e0f-ab6e-7e3ed4712133,gsm8k-test-0552,math,True,95,9551,360.2528,102431.1213,10.6880,93.2431,93.5624,2811,stop,2811,3.3977,1790795649741156222,
3a4b9eac-2e76-41be-9c10-4508a8c6fcdc,oasst1-4938a48b-9d5b-4272-8e50-52ee0d32ebcf,chat,True,73,9748,92.1964,100504.2178,10.3018,96.9910,97.0701,2886,stop,2885,3.3789,1790795661914068358,
28656ce4-fd8e-4a8a-9957-27c490d6fb7b,gsm8k-test-0423,math,True,139,10973,220.5336,115813.5438,10.5353,94.7471,94.9192,3341,stop,3340,3.2853,1790795649738732488,
a6e8b959-ab35-455b-8f05-ef623028bd8b,humaneval-129,code,True,427,10531,94.6029,110522.2588,10.4870,95.2840,95.3565,3189,stop,3188,3.3033,1790795655330804849,
59397be4-80de-41bf-b0ee-14d89d4f8807,oasst1-7e1a3089-60de-428e-913d-ba18d3dec962,chat,True,37,16384,356.7873,134814.1244,8.2071,121.5303,121.8453,4149,length,4148,3.9499,1790795649740374903,
e4b3cd59-2a83-4426-8b82-bcd659793cd0,oasst1-af04d707-6006-4447-a797-8134c6f13272,chat,True,178,16384,218.7950,135237.1940,8.2414,121.1501,121.3390,4170,length,4169,3.9300,1790795649738483910,
5c438b24-78bd-4879-8517-d80fa1606cde,oasst1-7cf046b4-d31b-461b-ab59-224423f56a50,chat,True,21,16384,219.2426,135669.5762,8.2677,120.7640,120.9521,4189,length,4188,3.9121,1790795649737961729,
17c88589-b185-4077-8458-6d26b69fad41,oasst1-09131bad-35ab-4d07-aff0-bd8765353ae9,chat,True,30,16384,334.3049,135838.5967,8.2710,120.6137,120.9039,4195,length,4194,3.9065,1790795649739505263,
eb3cd737-9ad5-4924-b779-3165e91fad65,mbpp-462,code,True,865,16384,359.1073,136141.8573,8.2880,120.3451,120.6560,4207,length,4206,3.8954,1790795649740651513,
84ae1f53-9ec1-42af-9719-8a4e911ca608,gsm8k-test-1083,math,True,86,16384,356.7216,136373.8987,8.3023,120.1403,120.4480,4214,length,4213,3.8889,1790795649740381687,
1672f5b8-37d7-4c93-96d2-746fdb6fe07a,gsm8k-test-0401,math,True,65,16384,220.4739,137470.7586,8.3776,119.1817,119.3659,4250,length,4249,3.8560,1790795649738816361,
5ea77003-03b4-417e-b00f-4b008be8f859,oasst1-42cc9fee-fef2-4f15-a494-709949e54596,chat,True,30,16384,89.6149,133299.3388,8.1310,122.9113,122.9865,4125,length,4124,3.9728,1790795654199040863,
0c9b26f2-a2ef-4292-8e16-fb2a703fa575,gsm8k-test-1252,math,True,72,16384,356.6406,138390.8845,8.4255,118.3893,118.6879,4274,length,4273,3.8343,1790795649740430103,
44f671a8-b673-4c04-bed0-82505db37d65,gsm8k-test-0042,math,True,108,1097,110.1848,68394.7270,62.3034,16.0392,16.0505,311,stop,309,3.5502,1790795720069770920,
fcd000da-2973-4981-9547-fefee1002c56,oasst1-bdb87ead-d258-4946-ac38-dc6bf395af9a,chat,True,44,1438,101.3190,73063.3698,50.7739,19.6815,19.6952,417,stop,415,3.4651,1790795715772199006,
d2a0d795-a333-4116-b72e-71587c9c4ed1,gsm8k-test-1135,math,True,69,1387,102.9248,72303.2550,52.0926,19.1831,19.1966,403,stop,402,3.4502,1790795716695114217,
94e291f3-a228-4e3d-bd22-8e4d6747676d,mbpp-32,code,True,73,1200,162.8853,69557.1134,57.8768,17.2520,17.2781,352,stop,350,3.4286,1790795720007270139,
38dc67fb-3d3d-4728-b9b6-74b1d6773110,gsm8k-test-0486,math,True,60,16384,358.8804,140018.7571,8.5247,117.0129,117.3064,4319,length,4318,3.7943,1790795649740798363,
217149af-b9ca-4c25-815b-ce52814127b0,gsm8k-test-0799,math,True,61,16384,334.2708,141054.6503,8.5894,116.1536,116.4224,4350,length,4349,3.7673,1790795649739402958,
d25802d4-ad28-40fb-91cc-393af840f148,gsm8k-test-0965,math,True,160,16384,359.1562,141292.8893,8.6024,115.9577,116.2461,4355,length,4354,3.7630,1790795649740567288,
edd64b70-4dfd-46f3-8607-23fdc07be501,gsm8k-test-1044,math,True,90,16384,332.3290,142038.8656,8.6496,115.3487,115.6122,4374,length,4373,3.7466,1790795649738744584,
194a8afa-0fbf-4e26-a932-b8d4041279f0,mbpp-332,code,True,159,687,63152.4821,69955.7957,9.9174,9.8205,100.8332,197,stop,196,3.5051,1790795722337625332,
364c5ae4-4989-4beb-96b2-9f411c2e2f9e,oasst1-8a720e0c-915c-4566-856a-ba1286c4e2ff,chat,True,44,16384,219.1157,143262.9371,8.7312,114.3631,114.5313,4407,length,4406,3.7186,1790795649738063330,
e8aab500-5165-4fd1-99b3-0088ac874e9d,gsm8k-test-0659,math,True,88,16384,333.9664,144086.9339,8.7745,113.7091,113.9663,4426,length,4425,3.7026,1790795649739658832,
83863979-d356-4ccf-a489-b3c389cc456b,gsm8k-test-0538,math,True,95,16384,334.3718,144260.3527,8.7851,113.5724,113.8293,4428,length,4427,3.7009,1790795649739379534,
d39d7b2a-05f4-40f2-a897-47bdab2d4b18,gsm8k-test-0575,math,True,132,16384,356.6175,144259.1525,8.7836,113.5734,113.8479,4428,length,4427,3.7009,1790795649740503064,
03c9960c-ef4f-43dd-bbe2-019dd2f9bddb,gsm8k-test-0268,math,True,76,16384,92.9702,143434.3494,8.7494,114.2265,114.2936,4398,length,4397,3.7262,1790795651582416203,
4358c853-f57b-4ccc-8e60-971fdb006f7c,mbpp-268,code,True,67,1002,63327.1963,73864.9125,10.5272,13.5653,94.9921,288,stop,287,3.4913,1790795721727940436,
7ee241bb-fefd-487a-8bdf-6ccd28f97a33,oasst1-56f20ce9-f37e-474e-a85a-f2ff1c054fa5,chat,True,339,16384,334.2212,146306.3663,8.9100,111.9842,112.2337,4469,length,4468,3.6670,1790795649739418702,
8eddb624-c818-4c74-8d94-bb9c3b97e7b6,humaneval-152,code,True,254,783,56581.3004,65178.7492,10.9942,12.0131,90.9572,211,stop,211,3.7109,1790795731663400412,
7a1d7d50-6448-481e-9d8a-dc4a73254787,oasst1-4d1e7e40-c695-4fe3-b7b3-72b434eacf80,chat,True,16,16384,105.0002,136733.2926,8.3396,119.8245,119.9093,4202,length,4201,3.9000,1790795660504135874,
78c14113-15e7-4a24-8fb1-740ba25833dc,gsm8k-test-1104,math,True,54,1046,57591.9208,69271.4143,11.1765,15.1000,89.4731,295,stop,294,3.5578,1790795728376786579,
48c6ccb3-59be-4cfc-9be7-64ab0101fe9f,gsm8k-test-0100,math,True,121,16384,359.2120,147871.5163,9.0040,110.7989,111.0619,4502,length,4501,3.6401,1790795649740616633,
e0e381c1-4470-4c54-9bb6-3c2a19789b9d,mbpp-390,code,True,141,956,57783.9453,70034.5528,12.8279,13.6504,77.9553,302,stop,301,3.1761,1790795728184849794,
8ff0e1b1-cc81-40e6-9605-1c28c6f01b6b,humaneval-103,code,True,173,1176,61436.8969,74466.6893,11.0892,15.7923,90.1780,328,stop,327,3.5963,1790795724053248832,
d7673b81-e30b-4138-a160-83fd1bb35916,gsm8k-test-0721,math,True,146,16384,332.4129,148956.2020,9.0718,109.9921,110.2313,4520,length,4519,3.6256,1790795649738591879,
23309616-76bc-41ba-acfc-bf1d81670867,oasst1-aa47716f-0840-4b09-a397-90afbf0c5e5b,chat,True,22,16384,129.2562,134070.8157,8.1756,122.2041,122.3145,4119,length,4118,3.9786,1790795665587697682,
50629d9d-0a24-4a11-8673-419d70a148af,gsm8k-test-0512,math,True,78,1014,56308.4974,68374.6913,11.9113,14.8300,83.9536,279,stop,278,3.6475,1790795731936224543,
6b71df10-47f4-47db-81c4-b610262e794a,gsm8k-test-1109,math,True,60,16384,90.9468,142056.8868,8.6654,115.3341,115.4009,4315,length,4314,3.7979,1790795659183078486,
0ac443fe-e354-4e56-b33f-5cff983a3137,mbpp-155,code,True,73,1186,58198.5520,73931.7867,13.2770,16.0418,75.3183,377,stop,376,3.1543,1790795727770174894,
f89c519e-7d27-4a92-b4c7-e0ab5ab8e70b,oasst1-310fa1f8-39eb-4b45-a845-8a403a439a28,chat,True,51,1985,98.9962,84670.0320,42.6265,23.4440,23.4596,698,stop,696,2.8520,1790795717954045610,
1d8626fe-a693-424d-b366-2445a366f4b6,mtbench-158,chat,True,25,1967,97.0799,85816.8640,43.6011,22.9209,22.9352,711,stop,710,2.7704,1790795717152175671,
d10dbdfd-ff91-41e0-af8b-a57057aabf47,gsm8k-test-0315,math,True,83,16384,359.1210,153371.8010,9.3397,106.8254,107.0696,4620,length,4619,3.5471,1790795649740571737,
62953e89-dc2d-4625-9697-92d8fa829209,oasst1-601ae535-9bdf-423b-8a06-4b60347433f7,chat,True,38,2336,97.9550,91821.8178,39.2822,25.4406,25.4568,850,stop,848,2.7547,1790795711835507879,
520e99cc-bb58-42fb-8da2-d2f3fb18f0f8,gsm8k-test-0798,math,True,142,16384,159.9695,141451.1781,8.6243,115.8280,115.9520,4288,length,4287,3.8218,1790795662204982378,
b0509320-875a-4df1-bcd7-94547de80c7a,oasst1-49a11310-42bf-43ae-99a3-1f8cdcbec0e7,chat,True,38,2949,96.1748,101119.8199,34.2685,29.1634,29.1813,1094,stop,1092,2.7005,1790795702895119242,
e75e39c4-666d-46e0-8a21-8cf29b244c1a,oasst1-54d4006b-4109-4b9f-92ee-919d64d1450a,chat,True,65,1312,61781.4735,80732.7456,14.4556,16.2512,69.1774,448,stop,447,2.9351,1790795723708647646,
2557766c-5290-4a16-93bf-27a3fbab4261,mbpp-325,code,True,74,907,55310.6356,67928.3712,13.9269,13.3523,71.8037,266,stop,265,3.4226,1790795736622558806,
1c9ba2f1-d8ee-4115-8f30-901b318d44c7,mbpp-355,code,True,68,3000,101.3175,94311.3617,31.4138,31.8095,31.8331,911,stop,909,3.3003,1790795710238433117,
14ed2ed7-62bf-4420-b7df-819559d0f07c,mtbench-132,chat,True,213,16384,103.6670,145141.0249,8.8529,112.8833,112.9571,4368,length,4367,3.7518,1790795659604215716,
c45301d8-69f1-42bd-bfec-c158732d4b89,mtbench-95,chat,True,101,16384,90.7083,136571.8238,8.3307,119.9662,120.0386,4143,length,4142,3.9556,1790795668661704439,
1c1e7c85-719f-47f9-8548-42955cfa5c57,oasst1-3e2c99b3-f00a-400c-bd04-c49969890217,chat,True,35,16384,95.6097,138509.4682,8.4486,118.2879,118.3624,4187,length,4186,3.9140,1790795667227777084,
1f97600b-4b19-4e51-ad5c-62375e7bdf10,oasst1-370bef35-48e5-4b25-a2ab-b5e1176d8356,chat,True,39,1961,100.0444,86358.8846,44.0096,22.7076,22.7223,703,stop,701,2.7974,1790795719968038909,
60e51acf-1eef-4f12-948d-11e7a1a2a261,oasst1-c43b23bc-0b9c-468f-9b95-edf7181cee20,chat,True,43,1277,56942.5351,74199.0980,13.5240,17.2105,73.9429,373,stop,372,3.4328,1790795732943721500,
80be3ae6-e043-4961-a3ef-edac591a7f3d,mbpp-372,code,True,255,1287,57332.4178,74049.6560,12.9994,17.3802,76.9266,350,stop,349,3.6877,1790795733599686361,
22a03ed8-365b-4012-8a1f-75116ea55c7e,mbpp-429,code,True,164,981,53431.3827,66554.4599,13.3909,14.7398,74.6776,274,stop,273,3.5934,1790795741891992928,
1ec7ef39-1b10-45e2-b380-c7fe4a982794,gsm8k-test-0755,math,True,74,1380,56508.6258,74789.5082,13.2566,18.4518,75.4340,396,stop,396,3.4848,1790795734423483792,
d7c9bf78-68a2-4456-9552-162b5cc22374,gsm8k-test-0035,math,True,78,2093,60011.9833,85795.2382,12.3247,24.3953,81.1379,610,stop,609,3.4368,1790795725647505746,
51579292-5ba5-491f-8808-70f7ac9173ee,humaneval-11,code,True,103,648,39235.8204,46814.1148,11.7130,13.8420,85.3754,193,stop,192,3.3750,1790795765574190608,
eef477a2-b2d5-4fed-a4ca-392bae1b7d45,oasst1-a7c274c0-7459-4a8e-a6f0-c53f007ced7e,chat,True,34,3282,98.1271,99427.6605,30.2742,33.0089,33.0315,1048,stop,1046,3.1377,1790795714229293623,
f4132519-44b0-4176-a57d-d7339485de9a,oasst1-076f689b-bdb2-4c80-ab7a-a30d2d72bf22,chat,True,28,2075,63021.4610,93251.1168,14.5755,22.2517,68.6081,753,stop,752,2.7593,1790795722033673852,
f178b470-4752-4a24-baf2-309b2ea85c67,oasst1-227890b8-9c74-4e05-b9fb-8caee5376f11,chat,True,24,4126,96.8067,120667.3789,29.2292,34.1932,34.2123,1605,stop,1603,2.5739,1790795696095854829,
3ed5c15d-e83c-4a1e-982b-c3b431f264a9,gsm8k-test-0468,math,True,84,4902,100.6320,114182.1331,23.2772,42.9314,42.9605,1475,stop,1473,3.3279,1790795702711116800,
bd8d0509-ab7f-4c4c-9c99-c8a16e0ddf54,gsm8k-test-0760,math,True,90,1420,38937.3997,53434.3329,10.2163,26.5747,97.8828,398,stop,397,3.5768,1790795765872607031,
4b7ec1fc-5361-4ca2-bab1-0e8d1c71a124,gsm8k-test-0205,math,True,113,4552,102.9347,108646.0393,23.8504,41.8975,41.9280,1297,stop,1296,3.5123,1790795711422500386,
ee0c1448-9db2-4fc4-8112-4908e4572907,mtbench-159,chat,True,22,2489,57822.7215,93086.1653,14.1734,26.7387,70.5547,894,stop,893,2.7872,1790795728146027208,
c0f90114-1ad0-436c-bc05-8b4905a00a49,oasst1-156b36ed-30cf-4d9d-ae65-d0780553f76f,chat,True,22,2771,58304.2009,96023.7539,13.6172,28.8574,73.4367,976,stop,976,2.8391,1790795727355294744,
318cb979-57bb-4c4e-bef8-fb26500cbcb0,gsm8k-test-0192,math,True,81,5594,143.0511,121533.2867,21.7040,46.0285,46.0745,1693,stop,1692,3.3061,1790795701876307175,
2ee5496e-74fa-4bfd-b90a-0cf7d2a098e9,gsm8k-test-1227,math,True,82,7985,133.8046,139961.6696,17.5135,57.0513,57.0988,2392,stop,2390,3.3410,1790795686025851088,
c8d5b99c-a12c-4b88-957d-47574637df17,oasst1-9d33c928-d368-4c1b-b360-c3513497c271,chat,True,22,16384,93.0319,165179.9608,10.0767,99.1888,99.2386,4230,length,4228,3.8751,1790795670430408732,
ef71c6c5-17a3-4caa-976b-88dcb8832d01,oasst1-803c76d2-a140-4890-8b01-cd273a821148,chat,True,42,16384,88.9382,168602.3776,10.2859,97.1754,97.2207,4264,length,4262,3.8442,1790795668035435938,
2786a8ae-2550-43df-9b9b-fba801a2a16b,oasst1-1633df0b-f7dd-435d-871a-1d9a959a12dc,chat,True,169,16384,98.0734,164541.4709,10.0374,99.5737,99.6270,4205,length,4203,3.8982,1790795672820591916,
b7f3ca69-51c7-4beb-b661-dba57bf1b3af,oasst1-a5a37dfc-26c4-4897-8cfe-a53bd9c725d4,chat,True,21,16384,102.1287,164377.7046,10.0272,99.6729,99.7288,4181,length,4179,3.9206,1790795674717708907,
dcccfbeb-2da4-4086-88f6-ca4149a47ed9,gsm8k-test-0526,math,True,95,16384,144.3879,180949.3587,11.0361,90.5447,90.6114,4556,length,4554,3.5977,1790795660370302712,
74a9f67d-62ee-4954-a60c-9a1fae13365c,gsm8k-test-0772,math,True,103,16384,93.9497,180181.7920,10.9924,90.9304,90.9723,4505,length,4503,3.6385,1790795663268827807,
a0cbf183-1737-4112-8264-b0d8781aa27d,oasst1-df65644e-4f2f-4a39-ac34-e051a535e1cf,chat,True,71,16384,136.1757,177601.6305,10.8323,92.2514,92.3166,4305,length,4303,3.8076,1790795671365913688,
734448f1-3079-4e7f-8c40-48ad6c4cbf38,oasst1-3a52a067-a17e-4d08-a0c2-ebafe58e538f,chat,True,18,16384,93.9515,174750.8284,10.6609,93.7564,93.8011,4162,length,4160,3.9385,1790795677405753180,
7048fc06-216e-4a2b-8397-1ec28cf0571f,mbpp-303,code,True,79,16384,108.9606,179898.0166,10.9741,91.0738,91.1235,4266,length,4264,3.8424,1790795673933486102,
6ff92c05-1389-44c7-8cb5-37c0952cad74,gsm8k-test-0244,math,True,102,16384,93.3014,196365.7176,11.9802,83.4362,83.4707,4661,length,4659,3.5166,1790795659511599082,
6dcd4fd5-e172-4a72-b805-c54709fc025c,gsm8k-test-0592,math,True,94,16384,96.2554,184379.0148,11.2484,88.8604,88.9014,4340,length,4338,3.7769,1790795673357946566,
30a5a232-c0f4-4e23-b3df-aca46a4e4d44,gsm8k-test-0510,math,True,105,16384,129.4365,186823.6699,11.3956,87.6977,87.7531,4380,length,4378,3.7423,1790795671905372037,
6fbd2c3f-7ceb-4560-87db-559cd7dc44ba,oasst1-6fff6e21-68f2-451b-8083-c817d470fbd3,chat,True,23,16384,103.9998,177076.0534,10.8022,92.5252,92.5739,4144,length,4142,3.9556,1790795683124281262,
f412d014-a8fc-4785-afa6-adcc524384f7,oasst1-22821904-fbc1-4802-be54-d8f7efba825f,chat,True,73,16384,109.0340,181364.6948,11.0636,90.3373,90.3861,4247,length,4245,3.8596,1790795681320589904,
49bc2d66-2e26-4fde-a023-389f3cebdfda,oasst1-238f934c-cd53-42e2-9240-c017fbd208df,chat,True,25,16384,86.1829,207049.1603,12.6328,79.1310,79.1591,4506,length,4504,3.6377,1790795656183034245,
a6469c9c-c2d8-4800-807d-d79e2e044a5e,mbpp-52,code,True,78,380,72992.5751,75980.6175,7.8840,5.0013,126.8389,104,stop,104,3.6538,1790795789785600851,
b00ffac8-625c-4154-8534-c99495890cfb,gsm8k-test-0818,math,True,83,16384,100.2441,191166.9200,11.6625,85.7052,85.7449,4434,length,4432,3.6968,1790795675030204752,
3886052e-f271-4aea-8fd5-4e0aabdb12d3,gsm8k-test-0406,math,True,99,16384,111.5982,192160.9482,11.7225,85.2619,85.3062,4495,length,4493,3.6466,1790795674036292363,
eeffeeca-143b-454d-a4bf-625c29dd8b20,mbpp-159,code,True,70,940,73806.3810,82431.2797,9.1852,11.4034,108.8708,311,stop,310,3.0323,1790795785001314609,
33af3a9a-f96f-4336-bc8f-872a98c6cbbe,oasst1-90f1c1e8-df7a-4cc6-83d0-fb1bbf1e59dd,chat,True,37,16384,90.9194,183854.3072,11.2167,89.1140,89.1527,4241,length,4239,3.8651,1790795683867061874,
bc63b53d-efda-4e54-9e2d-106699f67553,oasst1-9740cbef-8bcb-4f78-a123-b2beeda143a6,chat,True,25,1052,74228.5113,84946.1305,10.1975,12.3843,98.0628,366,stop,365,2.8822,1790795784579177339,
8eeabf98-5487-4d83-a74c-82a930a6c040,mbpp-406,code,True,75,484,70853.2573,76173.5898,11.0152,6.3539,90.7838,131,stop,131,3.6947,1790795795043432470,
5cc045c2-4d82-4a3e-9b9c-d6c8500e0d60,mbpp-18,code,True,94,874,75254.5419,83890.8911,9.8927,10.4183,101.0844,242,stop,241,3.6266,1790795787523650364,
021a46d3-06fb-4618-b6f5-b3b2314aa57f,oasst1-bb5ae6b8-97b2-4464-b2b4-3c1f7adcb4fd,chat,True,58,694,70299.9571,79111.1557,12.7146,8.7725,78.6499,242,stop,241,2.8797,1790795793027360689,
82f48460-61b0-469a-b8ba-b333bd9349d9,mbpp-81,code,True,244,1264,74374.4057,86305.4840,9.4466,14.6457,105.8580,362,stop,361,3.5014,1790795785907786602,
10c3fd64-44f3-4fe8-b4de-9f9fd8e5d2a2,oasst1-3a355f15-19d9-46de-b108-b863fb0325ac,chat,True,21,16384,93.0841,185587.5298,11.3224,88.2818,88.3207,4247,length,4245,3.8596,1790795687540064183,
71b8462b-9ac5-403c-adb8-bea35ca3473d,mbpp-194,code,True,76,890,71523.5387,81467.3647,11.1854,10.9246,89.4022,270,stop,269,3.3086,1790795791803782635,
13416c3f-fbf0-4b19-a3ba-9f0860236587,mbpp-122,code,True,69,16384,105.1800,184185.8925,11.2361,88.9536,88.9990,4194,length,4192,3.9084,1790795689746505951,
ab7ab853-b0f0-4512-a007-494a44c5096d,mbpp-214,code,True,106,762,69015.3409,77562.8553,11.2320,9.8243,89.0317,209,stop,208,3.6635,1790795796881372645,
ea6690dd-5fd2-49e7-8f1a-3cf74cae02e0,oasst1-14604d53-d240-4bca-a998-245bc62a8861,chat,True,18,16384,91.5975,185425.8511,11.3126,88.3588,88.3970,4196,length,4194,3.9065,1790795690043032309,
56cb1e46-8600-47d5-ab01-a75edc24f1f4,humaneval-68,code,True,353,1317,73938.6712,87287.7604,10.1437,15.0880,98.5835,357,stop,357,3.6891,1790795788839502681,
a153d264-f1b9-4e34-a1a4-fd4fd8fafb5b,oasst1-896b6c3c-22cb-431c-9712-4d42f5682a56,chat,True,23,615,62770.3130,71511.1383,14.2359,8.6001,70.2451,207,stop,206,2.9854,1790795804770950467,
a9aede37-6b06-47ad-a2f9-008a8a48f392,gsm8k-test-1257,math,True,79,1201,72507.9818,85498.1517,10.8251,14.0471,92.3775,343,stop,343,3.5015,1790795790819344059,
255905da-ae27-4477-8ce1-0f7bb09b4c8c,humaneval-144,code,True,177,899,67579.7257,77634.4679,11.1968,11.5799,89.3111,245,stop,245,3.6694,1790795798721794379,
f6cb7b3b-232b-4135-aa69-4ed5ba442e51,gsm8k-test-0981,math,True,80,1313,73744.4743,87359.2335,10.3771,15.0299,96.3660,364,stop,364,3.6071,1790795789033701886,
1ac211b9-959d-4e61-8a6a-54b66db08530,mbpp-199,code,True,84,890,68650.4241,79319.7622,12.0015,11.2204,83.3229,259,stop,258,3.4496,1790795797651195258,
d3d21f3d-0f7a-4075-a3e5-84aa48d5a17a,gsm8k-test-1244,math,True,113,16384,96.2069,192112.5209,11.7205,85.2834,85.3209,4330,length,4328,3.7856,1790795685564546332,
04e4a3e8-d48d-44f6-a971-c449e39ebad5,humaneval-64,code,True,151,820,54175.9187,64332.4904,12.4012,12.7463,80.6374,241,stop,240,3.4167,1790795813664512062,
6ac2c720-a9ef-4329-84ef-9cedba53da94,mbpp-302,code,True,75,814,46602.1575,56797.0442,12.5398,14.3317,79.7459,242,stop,241,3.3776,1790795821238296634,
c676c89d-25ab-4e9c-a6d6-f981a3d68ec0,humaneval-5,code,True,114,722,43993.6562,52474.8067,11.7630,13.7590,85.0121,206,stop,205,3.5220,1790795826003550322,
7dbcad8e-42a5-4128-9b11-7b6d9c14d647,oasst1-84ba5c11-3050-46f1-9ca4-0505b69649f4,chat,True,45,16384,126.7937,193850.4310,11.8247,84.5188,84.5689,4350,length,4348,3.7682,1790795685106700391,
f6727537-d260-4c80-8dcf-2e0bc83993be,gsm8k-test-0060,math,True,64,2790,47766.7035,126994.2896,28.4072,21.9695,35.2024,849,stop,847,3.2940,1790795752216856959,
e6812fa5-c115-4eff-babe-9d0ab7da4ab1,humaneval-31,code,True,131,1027,62987.6249,75021.3774,11.7288,13.6894,85.2602,285,stop,284,3.6162,1790795804553644336,
4a21593e-37e5-422d-9078-f27662d58b1c,oasst1-00258783-e10f-4d90-a3a4-abd22ea903f8,chat,True,20,954,67778.3669,81271.4114,14.1585,11.7384,70.6290,327,stop,326,2.9264,1790795798523246783,
d6d8c1fd-7491-452b-a523-2174e0a7e978,mbpp-12,code,True,207,1070,62282.4374,74682.0835,11.5993,14.3274,86.2121,295,stop,294,3.6395,1790795805258921541,
647b0636-b478-41a8-9551-37a6ee9a579c,gsm8k-test-1292,math,True,72,1237,68634.4766,82715.2392,11.3922,14.9549,87.7793,344,stop,343,3.6064,1790795797262229196,
93e82438-fbcb-4c7f-b150-a04f697853d1,mbpp-47,code,True,78,1024,60395.0209,73444.5299,12.7561,13.9425,78.3938,312,stop,311,3.2926,1790795807146305294,
0822b6c3-7768-4a4a-9337-500796de4453,mbpp-20,code,True,72,976,50937.1513,64346.2929,13.7530,15.1679,72.7116,323,stop,322,3.0311,1790795816903326562,
dc110f90-ad85-4731-ad5d-95b7b41fbdf3,gsm8k-test-0082,math,True,56,1219,52549.9630,66616.9187,11.5492,18.2987,86.5859,341,stop,340,3.5853,1790795815290530123,
3ab3f9bc-bf1f-48ac-91b8-cb246960bbf2,gsm8k-test-0496,math,True,59,16384,94.3202,195425.5571,11.9228,83.8376,83.8729,4369,length,4367,3.7518,1790795686589893369,
b0b607a3-99c3-4cd8-8c10-7aa1f11eb40c,gsm8k-test-0253,math,True,64,1632,69301.9997,88575.9140,11.8172,18.4249,84.6221,499,stop,499,3.2705,1790795794025350457,
f17903db-a454-4e18-87e8-86958df53544,gsm8k-test-0612,math,True,106,16384,99.7253,190032.6699,11.5933,86.2168,86.2568,4215,length,4213,3.8889,1790795693335987131,
c287a081-9e47-4389-baa0-341cc9b6920a,gsm8k-test-0072,math,True,76,1188,46422.1252,60171.5977,11.5834,19.7435,86.3306,334,stop,334,3.5569,1790795823417970899,
a3f6bb56-3c89-4ab8-99a2-46ebdc74b50e,gsm8k-test-1293,math,True,76,16384,134.0545,198103.8627,12.0839,82.7041,82.7550,4409,length,4407,3.7177,1790795687957068672,
861d6874-22ed-4ed3-9b29-32ced717c0c8,gsm8k-test-0223,math,True,71,16384,96.7155,196179.8441,11.9687,83.5152,83.5513,4353,length,4351,3.7656,1790795690467183294,
142d8e79-4e09-4c28-9ae3-df5409a57a35,gsm8k-test-0645,math,True,63,1585,61778.7059,81084.2485,12.1878,19.5476,82.0490,474,stop,473,3.3510,1790795805762639411,
76490215-5f9b-4f69-b0e4-a3a0096ad432,oasst1-858661c7-cc92-4da3-b776-3937e100e475,chat,True,38,1836,73210.6846,98290.6187,13.6675,18.6793,73.1661,653,stop,652,2.8160,1790795789567582746,
3290808b-3561-4091-9b54-e28740c4c406,mtbench-123,chat,True,37,1755,59391.0114,79814.6112,11.6440,21.9885,85.8810,501,stop,501,3.5030,1790795808449438969,
0776d3e9-aabf-44c6-a1a0-94d2c2027d45,mbpp-35,code,True,65,425,46090.0988,50979.5391,11.5317,8.3367,86.7175,126,stop,126,3.3730,1790795837388470723,
b2e17925-2422-4523-a999-fd468f3b5dbb,mtbench-146,chat,True,48,16384,164.0840,195190.7007,11.9042,83.9384,84.0039,4302,length,4300,3.8102,1790795693371628409,
0b82be20-35ff-402e-99df-1752d27e8de3,oasst1-5e4e3daa-515d-402b-b2a1-d27e4c97a86c,chat,True,16,1913,72267.6596,98099.3711,13.5103,19.5006,74.0176,665,stop,664,2.8810,1790795791059684667,
674adb1c-d2fc-460e-a52e-a9a9226a4dcf,oasst1-671bd27e-6c60-4be6-a241-bb98a3335dbf,chat,True,40,1872,65987.7609,89941.1539,12.8025,20.8136,78.1100,592,stop,593,3.1568,1790795800313879209,
98be98c1-916c-4dda-a418-ba3cd9b49f2e,mbpp-481,code,True,141,16384,98.2651,197176.2860,12.0294,83.0932,83.1295,4311,length,4309,3.8023,1790795694974393686,
e1cac257-5371-425d-9423-9c85b06cffe0,oasst1-6d6aee60-0127-445b-b853-24b3a18e2171,chat,True,14,1928,51066.3084,76264.1974,13.0762,25.2805,76.4747,621,stop,620,3.1097,1790795816774084801,
92b6f45b-2ade-4242-978e-78801281f93d,mbpp-494,code,True,125,839,40001.5697,49639.6247,11.5013,16.9018,86.9470,245,stop,244,3.4385,1790795843476929716,
eb7f588a-4d7c-493a-9727-7f8ad143ae43,mbpp-373,code,True,80,386,17092.6134,21227.1526,10.7391,18.1843,93.1180,107,stop,106,3.6415,1790795873273957574,
64bb5807-9a80-4ff9-ac40-cd2db055d543,gsm8k-test-0461,math,True,65,1017,44358.7253,55380.4205,10.8481,18.3639,92.1818,281,stop,281,3.6192,1790795839119820955,
dfb64773-a5a3-49ed-b477-be3d96dd95f0,mtbench-103,chat,True,32,16384,94.5933,195048.1470,11.8997,83.9998,84.0354,4253,length,4251,3.8542,1790795699448361703,
3a1ac5ad-1b75-4344-acba-ea42391a2b5e,humaneval-98,code,True,92,694,28211.9989,35781.8154,10.9233,19.3953,91.5478,193,stop,193,3.5959,1790795858755423323,
e1af8e65-973e-4397-aeb0-c8df77cf6513,oasst1-c5fa7538-ddf6-4c04-86f5-4a2054784510,chat,True,64,16384,110.3694,199903.8467,12.1952,81.9594,81.9997,4356,length,4354,3.7630,1790795695290745725,
37940cfb-ae38-4fb5-b430-a7e0d67701ff,gsm8k-test-0025,math,True,93,1300,46558.2457,60646.2689,10.8453,21.4358,92.2060,357,stop,356,3.6517,1790795835635274088,
27f32174-d260-4d40-90e0-a08e6f853b4b,humaneval-58,code,True,145,718,17125.9020,24846.3968,10.7678,28.8976,92.8697,194,stop,194,3.7010,1790795872141224715,
5c2b2fc6-da90-4618-9e8f-b12d5ba32edc,mbpp-488,code,True,111,2688,65036.1150,96089.1678,11.5568,27.9740,86.5293,769,stop,768,3.5000,1790795801265491796,
7dc14b8d-b06c-4971-9e4b-0efc01d2f6ad,gsm8k-test-1276,math,True,83,16384,101.1606,198522.0407,12.1114,82.5299,82.5669,4289,length,4287,3.8218,1790795698831304421,
5c3f951c-2b9d-45f0-8e5b-28fb3b7ca2ae,mbpp-410,code,True,106,842,33034.4963,43610.6105,12.5756,19.3072,79.5188,262,stop,261,3.2261,1790795853857572677,
574699f6-1856-4982-bf27-ccf1486ccdeb,oasst1-b5f2a19b-f8b0-4a8c-bf41-3998ed75fc5c,chat,True,33,16384,97.0180,195727.9561,11.9411,83.7080,83.7444,4177,length,4175,3.9243,1790795703846716789,
cc89f5c4-e4d8-44ff-bc67-843fe515f865,mbpp-328,code,True,240,1001,25113.7012,37442.8658,12.3292,26.7341,81.1085,298,stop,297,3.3704,1790795863258913459,
530886f5-4807-45cf-bdbd-a010491a4c3c,mbpp-218,code,True,77,16384,99.5723,196591.1470,11.9936,83.3405,83.3776,4191,length,4189,3.9112,1790795704064374827,
d787206a-a1fc-4e9d-8adf-c3d2ce830435,mbpp-219,code,True,172,1004,19142.3152,31430.2881,12.2512,31.9437,81.6245,296,stop,295,3.4034,1790795869528841149,
8639cbfd-fedb-41de-a83e-9c5ab935354f,gsm8k-test-0672,math,True,106,16384,99.6693,201975.7900,12.3223,81.1186,81.1537,4349,length,4347,3.7690,1790795700453184557,
d602ec92-abd8-448b-be49-7d9fb57e5602,oasst1-e22525ee-f021-4c60-bc05-0f140951cf61,chat,True,23,2485,55449.8232,90434.2766,14.0839,27.4785,71.0030,846,stop,845,2.9408,1790795812390649720,
d83d7c04-ec0e-4146-b2c3-8f18a7ea506e,humaneval-161,code,True,134,635,18337.7779,26070.7443,12.1971,24.3568,81.9866,174,stop,174,3.6494,1790795876973959933,
705c834c-0a9f-4380-bbac-f62a6f9412c3,gsm8k-test-0852,math,True,81,16384,100.7540,200180.4789,12.2126,81.8461,81.8824,4237,length,4235,3.8687,1790795703660014867,
992c50fd-9a29-44ea-88c9-ba76dc978014,oasst1-0b8d6492-1930-4f5c-a500-2424c65fe04e,chat,True,27,2458,62637.9143,100290.3832,15.3246,24.5088,65.2547,912,stop,911,2.6981,1790795803663634922,
f2d47126-2b3c-461c-b014-624abe674c92,gsm8k-test-0231,math,True,83,16384,98.6972,209077.2944,12.7558,78.3634,78.3956,4543,length,4541,3.6080,1790795695192091117,
9f094dc9-8464-46fc-b039-ce2927f7ece5,mbpp-340,code,True,115,1298,22446.7492,38215.4383,12.1578,33.9653,82.2516,369,stop,368,3.5272,1790795866224380272,
cbda7640-8456-4d7c-ab32-1a9447ddd7b5,gsm8k-test-0195,math,True,66,1354,18005.5338,34407.9457,12.1230,39.3514,82.4879,381,stop,380,3.5632,1790795871261589090,
6a653203-6e36-4aec-b955-ce8d80e2ac90,gsm8k-test-0040,math,True,70,6317,57936.4841,179136.6433,19.1894,35.2636,52.1121,1933,stop,1932,3.2697,1790795728032229456,
7308dfb3-f01f-47ba-9db1-f9ae072b5bc1,mbpp-472,code,True,84,943,18331.2183,31736.3713,14.2305,29.7135,70.2715,297,stop,297,3.1751,1790795876358800684,
33c68862-196b-426c-a89c-6bfcb3cef8fc,oasst1-d6c139ef-6f41-4f8a-90ab-06e000ea6a94,chat,True,21,16384,102.2482,198247.6238,12.0946,82.6441,82.6817,4168,length,4166,3.9328,1790795710237514677,
cdcbad2c-f667-47d7-9015-4df864dbbf19,humaneval-113,code,True,206,866,16303.2365,27541.0470,12.9917,31.4440,76.9723,244,stop,243,3.5638,1790795881252854720,
7937e5c6-ad6f-44fd-a2c9-4559aa8bce07,oasst1-e0d24937-61a6-41c3-85c7-39b359ac0f55,chat,True,25,16384,95.0114,205031.7698,12.5091,79.9096,79.9417,4311,length,4309,3.8023,1790795704686751740,
6e4cf5c5-d51a-41e6-bd38-a6e957b9e341,gsm8k-test-0678,math,True,60,898,13025.1198,24630.5848,12.9381,36.4587,77.2912,250,stop,249,3.6064,1790795886673518768,
8c036807-e3b2-4095-8487-214537523a14,mbpp-179,code,True,72,1132,18356.0298,33838.1958,13.6889,33.4533,73.0518,336,stop,335,3.3791,1790795878038028275,
aa3922dd-a531-46bc-be12-4e70b4a4a965,humaneval-44,code,True,123,643,376.9777,9307.7220,13.9108,69.0824,71.8865,192,stop,192,3.3490,1790795902831583744,
af77c0a0-4ba1-48d1-abb3-7a3dcc6506b9,mbpp-392,code,True,102,912,13611.4506,26214.8354,13.8347,34.7895,72.2822,270,stop,269,3.3903,1790795886087188769,
70043141-b265-4a4e-8ac6-1d4ae98746dc,humaneval-63,code,True,173,861,6468.6783,17750.8420,13.1188,48.5047,76.2265,242,stop,242,3.5579,1790795894608427330,
fe2c0edd-9458-42a3-bf57-ea5826f1c249,oasst1-73c9e28b-7b34-48f2-9b3a-9be4be4db362,chat,True,59,3007,61208.9579,108023.1976,15.5736,27.8366,64.2112,1098,stop,1097,2.7411,1790795806332301934,
6130f4a7-5bec-4612-8bc9-857e3ec53e30,gsm8k-test-0791,math,True,78,1071,7823.2745,21451.7526,12.7369,49.9260,78.5121,292,stop,291,3.6804,1790795893043389462,
2da4e5d2-9c6d-43b2-90e6-ada2c8824139,mbpp-114,code,True,307,1541,19117.0769,39131.9045,12.9966,39.3796,76.9430,437,stop,436,3.5344,1790795875494686253,
a88bde2a-dd77-4838-8eeb-85c726b2b649,mbpp-58,code,True,76,732,124.3822,10888.6077,14.7253,67.2262,67.9101,232,stop,232,3.1552,1790795903960824220,
bc5b8a9a-a642-4a9a-88d5-daed7b8cfa7c,gsm8k-test-1150,math,True,61,799,90.4669,10600.5399,13.1705,75.3735,75.9272,227,stop,226,3.5354,1790795904297119061,
58d9e6f6-c24f-48b3-b834-5cb564bd4a10,mbpp-304,code,True,127,1193,14912.5733,32339.9146,14.6203,36.8894,68.3983,377,stop,376,3.1729,1790795882643491769,
8473c361-49c7-4b85-b578-b8a40e26c9e8,oasst1-3cc28882-0d71-4eb0-b95f-28e45d8faa12,chat,True,18,1977,34710.0445,63110.0304,14.3725,31.3262,69.5775,646,stop,645,3.0651,1790795852182007934,
695c5500-98e7-44c1-b28e-4a1f0c2b4f9d,mbpp-443,code,True,87,864,2243.5796,14941.8407,14.7141,57.8242,67.9621,273,stop,272,3.1765,1790795900704781919,
e6f7071b-5f8b-4ddd-ba83-1b511958c5a7,gsm8k-test-0141,math,True,66,1587,18915.1352,39247.8437,12.8201,40.4353,78.0024,444,stop,444,3.5743,1790795876396552956,
404562db-6048-4224-adc5-bb55532ef5e2,oasst1-d3c1dd6a-8bb4-4b6a-8fad-13865aebc41e,chat,True,62,16384,140.1453,207008.1425,12.6270,79.1466,79.1954,4342,length,4340,3.7751,1790795708683072071,
da3ebe1d-86c1-4767-986d-8550004c99ed,gsm8k-test-0584,math,True,83,16384,97.7103,216424.3537,13.2043,75.7031,75.7327,4639,length,4637,3.5333,1790795699266947604,
785525f4-b420-4cd9-a75d-ff4653b8a7c7,mbpp-326,code,True,128,948,5523.1195,19089.0757,14.3252,49.6619,69.8071,291,stop,290,3.2690,1790795897032982436,
77ab31a5-2164-4911-a383-12e39a8f36fd,gsm8k-test-0498,math,True,79,1436,17494.3141,36140.0867,12.9936,39.7343,76.9611,403,stop,402,3.5721,1790795879980801290,
c0a536b7-f469-442f-b8d2-2779554108dd,humaneval-160,code,True,234,1129,12919.2625,28514.6740,13.8257,39.5936,72.3290,335,stop,334,3.3802,1790795887863297161,
e5be869a-d45b-4de0-a2a6-a977a7ce6852,gsm8k-test-1070,math,True,100,16384,99.1371,204587.7303,12.4818,80.0830,80.1169,4281,length,4279,3.8289,1790795712172974635,
44901d4b-adcf-456c-9c05-c4ee69ff548a,gsm8k-test-0561,math,True,69,1395,16304.2406,33794.8914,12.5471,41.2784,79.6997,378,stop,377,3.7003,1790795883394403237,
cefcb54c-dbe3-4f5e-95a5-b5e306fc2563,oasst1-bbe2633d-b9ad-4109-8857-2bb424cf95fc,chat,True,28,1764,22446.6174,50963.5933,16.1753,34.6129,61.8228,646,stop,645,2.7349,1790795866224503697,
d834fe2e-1ae4-4eb4-a94a-a653f60ce15d,gsm8k-test-0246,math,True,114,16384,100.2839,212885.1551,12.9882,76.9617,76.9933,4500,length,4498,3.6425,1790795704428353211,
7e8eec63-29b7-4f16-9cfb-a9caee7cfdea,mbpp-147,code,True,165,1215,12194.5110,28809.6990,13.6863,42.1733,73.0657,359,stop,358,3.3939,1790795888587975659,
87e2c450-bba4-45c7-997c-bab68d9768ee,oasst1-6b01f3cf-3b6c-4e65-be65-b70af4e7dd25,chat,True,19,1629,17819.1283,43268.0289,15.6320,37.6490,63.9713,568,stop,567,2.8730,1790795874446919432,
f44aa12e-2820-4536-b9b0-2b53ed721fd4,mbpp-26,code,True,134,1500,18257.8600,38820.4041,13.7175,38.6395,72.8995,449,stop,448,3.3482,1790795879217241581,
e341c116-a2f1-481e-ab8a-1df2f370b3c8,oasst1-3b46758f-5ad4-4043-bc36-acb084942b97,chat,True,18,1883,20924.1500,50810.2757,15.8800,37.0594,62.9724,680,stop,679,2.7732,1790795867747015778,
97e8c22f-a194-40df-b212-6514cc3c7d15,oasst1-743c59f2-f3b7-4818-8769-2b6321ce2aa9,chat,True,17,1883,17849.8376,47140.0015,15.5633,39.9448,64.2537,665,stop,665,2.8316,1790795871417278831,
32d6fd10-3792-400b-a0ca-b2cc25ad955b,mbpp-189,code,True,101,1192,5085.1762,21406.7912,13.7041,55.6833,72.9707,358,stop,357,3.3389,1790795897470971720,
3cfc90d0-6c3b-4c00-ae65-68a588b133d6,mbpp-141,code,True,170,1374,8689.7924,26819.7263,13.2046,51.2309,75.7311,398,stop,397,3.4610,1790795892176918114,
03991e4f-00cd-40d6-bd49-66da61de0b69,oasst1-2bacb986-2794-4cdf-ae10-0406aca0d239,chat,True,21,1805,17213.5409,45842.5365,15.8697,39.3739,63.0130,648,stop,647,2.7898,1790795873153022255,
7ef14726-a0f2-46b0-92ee-7b43141dc4ae,mtbench-110,chat,True,149,1072,753.1621,17092.6061,15.2563,62.7172,65.5469,362,stop,361,2.9695,1790795902455452612,
70b7389f-dde3-429c-b507-dda8920167a9,gsm8k-test-1046,math,True,63,1408,6554.8990,25651.1857,13.5723,54.8903,73.6792,424,stop,423,3.3286,1790795894522324514,
41e61a69-b156-4a17-8ebd-5740400b67ff,gsm8k-test-1310,math,True,96,4350,63162.0383,117460.3793,12.4852,37.0338,80.0945,1284,stop,1284,3.3879,1790795803139540966,
281eba76-2bae-4bdf-b675-269ae40b879c,oasst1-d9685863-e2a3-4b6e-9933-e9d7f0e32cc6,chat,True,24,2300,25251.7760,61159.8116,15.6190,37.6064,64.0247,831,stop,830,2.7711,1790795862711008187,
99845b98-de43-4603-afe5-57ab94ad23b4,gsm8k-test-0021,math,True,72,5424,74143.1980,138561.1703,11.8787,39.1452,84.1846,1605,stop,1604,3.3815,1790795786138996153,
f8cc2682-fa39-418c-bbd8-7862fc816ed4,oasst1-b671da5e-cc05-4724-a105-1d65af4e1f42,chat,True,32,2787,46079.7802,88393.1622,15.1879,31.5296,65.8421,995,stop,994,2.8038,1790795836663196796,
c35828ae-b66f-48ba-bd29-996284681020,gsm8k-test-0839,math,True,67,1346,117.6133,16419.4159,12.1203,81.9761,82.5062,385,stop,384,3.5052,1790795908796745354,
d5888a1c-ddbf-4118-b5f6-24d4980cf33d,mbpp-307,code,True,138,1093,130.8478,13731.2439,12.4546,79.5995,80.2918,331,stop,330,3.3121,1790795912304944401,
22dcb703-19af-469c-b760-512278a3eb5f,mbpp-72,code,True,71,884,1271.3515,11850.6368,11.9811,74.5951,83.4650,266,stop,265,3.3358,1790795914498388037,
10c7409d-edf6-429f-92e9-f521a67ffec7,mbpp-381,code,True,384,1446,97.8883,17878.6274,12.3050,80.8787,81.2677,421,stop,420,3.4429,1790795908509808106,
db14e98f-abe3-44f6-979e-4bca6f12d942,oasst1-3aa7f403-92c4-47f0-92c2-af1ffeaff7ba,chat,True,40,2053,18876.4090,50704.0564,15.5105,40.4899,64.4722,733,stop,733,2.8008,1790795876435356663,
b9af72d6-c0cd-49de-a1d6-cfd9d7d48aa2,gsm8k-test-0924,math,True,126,10056,103.1221,219988.4333,21.8683,45.7115,45.7284,3022,stop,3019,3.3309,1790795709827161223,
4a781cbc-bcbb-437b-885e-c78a66864005,humaneval-109,code,True,324,1715,117.4653,19708.2752,11.4299,87.0193,87.4900,488,stop,488,3.5143,1790795911307059081,
84a4b393-d050-4d6d-a352-2d5dbf04f365,oasst1-1126936b-5f32-46a4-9b11-004c79ed13b4,chat,True,21,1639,112.6452,23127.6930,14.0507,70.8674,71.1708,563,stop,562,2.9164,1790795908143912201,
9c4ac2a4-1e5e-469f-b2d0-ea4a5cdf5d65,oasst1-c38ac335-a6e3-4294-9b27-b7d7de76313c,chat,True,37,2017,10607.0359,41483.6196,15.3158,48.6216,65.2922,734,stop,733,2.7517,1790795890259701167,
63c04066-6566-47b7-a1c0-bd25144eabaf,mtbench-149,chat,True,42,2171,13931.4754,45471.3457,14.5345,47.7444,68.8018,751,stop,750,2.8947,1790795886851068609,
6173c6ae-36a3-44b6-8d98-09b1d5d47921,oasst1-4a30dfd7-a2ba-433e-beca-6e77f3e9ac72,chat,True,37,2470,15515.1001,50931.6854,14.3445,48.4963,69.7131,842,stop,841,2.9370,1790795882040939096,
12ddca9d-7c5c-41a4-a0e4-5709885e9eb9,gsm8k-test-0783,math,True,131,5546,68079.2081,135716.3910,12.1979,40.8646,81.9815,1640,stop,1639,3.3838,1790795798222426819,
2b090ee5-da38-4ec9-9206-764ba429ef0f,mbpp-337,code,True,82,2139,116.9534,28556.7331,13.3020,74.9035,75.1764,699,stop,698,3.0645,1790795905673200939,
3b911cf3-966b-476a-a947-db2e1e413e8a,oasst1-59e3adfb-e6bd-4919-ba35-fd69eb019649,chat,True,22,2358,16068.3065,50706.2553,14.6958,46.5031,68.0468,831,stop,830,2.8410,1790795883630352831,
1d31a7d2-2a9c-495d-9101-6d7bf69206d6,oasst1-f4c71373-ec96-4615-802b-10341fd90a60,chat,True,23,1936,100.5862,26459.4118,13.6221,73.1687,73.4099,667,stop,666,2.9069,1790795909745036888,
b8a58d61-beef-44de-af4c-08efb4086ae1,oasst1-fdd9fb7e-3764-4408-8d59-6993d1f735d3,chat,True,26,2574,16962.3379,57632.4166,15.8065,44.6624,63.2652,991,stop,991,2.5974,1790795880593745319,
8e80f68d-6650-46d3-9936-c2765ac74f5c,oasst1-8cdc98e6-7614-4f1f-9e3f-80687c51e49f,chat,True,17,5150,63672.0455,136549.2610,14.1537,37.7153,70.6531,1790,stop,1789,2.8787,1790795802629572287,
7158294d-dec0-4236-92bd-dbd2a8a9fd2f,gsm8k-test-1058,math,True,80,6120,34739.7427,103598.2019,11.2532,59.0744,88.8634,1833,stop,1833,3.3388,1790795848993473595,
94d69be9-5527-425d-aa69-83b465ab0934,oasst1-91aba8e9-441c-4f82-a38b-d4708ec2a2e9,chat,True,27,16384,96.7644,247487.8433,15.1005,66.2012,66.2231,4455,length,4452,3.6801,1790795706183543656,
874aa499-511d-44e8-a26c-8b9aae27bcae,gsm8k-test-1198,math,True,110,6255,21235.6633,87910.1944,10.6611,71.1522,93.7989,1818,stop,1817,3.4425,1790795867435506630,
ccd4b787-0f25-4fc1-9737-9d8c7f997b05,oasst1-8576410a-a1b7-4a37-a8aa-5062e6d818b7,chat,True,122,7293,46387.8478,133216.8332,11.9074,54.7453,83.9812,2331,stop,2330,3.1300,1790795823452251525,
15afff23-f4ae-4c73-bdde-29bc158fb7a1,gsm8k-test-0525,math,True,114,16384,103.5897,257232.4194,15.6949,63.6934,63.7151,4389,length,4386,3.7355,1790795714794645067,
5193e1f1-b1c0-4850-86a9-abf35c4407af,oasst1-5ea3e028-0f73-4a03-99f1-340c93c7567f,chat,True,82,16384,102.6327,259722.1910,15.8469,63.0828,63.1039,4450,length,4447,3.6843,1790795712358787877,
14e287e6-2a61-4561-b1d9-09e644e0f27d,gsm8k-test-0926,math,True,154,16384,140.5682,261306.8437,15.9413,62.7002,62.7302,4574,length,4571,3.5843,1790795712922782029,
44d10b9c-56db-4d12-96c0-697e9972222f,gsm8k-test-0989,math,True,62,16384,97.5661,255815.3197,15.6087,64.0462,64.0667,4403,length,4400,3.7236,1790795718829445037,
b819ce02-1742-44c3-a074-4a1c7d956bea,oasst1-230606b9-747a-4d56-a160-8b35eade3cc4,chat,True,43,16384,58948.5788,248014.8206,11.5404,66.0606,86.6522,4165,length,4163,3.9356,1790795726710894530,
8d09561a-e8ca-4bf7-949b-0937be95d917,oasst1-42488f9b-a02d-448f-bc6e-f7113679c333,chat,True,23,16384,63368.6454,254825.6898,11.6863,64.2949,85.5701,4299,length,4297,3.8129,1790795721686511202,
552970d1-0acf-470b-b3f5-874362f3a74e,oasst1-88f640ea-7bf5-4a2a-a6bd-b612f4a34c96,chat,True,23,16384,57302.6382,246885.4505,11.5719,66.3628,86.4161,4191,length,4189,3.9112,1790795730008359661,
a305af2c-ab06-446a-9d3e-776b74e43352,mbpp-335,code,True,68,16384,58720.8632,250590.9371,11.7115,65.3815,85.3859,4268,length,4266,3.8406,1790795726938649234,
c69dcfb4-b805-42af-a2a8-3298e05fec25,oasst1-7f624a87-6331-4af2-b079-0cdb05d5a598,chat,True,24,2438,6271.0042,82014.5585,31.0807,29.7264,32.1744,912,stop,913,2.6703,1790795896285111379,
ba2517dd-5f47-4d91-b34e-d62fc2332f68,gsm8k-test-0255,math,True,75,16384,102.7998,261647.6691,15.9644,62.6186,62.6393,4626,length,4623,3.5440,1790795717649614542,
6600babd-0ee4-40ae-af00-7b6087e5da75,oasst1-4b1ed6fa-11a7-4472-a9a4-e1f1176e4675,chat,True,68,2350,118.2204,68054.7697,28.9215,34.5310,34.5764,832,stop,830,2.8313,1790795912187220855,
7b0c5034-bee8-40f7-8404-c14d8381336f,gsm8k-test-0763,math,True,94,16384,63135.5861,258707.8049,11.9375,63.3301,83.7696,4457,length,4455,3.6777,1790795721919567778,
2dbab111-c0d6-4721-a31e-1dc032629e21,gsm8k-test-0511,math,True,64,16384,62391.1028,258647.9905,11.9793,63.3448,83.4773,4421,length,4419,3.7076,1790795723099060958,
83bfbbb2-553b-47d4-ac38-40a634bdcbee,gsm8k-test-0203,math,True,122,16384,58606.3167,255781.1322,12.0353,64.0548,83.0887,4459,length,4457,3.6760,1790795727053212144,
88e6db79-483a-4637-9e9e-607f64a86128,oasst1-c1dadd41-22a6-4e59-938e-9e05ed9cb91f,chat,True,323,16384,55709.2228,249437.6313,11.8250,65.6838,84.5668,4275,length,4273,3.8343,1790795736224009394,
2a154bb6-ccac-4cd6-bea2-2f1aec725760,oasst1-92575158-b596-402d-9467-135f84593a10,chat,True,35,3209,7747.5367,93455.7817,26.7170,34.3371,37.4293,1213,stop,1211,2.6499,1790795893119199386,
bb22ec00-cc57-4010-9f18-279923cd6829,oasst1-0a8f5b89-6d4e-4d73-bf1b-9a907829a1c1,chat,True,28,16384,53248.2897,247959.8179,11.8850,66.0752,84.1399,4319,length,4317,3.7952,1790795741040846230,
78c8ff69-063c-459f-b080-81ef43502eef,gsm8k-test-0547,math,True,77,5007,18442.2843,113011.9457,18.8913,44.3051,52.9345,1496,stop,1494,3.3514,1790795876169479730,
01b14439-daf4-48cb-bd95-d6eb6d1f834a,gsm8k-test-1215,math,True,138,16384,55378.3993,254458.5005,12.1516,64.3877,82.2935,4466,length,4464,3.6703,1790795738627206773,
1da61bf7-d46e-4154-8e5c-2d95d4c82aec,oasst1-a194a9cd-2f91-468b-b58d-ff38347d13c4,chat,True,99,16384,41824.3798,235701.7164,11.8341,69.5116,84.5019,4401,length,4399,3.7245,1790795762436320370,
2ef3404f-b444-412e-9de0-fbb0dc6585f6,oasst1-86056118-d7be-41ba-af68-b25885bda674,chat,True,30,16384,73047.4732,211592.8549,8.4567,77.4317,118.2501,4159,length,4158,3.9404,1790795787234740618,
ea05894c-ed10-4486-be27-f4dac7f86f29,mtbench-102,chat,True,46,16384,74679.1088,213714.5151,8.4866,76.6630,117.8333,4180,length,4179,3.9206,1790795785603087915,
104c50e4-608d-4754-aff0-2cfb3c0ec2fb,gsm8k-test-1196,math,True,65,5244,109.1247,92495.4819,17.6209,56.6947,56.7508,1540,stop,1538,3.4096,1790795907227397431,
7e431e5a-9752-4af9-9983-3976ba224f2d,oasst1-b6c74bd7-4d1f-401d-8d5a-86924ecd10bc,chat,True,16,16384,69300.8713,206212.3266,8.3569,79.4521,119.6613,4103,length,4102,3.9941,1790795794026441859,
20272b1e-28db-4048-ad01-4164d4227b66,humaneval-76,code,True,161,16384,69474.9481,208034.6876,8.4575,78.7561,118.2378,4177,length,4176,3.9234,1790795793852357490,
2e0568d5-299d-4d96-975d-970bb5283005,mbpp-87,code,True,302,16384,63290.1588,200807.5929,8.3939,81.5905,119.1340,4157,length,4156,3.9423,1790795803011405743,
4969eca6-ad4b-4573-8099-a4d82fe62729,mbpp-84,code,True,62,16384,58589.2192,194879.2329,8.3190,84.0726,120.2069,4122,length,4121,3.9757,1790795809251197259,
67c502b6-63f8-4431-8918-3d8fe6e3dd72,oasst1-5ab5902a-3762-419d-bb4c-7ffffdfc31ab,chat,True,34,16384,47729.4277,184503.3702,8.3485,88.8005,119.7816,4131,length,4130,3.9671,1790795820111097008,
262e2e64-7b72-4109-9553-3ea68e43374d,gsm8k-test-1082,math,True,83,16384,70300.6443,209397.4381,8.4903,78.2436,117.7813,4195,length,4194,3.9065,1790795795596040952,
e46c6f35-8378-4596-8504-0bc75da23278,gsm8k-test-0973,math,True,53,8536,56392.8004,194482.2126,16.1792,43.8909,61.8078,2699,stop,2697,3.1650,1790795811447687770,
be72cbd1-b0c3-44fc-a06b-58280b8fb6b1,gsm8k-test-0922,math,True,63,16384,66619.2843,206750.0081,8.5534,79.2455,116.9123,4224,length,4223,3.8797,1790795799682286949,
8cf68183-c132-4f51-a8a0-63bf4fe99fca,oasst1-ba89a86a-fd4b-4654-ba93-5c01e1d4fbb4,chat,True,58,16384,74310.4750,218819.7009,8.8207,74.8744,113.3699,4371,length,4370,3.7492,1790795788467693059,
e5c9675e-131e-47e5-b3ad-00e8771e8b74,oasst1-8dc84435-5861-407c-bfa7-f52ef561fab7,chat,True,22,16384,63096.0868,203508.6501,8.5706,80.5076,116.6776,4234,length,4233,3.8705,1790795804445260905,
dffea2d1-c6ea-4f99-a022-c18248bf7195,gsm8k-test-1247,math,True,116,16384,64596.1472,206794.2008,8.6796,79.2285,115.2125,4290,length,4289,3.8200,1790795801705447914,
73e20b7b-ef5e-42b8-9bc2-defd75c5ea0a,gsm8k-test-0092,math,True,77,16384,63518.8632,204859.8983,8.6273,79.9766,115.9111,4271,length,4270,3.8370,1790795804022456012,
6220425f-549d-47b7-af56-446f7967a5ca,mtbench-140,chat,True,353,16384,68257.6010,211265.6493,8.7291,77.5517,114.5600,4320,length,4319,3.7935,1790795797639132591,
569c8bd0-e276-4c81-a19c-2cf92fa0edba,gsm8k-test-0164,math,True,94,16384,71031.4726,217365.7880,8.9321,75.3752,111.9560,4441,length,4440,3.6901,1790795792295961906,
6e9d2b15-3284-474a-a0ae-ac3a9611a25b,mbpp-31,code,True,308,16384,62619.4197,206596.9555,8.7882,79.3042,113.7886,4370,length,4369,3.7501,1790795803682130223,
9c36f6b6-6718-4916-ba2a-0c38a077f312,gsm8k-test-1259,math,True,66,16384,74620.9416,222208.5388,9.0086,73.7325,111.0053,4492,length,4491,3.6482,1790795788157245969,
0e671271-f8ac-4265-acb7-92047c24659e,gsm8k-test-1219,math,True,68,16384,48529.8826,191076.7831,8.7009,85.7456,114.9306,4332,length,4331,3.7830,1790795819310535337,
b9a45ad5-7f3b-433c-bc4c-6c9ca65daf52,mbpp-449,code,True,104,7516,6363.6717,115926.6058,14.5792,64.8341,68.5907,2111,stop,2109,3.5638,1790795894502944533,
8cae7b49-6447-4900-8a5f-37e8e4d696f4,gsm8k-test-0209,math,True,63,9677,1986.3731,128080.3052,13.0316,75.5542,76.7364,2857,stop,2855,3.3895,1790795900962002518,
b5e15652-dc86-4e2f-8330-a6d06869646d,oasst1-6ac998de-98f5-4504-9e8a-d2e7ef4ae5ea,chat,True,60,16384,69823.9625,244552.9812,10.6653,66.9957,93.7623,4399,length,4397,3.7262,1790795796072729494,
1f700ccd-7a55-467f-988d-88c64b33877d,gsm8k-test-0607,math,True,84,16384,62984.6517,237380.3959,10.6449,69.0200,93.9415,4356,length,4354,3.7630,1790795804556659659,
7642cb50-956e-471e-b96c-3f8be0b8ef38,gsm8k-test-0894,math,True,106,16384,74849.8268,264731.2939,11.5902,61.8892,86.2801,4957,length,4955,3.3066,1790795785432354296,
4eaec0b5-7a9e-4b86-bbdd-e70572fd9e51,gsm8k-test-0380,math,True,67,15453,59888.4132,242789.3358,11.8367,63.6478,84.4829,4684,stop,4683,3.2998,1790795807652857302,
2c0e12c3-bd0c-4aea-8ea8-3c8886197cb5,oasst1-13c57274-17e5-4247-82ed-c2a9dd089258,chat,True,63,16384,42131.2677,210762.4862,10.2931,77.7368,97.1528,4282,length,4280,3.8280,1790795841347246522,
9945a32d-6532-431f-9188-6ed62a0de1a0,mtbench-99,chat,True,49,16384,29204.2708,195421.4757,10.1457,83.8393,98.5638,4196,length,4194,3.9065,1790795857763123205,
40bbcd99-805c-4ad5-8b3f-a683870b74de,oasst1-7cbb2dbd-eff5-468a-95fe-560251cfa93f,chat,True,37,16384,17676.9887,174309.0820,9.5606,93.9940,104.5954,4148,length,4146,3.9518,1790795879798121132,
6985a9a5-622d-492c-b41c-2544d88e78dc,gsm8k-test-0449,math,True,75,16384,17050.6610,182925.3315,10.1248,89.5666,98.7673,4363,length,4361,3.7569,1790795872216445194,
cd937dd8-f797-40a1-a737-e87ad9459caa,gsm8k-test-0441,math,True,94,16384,26741.3501,196061.4449,10.3351,83.5656,96.7576,4270,length,4268,3.8388,1790795860226034142,
51da36f0-3aa0-4320-9173-ebc7cddd61b8,gsm8k-test-0024,math,True,65,16384,22722.0162,191209.3507,10.2843,85.6862,97.2358,4433,length,4431,3.6976,1790795865798344406,
f44125f2-2a7c-45c8-b4a9-2ab0d7268b7c,oasst1-bfc8c2e0-7614-4d80-a383-214065651d63,chat,True,22,16384,18153.5415,178180.5914,9.7679,91.9517,102.3764,4260,length,4258,3.8478,1790795878983163524,
75401826-34e2-4c80-91f2-a394c720522c,oasst1-27e458b9-908c-4421-bfac-03efe6deda41,chat,True,27,16384,94.1664,153374.3743,9.3561,106.8236,106.8827,4143,length,4141,3.9565,1790795903866678548,
7be95972-756f-4151-9119-4f36ebf23781,mtbench-118,chat,True,40,16384,18405.3586,181090.0386,9.9301,90.4743,100.7040,4327,length,4325,3.7882,1790795876284618102,
89f84c9f-d85a-4d2b-9b7d-54d639349376,gsm8k-test-1041,math,True,86,16384,30986.7265,201652.9204,10.4173,81.2485,95.9944,4300,length,4298,3.8120,1790795855905338053,
17110358-4032-475a-8351-369aaa069561,oasst1-9c1b8013-ab5a-43fd-926f-933ef15494c3,chat,True,27,16384,12363.8296,169256.6124,9.5766,96.7998,104.4216,4214,length,4212,3.8898,1790795888418693604,
9f456eb2-3ef7-4cbc-b58a-a1d91dc7914f,oasst1-39d6185d-8dc4-40a4-9bfa-13c382943df6,chat,True,41,16384,17311.8908,180539.3331,9.9632,90.7503,100.3692,4189,length,4187,3.9131,1790795877999805470,
7bb332e7-dfba-4756-847a-1e9e45aa742b,mbpp-286,code,True,132,16384,17531.2610,178627.1836,9.8331,91.7218,101.6972,4384,length,4382,3.7389,1790795879943956993,
a233487f-d616-4718-98a0-f4db1d5f04ee,gsm8k-test-0661,math,True,117,16384,17608.1523,180914.9827,9.9681,90.5619,100.3204,4405,length,4403,3.7211,1790795877703594859,
82e78dac-86cf-498e-b84b-bc4757503240,gsm8k-test-0054,math,True,107,16384,12514.0435,170442.5296,9.6398,96.1262,103.7368,4247,length,4245,3.8596,1790795888268472136,
dc5d564b-11a1-475a-bbec-d37e8d41ead6,oasst1-00df03d2-7e6b-4b98-a537-776567d10601,chat,True,17,16384,5176.8655,161316.2502,9.5306,101.5645,104.9255,4198,length,4196,3.9047,1790795897379258486,
3a054c14-01da-4991-92ee-f948b2f57cef,gsm8k-test-1251,math,True,99,16384,17896.9678,179189.3077,9.8451,91.4340,101.5733,4345,length,4343,3.7725,1790795879578151553,
f19a28d5-5ff0-4775-8a15-4634d53d1a28,oasst1-b2bab953-a4ac-45a9-a342-d609dcad69e5,chat,True,16,16384,112.2007,154421.4240,9.4189,106.0993,106.1699,4166,length,4164,3.9347,1790795904443527311,
bbd84fa4-66b9-4770-8339-2029a38f0f8c,gsm8k-test-1223,math,True,78,16384,18308.3992,184920.2945,10.1698,88.6003,98.3303,4425,length,4423,3.7043,1790795873957648986,
bc7b130c-9a70-46ec-a35c-336ee30d2cd4,oasst1-bcf0d48d-d42c-4739-8ddf-7a40c3fb71eb,chat,True,31,16384,2266.9628,158337.0953,9.5263,103.4754,104.9720,4210,length,4208,3.8935,1790795900681409838,
d3ad188b-5468-465e-baef-8333aa72833c,gsm8k-test-1073,math,True,97,16384,117.5285,156683.2028,9.5566,104.5677,104.6398,4272,length,4270,3.8370,1790795903091036299,
01018f71-283c-4a0b-9b5c-0079dbeb23c5,gsm8k-test-0081,math,True,85,16384,3348.5574,160210.5561,9.5747,102.2654,104.4421,4292,length,4290,3.8191,1790795899599841500,
fb1da958-b08e-4487-987b-77f749e391c8,gsm8k-test-0874,math,True,62,16384,11618.1456,171183.3979,9.7397,95.7102,102.6727,4343,length,4341,3.7742,1790795889164361986,
067e3c5d-c631-46d5-a6ed-10277af7a8f7,gsm8k-test-0626,math,True,79,16384,5195.5088,163064.4697,9.6361,100.4756,103.7759,4367,length,4365,3.7535,1790795897360620016,
3aa81159-cdf0-4315-bd27-fcc2f001a50d,gsm8k-test-0821,math,True,103,16384,5856.7336,165369.6826,9.7365,99.0750,102.7064,4403,length,4401,3.7228,1790795895220400791,
ef5bee05-fceb-4b04-b267-047952498415,gsm8k-test-0819,math,True,83,16384,15645.5157,178808.0928,9.9593,91.6290,100.4091,4496,length,4494,3.6457,1790795881910614574,
4f5fa6e4-938e-4cf0-946f-aabcc5327db0,oasst1-3f9bfa12-f5e5-458e-901b-c31e5e9e8fdc,chat,True,27,16384,6536.8874,166348.9217,9.7547,98.4918,102.5142,4384,length,4382,3.7389,1790795894540244930,
b3e2211d-170a-4cf1-9df1-5e54310a969b,gsm8k-test-0194,math,True,67,16384,127.4290,148827.2410,9.0765,110.0874,110.1750,4169,length,4167,3.9318,1790795912437067532,
23431a01-6199-4cee-8ffb-e9eb09962fbd,gsm8k-test-0301,math,True,114,16384,17913.1770,185816.8440,10.2487,88.1728,97.5738,4676,length,4673,3.5061,1790795878480897379,
768f1d13-5369-47ec-b19b-3ea0a5c2461f,gsm8k-test-0707,math,True,74,16384,118.1163,155211.1608,9.4667,105.5594,105.6334,4567,length,4564,3.5898,1790795911879682303,
7ed5a528-3a54-40ff-a64f-b86a9ce0bea5,oasst1-8fd543e0-20ef-4253-a723-d990ae53f07a,chat,True,49,16384,1406.5712,156047.7727,9.4391,104.9935,105.9420,4313,length,4309,3.8023,1790795914363166734,
ba50b95a-587b-4340-9057-05449535a541,gsm8k-test-0484,math,True,87,16384,1139.0805,156457.3272,9.4805,104.7186,105.4802,4397,length,4393,3.7296,1790795914630648865,
