drafter,block_size,position,domain,accept_prob,survival,n
zlab,16,1,all,0.8579456759288168,0.8579456759288168,22421
zlab,16,2,all,0.7946038677479724,0.6817269524106864,19236
zlab,16,3,all,0.8102060843964671,0.5523393247401989,15285
zlab,16,4,all,0.8426195090439278,0.46541189063824095,12384
zlab,16,5,all,0.8625778629611883,0.40145399402346016,10435
zlab,16,6,all,0.8721253194089545,0.3501181927657107,9001
zlab,16,7,all,0.8709554140127389,0.3049373355336515,7850
zlab,16,8,all,0.8790405148456926,0.2680522724231747,6837
zlab,16,9,all,0.8871880199667221,0.23781276481869676,6010
zlab,16,10,all,0.8895348837209301,0.21154275010035234,5332
zlab,16,11,all,0.8979548808770821,0.18995584496677223,4743
zlab,16,12,all,0.8990373327072083,0.17077739619107088,4259
zlab,16,13,all,0.9140767824497257,0.1561036528254761,3829
zlab,16,14,all,0.9048571428571429,0.14125150528522368,3500
zlab,16,15,all,0.8970634670034732,0.12671156505062217,3167
zlab,16,1,chat,0.7851831451390802,0.7851831451390802,7262
zlab,16,2,chat,0.6860750613819713,0.5386945744973837,5702
zlab,16,3,chat,0.6894171779141104,0.37138529330762876,3912
zlab,16,4,chat,0.7348906192065258,0.2729275681630405,2697
zlab,16,5,chat,0.7754793138244198,0.2116496832828422,1982
zlab,16,6,chat,0.8080676642810669,0.17102726521619388,1537
zlab,16,7,chat,0.8083735909822866,0.13825392453869456,1242
zlab,16,8,chat,0.8237051792828686,0.11388047369870559,1004
zlab,16,9,chat,0.8101571946795647,0.09226108510052328,827
zlab,16,10,chat,0.7970149253731342,0.07353346185623795,670
zlab,16,11,chat,0.8258426966292135,0.06072707243183696,534
zlab,16,12,chat,0.8185941043083901,0.0497108234646103,441
zlab,16,13,chat,0.8310249307479224,0.04131093362709997,361
zlab,16,14,chat,0.8366666666666667,0.03456348113467364,300
zlab,16,15,chat,0.8685258964143426,0.030019278435692645,251
zlab,16,1,code,0.8944820909970959,0.8944820909970959,2066
zlab,16,2,code,0.8414502164502163,0.7526621490803485,1848
zlab,16,3,code,0.857234726688103,0.6452081316553727,1555
zlab,16,4,code,0.8709677419354839,0.5619554695062924,1333
zlab,16,5,code,0.8828596037898363,0.4961277831558567,1161
zlab,16,6,code,0.9034146341463415,0.4482090997095837,1025
zlab,16,7,code,0.9136069114470842,0.409486931268151,926
zlab,16,8,code,0.91725768321513,0.37560503388189737,846
zlab,16,9,code,0.9278350515463918,0.34849951597289447,776
zlab,16,10,code,0.9347222222222222,0.32575024201355274,720
zlab,16,11,code,0.9435364041604756,0.3073572120038722,673
zlab,16,12,code,0.9480314960629921,0.29138431752178123,635
zlab,16,13,code,0.9551495016611296,0.2783155856727977,602
zlab,16,14,code,0.9356521739130435,0.26040658276863504,575
zlab,16,15,code,0.9349442379182156,0.24346563407550822,538
zlab,16,1,math,0.8760129659643436,0.8760129659643436,4936
zlab,16,2,math,0.8170675300647549,0.7157617504051864,4324
zlab,16,3,math,0.8270591565242004,0.5919773095623987,3533
zlab,16,4,math,0.847707049965777,0.5018233387358185,2922
zlab,16,5,math,0.8591037545417843,0.43111831442463533,2477
zlab,16,6,math,0.8519736842105263,0.3673014586709887,2128
zlab,16,7,math,0.870380584666299,0.31969205834683956,1813
zlab,16,8,math,0.8599493029150823,0.2749189627228525,1578
zlab,16,9,math,0.8776713338246133,0.24128849270664507,1357
zlab,16,10,math,0.8858102434928631,0.2137358184764992,1191
zlab,16,11,math,0.8928909952606635,0.19084278768233387,1055
zlab,16,12,math,0.8842887473460722,0.16876012965964343,942
zlab,16,13,math,0.9015606242497,0.15214748784440843,833
zlab,16,14,math,0.8974700399467376,0.136547811993517,751
zlab,16,15,math,0.887240356083086,0.12115072933549433,674
zlab,16,1,math500,0.9025376976829717,0.9025376976829717,8157
zlab,16,2,math500,0.8537082314588428,0.7705038617138654,7362
zlab,16,3,math500,0.8642800318217979,0.6659311021208778,6285
zlab,16,4,math500,0.8864138438880708,0.5902905479955867,5432
zlab,16,5,math500,0.8953271028037383,0.5285031261493196,4815
zlab,16,6,math500,0.8974715843191835,0.47431653794287115,4311
zlab,16,7,math500,0.8811062289997414,0.417923256099056,3869
zlab,16,8,math500,0.8946905250806689,0.3739119774426873,3409
zlab,16,9,math500,0.901967213114754,0.3372563442442074,3050
zlab,16,10,math500,0.9018538713195202,0.30415593968370724,2751
zlab,16,11,math500,0.9032648125755743,0.2747333578521515,2481
zlab,16,12,math500,0.9071842927264614,0.24923378693146991,2241
zlab,16,13,math500,0.9217904574520414,0.22974132646806425,2033
zlab,16,14,math500,0.9092849519743862,0.2089003310040456,1874
zlab,16,15,math500,0.8931924882629108,0.18658820644844917,1704
mtp3,4,1,all,0.8990407257764668,0.8990407257764668,40343
mtp3,4,2,all,0.8630272952853598,0.775896685918251,36270
mtp3,4,3,all,0.8568781547504952,0.6648489205066554,31302
mtp3,4,1,chat,0.8203927040765474,0.8203927040765474,10033
mtp3,4,2,chat,0.7607824079698701,0.6241403368882688,8231
mtp3,4,3,chat,0.7641328648993931,0.4769261437257052,6262
mtp3,4,1,code,0.9165129151291513,0.9165129151291513,4336
mtp3,4,2,code,0.8844992450931052,0.8106549815498155,3974
mtp3,4,3,code,0.8739687055476528,0.7084870848708487,3515
mtp3,4,1,math,0.907680541898831,0.907680541898831,9153
mtp3,4,2,math,0.8750601829561868,0.7942751010597618,8308
mtp3,4,3,math,0.8588720770288858,0.6821807057795258,7270
mtp3,4,1,math500,0.9367457344985435,0.9367457344985435,16821
mtp3,4,2,math500,0.9046772862854604,0.8474525890256227,15757
mtp3,4,3,math500,0.892388635566468,0.7562570596278462,14255
