category,us_per_step,pct_of_step,raw_us_per_step,us_p10,us_p90
lm_head_gemm,356.18626771653544,8.944117434774395,356.18626771653544,354.9024,357.5136
logits_cast,6.986015748031496,0.1754243521294414,6.986015748031496,6.784,7.264
sampling_argmax,9.687307086614174,0.2432559030556277,9.687307086614174,9.504,9.856
gdn_in_proj_gemm,494.96950295275593,12.429073668175672,915.7950767716535,492.6186666666667,497.1120000000001
gdn_out_proj_gemm,252.1878976377953,6.3326365347031945,261.08569291338586,250.37279999999996,253.82740000000013
gdn_conv,62.95369028871391,1.5808166960068744,63.0539842519685,61.76,63.2096
gdn_recurrent,272.7442253937008,6.848822098664497,273.48066338582674,270.40639999999996,274.1852999999999
gdn_gated_norm,39.01352887139108,0.9796604063590184,39.1262283464567,38.208000000000006,39.83999999999996
gdn_state_track,6.200818897637794,0.15570744141202625,6.200818897637794,0.96,1.248
attn_qkv_gemm,138.19645144356957,3.470221630677993,139.61883464566932,135.568,140.0208
attn_o_proj_gemm,83.57267191601052,2.098575547975763,86.36862992125987,82.43360000000001,84.656
full_attention,174.98900787401575,4.3941116715522375,176.24270866141734,159.28320000000002,197.7968
attn_qk_norm_rope_gate,22.558635170603672,0.5664650785882738,22.64755905511811,22.015999999999995,23.071999999999996
attn_output_gate,10.147055118110236,0.25480053786277196,10.190173228346458,9.6,10.8896
kv_cache_store,10.457804790026247,0.2626037066268365,10.578391732283466,10.08,10.751999999999999
mlp_gate_up_gemm,1040.1554294619423,26.119121242848284,1045.927559055118,1035.1318999999999,1044.6208000000001
mlp_down_gemm,559.6040462598424,14.0520979059929,572.9851417322833,555.7663,562.5492
mlp_activation,44.796808398950134,1.1248831056624633,45.11836220472441,44.36800000000001,45.248000000000005
norm,192.00698622047244,4.82144649781873,213.5321515748032,190.7424,193.20480000000003
embedding,5.988094488188977,0.15036576411618105,5.988094488188977,5.6,6.304
runtime_eager_small,28.34165354330709,0.7116812200878133,40.556094488188975,25.433066666666697,31.729600000000005
memcpy_h2d,3.3875649606299207,0.08506442154562135,5.187023622047245,2.512,4.454933333333325
memcpy_d2h,1.382992125984252,0.03472802044130353,1.8240000000000003,0.72,1.8768000000000002
memcpy_d2d,3.6504786745406825,0.09166639176616324,5.4687874015748035,2.512,5.088
memset,1.9213228346456697,0.04824592810203595,1.9213228346456697,1.7280000000000002,2.08
idle_in_graph,116.65452952755905,2.9292870218769758,,114.6519,118.66539999999999
idle_outside_graph,43.61152755905511,1.0951197711769072,,39.168000000000106,48.06399999999977
