prompt_id,domain,source,source_index,language,split,thinking,sha256
0,chat,mt_bench,0,en,analysis,0,7bb5ad2d0b0a8c5a6e58a2e5e369e2fca522369887e81c208a4ff8bf30f4688c
1,chat,mt_bench,2,en,analysis,1,59cd81fcbbd64084a87f03730ed6c0a74eaf786022bc691c22a02f96e833ec8a
2,chat,mt_bench,3,en,analysis,1,fddebdc8486602ff35e0837cbc88cbb948aec24d2bc8687022dd724527dce98c
3,chat,mt_bench,4,en,heldout,1,96906a72d33eee40928c5f0e6a440bd2dde7d446d84dd0ae1a1eaa7244b735f9
4,chat,mt_bench,5,en,analysis,0,8cc2090f4929e9df4ebadc069fba26f2b702bd1a324df2a3bef38bd1e6fa579c
5,chat,mt_bench,6,en,analysis,1,2ad814253ff97d28d93171afbe6be716409003c2d530284dc5927a5dd5838236
6,chat,mt_bench,10,en,analysis,1,21f2448b6a263a8c625bc107f0714ea44b80290dbc15ec5c57351c7d752c0f42
7,chat,mt_bench,12,en,analysis,0,c4c41698d27319c6698abd4c4b83f7acaf159b964b2e7dc205b853aa2296be00
8,chat,mt_bench,15,en,heldout,1,931d8667aa60bd5c0a8899673ee5c6c381bf88e61a8206a24b854e2bbc90927f
9,chat,mt_bench,17,en,analysis,0,54fc541e173ce2b31006adea60dd299f0c1928daf31e70aef33a32317408f04f
10,chat,mt_bench,20,en,heldout,0,858d4bbb7707df1fed535e31cf9e8b933cca8d7cc6783e543efca080161ef155
11,chat,mt_bench,22,en,analysis,0,2b70c6360411c93b8f8e15a97d02b068c9134b7d96c956cc3308224237bf2dc5
12,chat,mt_bench,24,en,analysis,0,e9427ef3c37bf46592b1bada2ce57e12ad5311f6f4eef053bfa049fcba2eff15
13,chat,mt_bench,25,en,analysis,0,4b734d2378b6b91fc92df981f9e37f932927c5077f9fe45ecfd0ccba0efac252
14,chat,mt_bench,28,en,analysis,0,cf155faf3b4fe9ba396e2dd4cbb861efa708e2b6b5f13b1ea7dae20b60b68143
15,chat,mt_bench,32,en,analysis,0,a7bdd3b14c4cb2383bf0cd4049b7a34ca21f782176cff32ed0cde8dd8cd1cfc7
16,chat,mt_bench,34,en,analysis,1,91960595c0aff908d6d604e1d351d1dab126835ec77e6c958db26a7cd0dc97b0
17,chat,mt_bench,35,en,analysis,0,7f8fb988e50d208a738785d0fe44fed6b9c3b9ad5e19939e49c00c5e5be1a46b
18,chat,mt_bench,39,en,heldout,1,1dfece3c216015149e6b6a68aac8e71dfea6c3ccb48551e5aa1a89d0b5e3669f
19,chat,mt_bench,43,en,analysis,0,ea9c5e1fe0b999148255711462935cf9a2a68c6204dfe801a6cd6bbc25863991
20,chat,mt_bench,44,en,heldout,0,f54e5b07946d93837157aeb34927e1b253e780ecd99c5c97ec7afa1a81f04998
21,chat,mt_bench,45,en,heldout,0,9bebd5f3d2d500fd725a2f53dcfd5dc9b62fe274a4859e29f42bd40ad3be7094
22,chat,mt_bench,49,en,heldout,0,def4fadb9423b893c7a812dfa06b7a04f678257813b8ddb21769d265bb3156d1
23,chat,mt_bench,50,en,heldout,1,22d41518c1ae1fbb6908f842e3ed33b0c58776bbfeaa1c8088c902fa6d28ea90
24,chat,mt_bench,51,en,heldout,0,a622e49720b34527171a50c8c71ca50b24aa4c08e6214864ba5e7320577f1c48
25,chat,mt_bench,53,en,analysis,1,de273c44471697c7619b00e7c1f4931afc530139fb9b5f442fa7216796488616
26,chat,mt_bench,55,en,heldout,0,d8e3c4cc98056ff10ac4d4d2bd8ef687ef7f18e9665eacf577a5a4ee5c88bf37
27,chat,mt_bench,57,en,heldout,1,525056db069be688bf23883675d01460ded78d99ecf1f216e9aedaa5d81ed774
28,chat,mt_bench,59,en,heldout,0,744b3d18eaef8846d7047a844c99175d958e7e822aa5bc2a4e940c07b73a7a13
29,chat,mt_bench,62,en,heldout,0,3c7bb2968a77af8b42415fa50e3c0601c274bc9368c6c09f16321f672a5ff73b
30,chat,mt_bench,63,en,heldout,0,3f3cd046c233b018086d24bc72f5c6d7fbb0a8c846c446d991d0bbb8e28e8eac
31,chat,mt_bench,64,en,heldout,0,6b223b28dd9697e687234b5dd10d10f1de29dd43321afa7b1055e4b23e60875d
32,chat,mt_bench,65,en,heldout,0,ac36cf497d7484df21016adbac09d32087be153b57ce0d350ed65556110a9a5e
33,chat,mt_bench,70,en,heldout,0,b3099ba47a853689979fce4edc7f87be5625bef238b2672f5ad93aadd475c1eb
34,chat,mt_bench,72,en,heldout,0,060244eb5ab6e122520599ab31370c33910a26a4bd6a0d02f31f6c814e0237c5
35,chat,mt_bench,73,en,analysis,0,8f166874eb819f0c333dd7dad866c57f1c408e6ba4715b1f5b7d0b3ba9cd5a5e
36,chat,mt_bench,74,en,heldout,1,582e3435fbd8cf205cc7f0767bf09532a6ef68f367fd3c7b957dea7484f2c47f
37,chat,mt_bench,76,en,analysis,1,56ef5acdc68d547c292586a36be44fbfdd27748c3389823cfc6cb3581570b054
38,chat,mt_bench,77,en,heldout,0,0e9ac492f9f3f21b727255b801802819754f9938ae936febb07f97878a90016a
39,chat,mt_bench,79,en,analysis,1,fc1af2d2d6efffb76629fb71e54bd6a7c26b1a71690508a1179bf90c22cd3fec
40,chat,no_robots,6,en,analysis,0,f3c423f12bb43c83a552bfe57fbdd294c9d8ed9d559082456d347eb4b1eb03d5
41,chat,no_robots,17,en,analysis,0,17e4ea5ebbe53f6ec6192d4d9a8b0a5d5c1df6f8675fd5b801c21941c2857a10
42,chat,no_robots,20,en,heldout,1,722e1cd18dd69fc0ad6d09b166e0d46f73098dbd28ae06f427536c15df5fc2f7
43,chat,no_robots,34,en,heldout,0,fc38699c11e545e9aba809711bbd092db40b414e3a75074589e97cc843f4fef7
44,chat,no_robots,69,en,analysis,0,fdc5462ed78ec44cda1da892c5d50fd85e85fa1f5afd205ca8104cfdf6a86db3
45,chat,no_robots,74,en,heldout,0,5ef03c87989eea2594d4ba391d25491ac9ea76d1cb1ac0b84d23721a944c6807
46,chat,no_robots,92,en,analysis,0,49801aca8191741131e24fb85124ef5271c461b80bba7d5cf6a3984d7595a0fc
47,chat,no_robots,95,en,heldout,0,6543c1368016d8be6ea472a0ad554bed5102c9c82d09334ece67d58bf8941010
48,chat,no_robots,97,en,analysis,1,65416cca5733d524f00a1226cd666ed75035262bc94bd5c35d3c02cff0816ce1
49,chat,no_robots,135,en,analysis,0,21d68895f699eb0ec05fc658f76beee7ae2cb89e4e1000eaec504b3ed90df9a9
50,chat,no_robots,137,en,heldout,0,47a638a86c59dc21483036a42143388e3fed42b516f0909a66b19d58969c92a8
51,chat,no_robots,141,en,heldout,1,7f6013ce3333fc5f7a9adc6a312abb034bbe7b209d7d4e2663eb27c526906bc4
52,chat,no_robots,167,en,heldout,0,c61f3396771669fd5a11f0e4a20ce24cdb6a052cdd9d1bcefb7a3ef7cbed5891
53,chat,no_robots,174,en,analysis,0,faeb8988695d77bb64e8b5854b5669e23d239d9ac15b949c75947f3d4fdc0aed
54,chat,no_robots,175,en,analysis,0,a863d522f9e6c2de364f0dffaecd82eb9609adc30b25d0c5fb9c7142e7392726
55,chat,no_robots,178,en,heldout,0,4cbec7d7eec44b5bce33808bf020e7a8d41dc5a4e17a3922ea1aeec00f81b883
56,chat,no_robots,185,en,analysis,1,305ae2d1f5d835e4cf86d4e7e35cf7a01bc1706f51462f8c8f961d83065f1c91
57,chat,no_robots,201,en,heldout,0,22f5e7b56d01f199940496240fb8509fce9904cde6e4a5947099bb76604ea593
58,chat,no_robots,213,en,analysis,1,11886991d6de231b6ba834853261a5b0fff11166c4de31f8e67bcbd30379fc88
59,chat,no_robots,252,en,analysis,1,83fba023cbf978e3992b2855e8f05d941fbcefb03c524f08694af169480def8f
60,chat,no_robots,270,en,analysis,0,3349b6bbf4631561b48ef50f823067828a1144f50ebfec05c2a35b3651c3bd70
61,chat,no_robots,271,en,heldout,1,9a0029574eae3d3751008e62bd62d4117e65163e4abd97d5e7d6fa10baf77b7a
62,chat,no_robots,272,en,heldout,1,a6caff63687874611b808c0d643a7fdc90341282fd2a303d9482a55f3b80c25b
63,chat,no_robots,284,en,heldout,0,630dca003ccbfebc5b8b1008a9093c0861de10627d70a426e0533bc009dc6727
64,chat,no_robots,293,en,heldout,1,a4be4540aef13d38200dff6c7c1aec38611df01fbf7a347f8913ce8d4936a415
65,chat,no_robots,316,en,heldout,0,65fc66a272a830ad3ff71f4c27fcf072b454b144d5d8a33e8a2f3de31cc4472b
66,chat,no_robots,330,en,heldout,0,c9fded440cb2748ed71e41985b7c1fb688518601f0414f33353855129822db21
67,chat,no_robots,333,en,analysis,0,adb8b5abb2f77a7d30c6adffa4fc774ce85c6ef5f32030989d55e0798bdab944
68,chat,no_robots,337,en,heldout,0,4451100aad981823e0f8b9937f0e7420520dc915480ccc15ff0bc07fde1cf3cc
69,chat,no_robots,359,en,analysis,0,837df7c13421e65fd6a23b85d782b602a9bbdf4ae4fc9fffbf496c913c3ea989
70,chat,no_robots,375,en,heldout,0,0ecf487a2eb1abb7c779c9e83578f477a8efe748098ebe9f0104112382cb87e3
71,chat,no_robots,381,en,analysis,0,b9ee1652d17ab5a233123db87ec2050ffd8c053fcd000db3ab57aaf97bffe4fd
72,chat,no_robots,384,en,analysis,0,7ca51356e1c7a9b1d6b484c73da61fdb133c8c7e91b8cbb7aedc0a7aa4d66249
73,chat,no_robots,394,en,analysis,1,24f0ac793e9866fc00d431d898db0d9642b0d2c21a91d20764c13f37d3a4ab09
74,chat,no_robots,436,en,analysis,1,a2aba5a6c75df64b3731105d86ddb46f8411ef1606e0cfb5625aec90d83c86a9
75,chat,no_robots,440,en,analysis,0,4738566e24ead6fbac1bb61cdc028357a9332da8e011ba4758ec9d74b035e272
76,chat,no_robots,448,en,heldout,1,7027f18030a24faef80bd746c78fbfd8a937cb093aa6b693cef7047d32b1fc99
77,chat,no_robots,456,en,heldout,0,675ace8aee56b04a50cdcae090298860c3b9391329b8beb4ba6bf9a1f0d0198e
78,chat,no_robots,475,en,heldout,1,2b74361b4681bb62482250e806c7838e6d6b17ecec18501a13db43b6e552ac61
79,chat,no_robots,486,en,analysis,1,3f6432b12ec1f6d0e10f6098b1679e0c2b99d4bff098389de728163ecc7529dc
80,code,humaneval,3,en,analysis,0,5cdaf43ac9c99e6b0c414414d062c872ce3a62404a00261cdb7d3e229cc3097c
81,code,humaneval,8,en,heldout,1,45d6f39d35383ecd5a09a3c842e0438a5d706b03ec8be0a0452b7cbfdeb43d25
82,code,humaneval,10,en,heldout,0,80a6b8469532adb3301b3714d27caa15761986ddc187cc78f4665cf2b8ae02a2
83,code,humaneval,11,en,analysis,1,d5894162f952cb43043e758d4ff1fd30f5d186fc90defe1d3b2476c0f7e7bb1a
84,code,humaneval,13,en,analysis,0,69d278a19e5e228b682284fa65c7f1d960908303d543aa075165c9c585734996
85,code,humaneval,18,en,heldout,0,9130622e783408abc826a94812fe8ac0a03556e0ffbd12168b0ce65ea8cd825e
86,code,humaneval,21,en,analysis,0,1e42edc289403ad79f2446e11a9d6c061c59731e9f6d5b28e6bd420a35efbd3c
87,code,humaneval,23,en,analysis,0,4f75e39bb1e000e226dceb65d73b552f39f76de019a9edcce6bffe1222f8e542
88,code,humaneval,34,en,analysis,0,0f0d21466f48423538fde1a27a2ad91ce4813a5e3f28472c28eff8238f34d60c
89,code,humaneval,42,en,heldout,0,8421a2ccbab382de9729d53f409cdfd12be4ec6599aaaa9af337c324103ea45c
90,code,humaneval,55,en,analysis,0,b11db5d584a06fe7cffd693ea7de3ff03e89388356a83e92d4e928ddee6d70ab
91,code,humaneval,64,en,analysis,1,d6b1f08faf470d11445a7c4259487d6b00e2de5b9b2112699f349e81e15f3b3b
92,code,humaneval,66,en,analysis,1,5ede91d0516a22770236a1ecc0ef6f2941fd8bd4bfc92022de60e0b03239f68d
93,code,humaneval,69,en,heldout,0,c7bed0c78bb318b0c5743a6886dbbb4f3ad03a66c85a864fbefb80e4e64527ac
94,code,humaneval,70,en,analysis,0,ff1540c8558fef2b298e72a3001673de0374cffdcfa465a28371113299362162
95,code,humaneval,73,en,heldout,0,6975b81e595c4c5d6e3545d2622913236ab7077033a3762ab774a3642f6edc34
96,code,humaneval,75,en,heldout,1,b5d2fe8c5345ef9abc20bd5e5fb23f62807d06df4a7a091f3452c16c7d8fec20
97,code,humaneval,76,en,analysis,0,e1f1b1c94841ff02b5448867d08cb08922cb3ae6df772d068cf0db07fe5b7fe5
98,code,humaneval,80,en,analysis,0,3aab755b7ec7d3462aa388b5376e4559ea1f1d702ea7823df46b0c4816b11b9b
99,code,humaneval,81,en,heldout,1,f8e32adb2e4bf5eff4406b47b927de1d4509ff40d4015f2a68746bf6cdc5991f
100,code,humaneval,84,en,heldout,1,23b30f54217dfb206f1c50bc8d9113f6f48476828788e798cea99fe0ba440213
101,code,humaneval,85,en,heldout,0,a672460503ed9f7567e574f0819c9495006b6c994917692ab325759abff913ed
102,code,humaneval,93,en,heldout,1,7453d87a2d13f906d965a5621ba1c76ed1981450a6091d71142c94b282cffae3
103,code,humaneval,96,en,analysis,0,87fd66ce4ab74d1f2b893c5c0e3d1a80beba57012d95891a06637263aa8f3102
104,code,humaneval,98,en,heldout,1,7614660fe882cbc518ed108aed5062a269edf2084d89ba7b7b3ed45b5bada941
105,code,humaneval,99,en,analysis,1,dd933213ffb83ea29d34bb20de252f4e2e7e878656a63f616b19a975621b8b31
106,code,humaneval,100,en,analysis,0,d4b048da594d740fbdf214a70709edaa5e6709ad67506d45b4b06001a6e22e5b
107,code,humaneval,103,en,heldout,1,bc1630d8f1b2fb62d8c846f8416f1696fbddb467a0d11b95165898e086a262d6
108,code,humaneval,105,en,heldout,0,d31b4d9bab73806a6e8d600e28a0aa765b830a774c9434d4d5bde5be1a7636b7
109,code,humaneval,111,en,analysis,0,44da027c02d906270bccb03accaf2e8c4aab953794ef8364f7e12176b8011922
110,code,humaneval,118,en,analysis,0,2f52f81189ad25bd7e9605bc8438aa9812a342dde21e4cf28eab11b3d39a4713
111,code,humaneval,122,en,heldout,1,01b41e14eba0f71b0e804562df0a01158bc5b8c782eb970843a0257057d55d91
112,code,humaneval,129,en,heldout,0,f90ae6696d385a41e61c02da2a16dc2e41569d80e4b48b41df741daf2bc02412
113,code,humaneval,131,en,heldout,0,85eddce9bbba187f986455fe5a49a079b9be67402bf9b0b11b2c719927bb7dee
114,code,humaneval,141,en,heldout,1,cea0b48bb6d22650df9f3139225419e2fd67c195802f604a0290a96646740269
115,code,humaneval,145,en,heldout,0,de923975d318e983c4744326c43b99d1c2b132708879c844a86e568e819b6725
116,code,humaneval,147,en,analysis,1,484d06ee7ef4528368e623f45ceece071f86a75099e08272ad6682fd63c85436
117,code,humaneval,152,en,analysis,0,0242f650e65920b86e21aa9f0067a689e484a7d118ed4dad3a38382c70da97d6
118,code,humaneval,157,en,heldout,0,bcf1f0cc54ff1ff29d28d249b5270be47b194b6a0d41bdb36a053d0dee1b871e
119,code,humaneval,160,en,analysis,0,4811a9b318f6b612867ebd23d7a25d444de4348401b81c6143f2c50e9c54f199
120,code,mbpp,5,en,heldout,1,bd41ed95f7247a62208ed811db13b3e34c27db0578ead06f3a46ecbf794139a9
121,code,mbpp,16,en,analysis,0,f082bf24da021870063a2dc4d55a7fd65d42aea2155236b68d8feb4758621c85
122,code,mbpp,19,en,heldout,0,7ea2e21ad5632efd2a2f4dd1be40314b5b83dc9b47105378b4559a62b82f4a93
123,code,mbpp,24,en,analysis,0,ba19b6014373c34b78805716fd865ab580a9745a2d9de5dcd21829beaba53d36
124,code,mbpp,28,en,heldout,1,731e8a3440345dd0793f4ffd43c709d9451747ba58e385fdb558dc2b1d72914b
125,code,mbpp,29,en,analysis,0,a280c6d5e0beaa97f999ccf5e825c858f02e1f67e791b529deb76d540d5842e7
126,code,mbpp,30,en,heldout,1,7aa10f9d400a3cc322c4db63611d1167a28c59570daa1e63b8bff903135b71c6
127,code,mbpp,43,en,analysis,0,cf2473e26a366572082ffc7049b869548fae4f7bbd9b7e02dd0289e0903cd778
128,code,mbpp,44,en,analysis,0,8c8cb40a2c7c2033d71fe46b9ad34f38f33db937e7976742ba9b4f0a7ad7df7b
129,code,mbpp,49,en,heldout,0,ac7a16980c0369f166b4b23f8bd58c9cd868895f7cce19bffcbcab1b15f115f4
130,code,mbpp,66,en,heldout,0,0c518167751ea5da4767730fb0d03fadd0c6ac81e8b4f2442167267b61387a01
131,code,mbpp,67,en,heldout,0,df5c7a71b823da72f98baeca897eeecd7990130118c3f97e12bdfb7ca9f6176a
132,code,mbpp,88,en,heldout,1,e91f0e353fd1b7a0aa94c2b7a979901f3de4d0727ef407b1b66ba3bcfadc0e78
133,code,mbpp,93,en,heldout,1,9e270c8586f5d16e0730e10dd1e8e797ff2778765ba4e8cd0eea8ea4df6854c9
134,code,mbpp,101,en,heldout,0,a3a347b7cf03c35a0b37af97953b8c4a954348eff20ad5521ea8844a3cf1caeb
135,code,mbpp,105,en,heldout,0,998a3c7ce295b42e004141719d9cdf1f7c2adf7b7a4df6b86a8189db848a0fe8
136,code,mbpp,120,en,analysis,0,9665b203945ac6e64added203c906eb016e0d5c2b0f00e73cc0fffc52df7d930
137,code,mbpp,124,en,analysis,0,dc55c281c7847b04970926a0ef37ebc6fef8006d4ceeb57adefb44b9052e547e
138,code,mbpp,132,en,analysis,1,c50783110c9a453327c91118713f967e3708b858278ce50efeb48dd81e22b939
139,code,mbpp,134,en,analysis,1,ed9237eb35425dcd5709ce8cae9d82653a2fda5e6acbebd14bc1f28ac979080d
140,code,mbpp,137,en,heldout,0,e6de092257ff451e4511030ea96d690685669e9df38ca27f18429b8bfa5cb2ad
141,code,mbpp,139,en,analysis,1,d4a68f9ce3631311341e54975f650cec78d084cb634209006cb577c986918d17
142,code,mbpp,150,en,analysis,0,f0f3745b1c01835b862e20b0a8b30c330efbc76f43b7663b228f18c3294f2794
143,code,mbpp,152,en,heldout,1,32755a1b35219b5cd5daefc355690d2053d7cfa8b0ce4037cb914180c84dfd99
144,code,mbpp,158,en,analysis,0,fc1321c3f57a29eb252867dcfd23f56c1458f2a884b1e5971c4fda5d00a320be
145,code,mbpp,166,en,analysis,1,f24021c18a24ac5b4de5010b4445278f005b664d41e14eeefc7031a87ba19f66
146,code,mbpp,167,en,analysis,0,967a098c915df8b6e99927e4a83335ceb4c9c48ef5886bf93adb1527d00d7161
147,code,mbpp,188,en,analysis,0,30b59482d3f2af926c94d104269d0abb747d689f796485adb804f6e47eccfffc
148,code,mbpp,189,en,heldout,1,007bc0bfe8f97770d9b687ac040bc1bec0c1608d9a8d8f3d2ed3b5388dd9c45d
149,code,mbpp,192,en,heldout,0,76b7982067f1b55d433e063bcd78e63ce6be71700b75f2981e0fd065bc85b9b8
150,code,mbpp,194,en,analysis,1,a906d338db30bfb1608e798b183f645f3abf13f3dc083681983a44b0f9bc094f
151,code,mbpp,196,en,analysis,0,94e937452b58b461470987320876723e07c1dcb30cbef742199988387d0e3d59
152,code,mbpp,198,en,heldout,1,fc732fd403b6b1c91396a14f94b78ca82bbfbc73d8ef336b3ac67788d6b32cba
153,code,mbpp,204,en,analysis,0,9c7ac5d4eed9574379aa91945e212f39fb1452fcf5bfae48227319006a98d648
154,code,mbpp,206,en,heldout,0,4933586587a935c688f921c890f8abf3f5a4dd2880fb4125f6467559aaa79630
155,code,mbpp,219,en,analysis,0,af475873d768d944873d86880d6e1fdb508172743f47781c43e8a33f3cb2d282
156,code,mbpp,220,en,analysis,0,a880de750f31e5c2d87d21ec9e312450da5f39053082a0a297c1e9d9c68c49c9
157,code,mbpp,223,en,heldout,0,25468a839ee907492e5dcfdd3408f7dc2ce75330ce1a9ef1c2b752599e510f4a
158,code,mbpp,226,en,heldout,0,172737b9c5b5f1bae39e5476499c6b5ab7d853650a59022a55d41bf8c638ab98
159,code,mbpp,251,en,heldout,1,9837654191a27d448871d3e5ce798da56af804e1e6833de38e9bb4a20c741d71
160,maths,gsm8k,31,en,analysis,0,a870c576037480475ddc8307e23d2564d114c33ca7dfe789607e3fb38bfa91e0
161,maths,gsm8k,68,en,heldout,0,0b4adac0ef1785b377d9b7779c4c345db1b0400fd4b9e5e8182a493a5136d3d8
162,maths,gsm8k,74,en,heldout,1,a35bb65a1c5d369cfb20e1c9761384bef40a8e44d400ea082a2b41fe0ba95203
163,maths,gsm8k,109,en,analysis,1,169df485774b71f16418b2cc109586ed0bc3049da19e113581cb90a14abda090
164,maths,gsm8k,123,en,analysis,0,483495d7feccb1031679b9829033d3153592c834c0ac48ce4c3b1aab953e4986
165,maths,gsm8k,134,en,analysis,0,6e1e6574dfbb043962ebed6c9d644e82a77982328ebe6f9ad9c692620a6873a6
166,maths,gsm8k,168,en,analysis,0,3bca1d30f3d0016e419eac1fa9cfa3c6d673fdb13b8a91b4a59a987a8449a023
167,maths,gsm8k,181,en,heldout,0,47c6eceda51b32fbbe67318d80cd43d2664e37d6b378481ae2f5e7a0004b7cdc
168,maths,gsm8k,238,en,heldout,0,062a2efcb3fb7e1b79be082d88eac410dca56eee77f3ce18e4bebdf44fbe50ca
169,maths,gsm8k,332,en,analysis,1,27d592a74cdf9113767395701e6e090e85aa0530fc5a18c9f520de6335883f8a
170,maths,gsm8k,350,en,analysis,0,d0ef85679350f97b48b47e29cb8b379696ccc81dc179f95d9b01cd231644c6d0
171,maths,gsm8k,376,en,analysis,0,3a30c2cafe7bc9e6f1baf07a6b78715595d864c65390c3a2f7329856a0f89d57
172,maths,gsm8k,434,en,heldout,1,cb852a75ec59271e41d008aca4cfdde311295381b9bc8bf93f7f21fa5dfc05c6
173,maths,gsm8k,476,en,heldout,1,dd68d778f292ae45203dc0c45c16894a6d382f3d03ffb15ca9df304f3a67741b
174,maths,gsm8k,480,en,analysis,1,aa722ac2a0fb144c36da7b2a492d01cd6f3ede39dfebdaf374aa647b30466b63
175,maths,gsm8k,486,en,analysis,0,b8d8233303d4909fa851eedb8797a2b3ca280fe89feb034eb2537cc4c5e90296
176,maths,gsm8k,677,en,heldout,0,686b3f93219b13877ed959e15e1415aafc3365e7072c3ea04e8ef10bdfa1cee6
177,maths,gsm8k,679,en,analysis,0,887244065f6c87378b0aaad671d8a9ebae1b27679bc7730ca85ecaa7b1f29e2d
178,maths,gsm8k,685,en,heldout,0,4c2ac21c9946e5f8056f6460962609cbd51c2ee7917281bf15baaf05629a8831
179,maths,gsm8k,716,en,heldout,0,c75596191f602c39ebe159a58647b9d51b1fef32e33bbbf37a9ea45114f76c4a
180,maths,gsm8k,744,en,heldout,0,d6d71bc375ea1ecd8e6a0daa8adf304923c72ba23029139127e5eb48114629df
181,maths,gsm8k,804,en,heldout,0,0f32fd84cd14ac6bae12302eea1e91aaa5a2b6bbe5611989baa70e436479d690
182,maths,gsm8k,840,en,analysis,1,a3bc8ab15be2abf91f45026434c75306e0f00357562ccb49a2574ad07a285472
183,maths,gsm8k,855,en,heldout,0,95bc059e9fae0b18b8b0d6837a7df8793467c495a3aeb5f933d93561880eef80
184,maths,gsm8k,881,en,analysis,1,20f3f0dc8a609296c9103a93d44eb6a17c5c3878da6a75a67cc788606751409d
185,maths,gsm8k,895,en,heldout,0,aeb2f78c2702f7d25cebbdea3d1dfe7595f2a133023e9e336ca69e34ea9ba416
186,maths,gsm8k,927,en,heldout,1,a9b6e7ea28a96f9ed089c3b216a185ff9fd3dd5077ed41f3842f21df81f0ed04
187,maths,gsm8k,1002,en,heldout,0,191b7305e5f90b9830bd5e5ba044879e9f3fe715b010943a2232603e55d33d26
188,maths,gsm8k,1044,en,analysis,1,e9e04ea3ff3570bff5ef70ef84ecd3a87ec83cd3b6d946db69ed93c733f15b4f
189,maths,gsm8k,1085,en,analysis,0,e2c429353ed0b83b53cb7d9fde820d4a3f09792a9ee853693021b5bad2c8c7c4
190,maths,gsm8k,1132,en,heldout,0,9d6b86e553bf8e29f8a30433e14868d77758fb315594fec4a99f54e82bd72a05
191,maths,gsm8k,1145,en,heldout,0,a3e08add70afdf6561ce75741e04d9b5333d05c154daadcceee9bcfd0be1e42c
192,maths,gsm8k,1164,en,analysis,1,209806ba86086d3b0a7f0926d6f7a7804bb9020d3dc587d6c3dd2942e06951b6
193,maths,gsm8k,1165,en,analysis,0,3d21803e2c1c44b939e8362ed99c2a58347ab1ed1788dbc80adfc96bc720c632
194,maths,gsm8k,1171,en,analysis,0,8f530ec6671f3c290f615eda3ef9772227ecec80a80bddd531f97e719d294379
195,maths,gsm8k,1189,en,heldout,0,e244eb7aa0f181f23bac1caa5ca540f1c0a5193d6157757ade6e97af967ed7f9
196,maths,gsm8k,1191,en,analysis,0,fc0225498b8d552ac701914dc5c3614e52723f2884590d496be8a9a12cdf2b84
197,maths,gsm8k,1268,en,heldout,1,d555a18f945cbf3815755b2868fa45fa59e58cb6f8060a240615b7707d3ab3c5
198,maths,gsm8k,1272,en,heldout,1,cbe29d204a457a8493cf3924ea95a6efb3d5c5fc284dedb17ca5dd2125362a45
199,maths,gsm8k,1304,en,analysis,1,c02f7ad5a1b3cd9a0223567047ecab9514a12bcc72581cc881309cde1603d8f1
200,maths,math500,1,en,analysis,0,7cf323ff3b585f2403a74b0930ec8196e86caf31db2bc89c8c72e8e8b17f83e1
201,maths,math500,12,en,heldout,0,e92e0d34acff02a2c09ec50296b63bf72ec7f42bcfe9b8d6028c519d145626cc
202,maths,math500,34,en,analysis,1,6852d7aac57f7f1be8ed99e594a76a0e498c74ac1e319326b19f472ddbee7928
203,maths,math500,38,en,heldout,0,a05af119d0dbd038c292e23fe2f370488066d5aaf3d9eecf441518ed9ad83f4e
204,maths,math500,61,en,analysis,0,fe7d60312faa9f41192572593740ab70abad2fa3fc1704f32a4e80786afca1bc
205,maths,math500,74,en,heldout,0,33cf086bc9c0e50ea77a32e1f26dff5343fd48a759714488724cc350a020ec32
206,maths,math500,82,en,heldout,0,be56de929bb6b4d12a74730d55b417753aa6df8e8f584e71c73c9e384624bad0
207,maths,math500,89,en,heldout,1,503e2aa569684bb1169dc1f1c04ff56b8c520068a0db7ee396b9465e2cbd8f0f
208,maths,math500,103,en,analysis,0,159cc3e7695e0a0f7925ce5914143449fe650e4e3af2293c69fd1ed6e4a7b298
209,maths,math500,179,en,analysis,0,ca94a2683b59f1cc2da60bcf6a5c298d93832985ed626f0080a4fb96ddc543ea
210,maths,math500,191,en,analysis,0,2aa9dda8c5f4bfe4ddf095aaea24e84d826379575318891b235b5e66ac4f9c02
211,maths,math500,203,en,analysis,1,dc61408f47ae053b71a1b7c25aa85f60ce4488c6d40d5f7ef2e7c7d837597522
212,maths,math500,208,en,heldout,1,e3d185f11b89564da47099ed7eca52734915118d08375d8bb12e768505d3731f
213,maths,math500,217,en,analysis,0,ad685ae486d56f895ac2b65f2ea68d29931a3712540bab4ddabb6cdeebe427fe
214,maths,math500,230,en,heldout,1,277b3808931f9e14a6b82b61927745881d9c7b6df6cad9ad9eeb8477f8b8b3e5
215,maths,math500,235,en,analysis,0,dc7ad12b4cb4867e4effe37eb9a0d7fb7c9d97665c452082a4d48b9dc20e0c81
216,maths,math500,246,en,heldout,0,0e705965872412a1cb02e68bd6e39439b58c4b94071b45abd996cd1271b13a4c
217,maths,math500,247,en,heldout,1,915024a344528de22b5120a5bb021e5896f6dc16c97f50ac0823fdbf256643fe
218,maths,math500,265,en,heldout,0,136b5322e653289537360e0748a5281dc3ff5a8a0844cfff714a499dfef8748a
219,maths,math500,269,en,heldout,0,b7547f9ce12461b0f06c610188189e856b6cbc2ce501c4cc5d71983d835256a0
220,maths,math500,270,en,heldout,0,ad86b7ed8ed9689f479866d0ea9459483154357207d5561c54ddf69408f6a9c5
221,maths,math500,271,en,analysis,1,44bb3a2bdce0dd9782b89687901d9fa0700d753986eb1580e928d20c2d859650
222,maths,math500,273,en,heldout,0,560f580563908e97c87824eec649b21424dd23650a980adf165d9c2957756c15
223,maths,math500,292,en,analysis,0,11f3bfb63192f846915bd4fca4efe934d4ace692e53d05d191e5dd111e9cf171
224,maths,math500,298,en,analysis,1,41d5928b99f5fd32f5d3f943892886b25e34a1c1da26d2ca7dda0b81c7a4950b
225,maths,math500,313,en,analysis,0,b1ff4b38897aa5084cba0a640e067361952887ae173a5baaa323aee7e99fd956
226,maths,math500,314,en,heldout,0,aa892e1ba8dc864a2447b77c4b0082117217c43b3bd8cfd59df270479e11de8e
227,maths,math500,336,en,analysis,0,818bb0842187b4c41601be97fc32e99a7bf46bc9afa8ade536595213a4b82089
228,maths,math500,337,en,heldout,1,77482f1ee6c1be7da68ebf939dc57f5385486fe1d635004672fa54b268810592
229,maths,math500,341,en,heldout,0,a7ac74e2db8c61f84725adca2e458ef0be731bd41abfa1cec93f62d2e03190f8
230,maths,math500,370,en,analysis,0,dfd2be31d718c8cedf1b277d5563aad6137b5b36425f4c7d025379670a946509
231,maths,math500,396,en,analysis,1,1046b3f6a3d7c7cba6a8d0274c83c99e9a4ddc0ac6d1316937c68fd75754d03a
232,maths,math500,420,en,analysis,0,73db67583d5246df6c1a40a0d52d2650bcfd8686390b67d5ca9fc4065f15e2ce
233,maths,math500,438,en,analysis,1,044447a5d6dd1c2d7e9f16e7081b77cb810f6aa13ab07c3d425a62e040207411
234,maths,math500,444,en,heldout,0,6207e9abaeaf83c1f93ff25049d2b7e44d41c74a16e429b703015324d65e9a7f
235,maths,math500,449,en,heldout,0,111a4d0f809765c2afdfb23d1ccec1705a88c9c1f27abef72f8f7938ba1d6b62
236,maths,math500,454,en,heldout,1,687a1800c379b46e65fa845a8bc8516332ec700220d7392810e6568e87b43612
237,maths,math500,475,en,analysis,0,4514a813dab7f3f4723bee5a7134ee0e0cae38a8599568777aa777481393d98a
238,maths,math500,482,en,heldout,1,70dd48d4dcef317d8f905cf3ae37293be8aa8dcf949aa54355a148bea44cbf83
239,maths,math500,487,en,analysis,1,b71c0587a18f7c2e432054bb3afc2c229e562c881abe25505c043419a5f38ca5
240,multilingual,m_arena_hard,212,zh,analysis,0,64e60cf274419c29a2b9b7322be8e5948f5ccf2f54b9ba836d72877ad9a1c611
241,multilingual,m_arena_hard,220,zh,analysis,1,1a388f36493dddd56399bd74360114b7c0d7bb5f789f90b75391fd06fc60b812
242,multilingual,m_arena_hard,256,zh,heldout,0,c91d3c32f5777e0a762f03da5e5e7a546f76a9fdce96248f3a50f9be16c4f1e0
243,multilingual,m_arena_hard,446,zh,analysis,1,b6c80ea9c863d62b01437767546b08fbcad2cc16733ead9dbb9126370f9ccfa4
244,multilingual,m_arena_hard,467,zh,heldout,0,a9ee7c8fb038bca8799cb8b5df8759d2210a874e058004e3ea2758c2aaf21454
245,multilingual,m_arena_hard,31,ja,heldout,0,1c834b168446446d084189cdc6f94a5575b183d6aff78820d290daae0efe999c
246,multilingual,m_arena_hard,183,ja,heldout,1,44f76b20a039e441a5a7188f172a67fff7b2799bb6ad3b2ede78a2bcdf86a153
247,multilingual,m_arena_hard,259,ja,analysis,0,2ec2bd4625fbd37039cc6db034ca8b550f914b07860ff20b0475b11131d32c5a
248,multilingual,m_arena_hard,410,ja,heldout,1,751db6320c13b773ea27795bfd888d5852bfc15328b2d6fafcdce50d7e7f179d
249,multilingual,m_arena_hard,411,ja,analysis,0,457c39e8bea5e28c2e8df0851b314bd0fe272f1a701c8a02b466849d3abb8fb0
250,multilingual,m_arena_hard,197,ko,analysis,0,019b51ea63f20c17296bc7e6eee10c9442fd3d665ebcbed8ba37678272f9ddc5
251,multilingual,m_arena_hard,349,ko,analysis,0,8ea8b1d47c980db9fe3c9194915747864af3667ec1e7e0f8054687bb9370b4ff
252,multilingual,m_arena_hard,427,ko,analysis,0,4046e4d7e54fd60a52df4b15dda8ec48e5b73d984ac11a269766e7794f577153
253,multilingual,m_arena_hard,454,ko,analysis,1,6476fa648eadd195ef8f17ef11c8e9df0c3bd9b63e769987bc002db60ad82dee
254,multilingual,m_arena_hard,471,ko,heldout,0,d7266246dce75d71fb5c75030d9ef83254a2c5867af2d587a64c6606a63e8cc8
255,multilingual,m_arena_hard,79,ar,analysis,1,b0905a674f577810128c9f5ae328001dd304901d718b7106b03f190b0cc9ba65
256,multilingual,m_arena_hard,81,ar,analysis,1,871d71c62be701caa6306a7accbde485659512213d122d471c3095ee909ae22c
257,multilingual,m_arena_hard,115,ar,analysis,0,339ab06db279e42d3ead3e438101bf6de837dfcf417c80c93d3f8c40c9e6f04a
258,multilingual,m_arena_hard,296,ar,analysis,0,2ccbf2c4fd3fff759595d1da2ae57fa5b793ca16ee14e75fe0e962def004fe89
259,multilingual,m_arena_hard,393,ar,analysis,1,1eaace71dc5f1d6288241f430004ac95697db3c772a71684af3997cedbf15ef1
260,multilingual,m_arena_hard,28,hi,heldout,1,41907d001fd8db6e996abba66d7f2d2ab8145e0482164b4c087570845326b1ed
261,multilingual,m_arena_hard,31,hi,heldout,0,0c22bd3a1f3c51552c45650260250db4ffa9232cf881e25e86b7c199c133d669
262,multilingual,m_arena_hard,244,hi,heldout,0,2a5d762adb5666038db8ca0c3882f478b4d59046f8a6c09163f4e8bc6f67526b
263,multilingual,m_arena_hard,311,hi,analysis,0,2bc977c86c1490aae29122354067a2ca9e117de35d512f23e591d3a2635f9a58
264,multilingual,m_arena_hard,482,hi,heldout,0,d7a802637e9ceee66c6f5ef45858ceb7ec460471102b99d5de1713d0c8323158
265,multilingual,m_arena_hard,212,ru,heldout,1,dfe2e03c2b25bc06a31c883ec3980c4d8420cc3bd5643ccb9b8ea1922fa1d456
266,multilingual,m_arena_hard,238,ru,analysis,0,1fb7e4006e5d237fccf0263fd69598451fd61a6b90b3695469ca53c0d2037046
267,multilingual,m_arena_hard,265,ru,heldout,0,0ed5d82bf07fbd9b213f6a31623606c95fda9e4148eb66a7182480261b49c4d1
268,multilingual,m_arena_hard,294,ru,heldout,1,902e2ce28856cbbea6902ce0393d1a52e179f70e62f9ea32d4067b39923c780c
269,multilingual,m_arena_hard,468,ru,analysis,0,c4cbaedec7cf865ee438220e86e653073861d773fd4e722a1eebebb81ab92f90
270,multilingual,m_arena_hard,58,de,heldout,0,e7832840e74df806e69681454fab4a44084fc2a00b0fdb37130f8bebc0cf0a24
271,multilingual,m_arena_hard,83,de,analysis,1,0d37c2f23c225f4f5409d49cc73d943cbca4449fb8df9da9b62e2373495fb420
272,multilingual,m_arena_hard,185,de,heldout,0,4ee65eeabbfc1e12c653ffc7cf56a53435ff3ef1ab954963b3bc6601539fe5fa
273,multilingual,m_arena_hard,319,de,analysis,0,1f506829f64398288adcd65784f52376142b5c677428e4d3408d913884dd028b
274,multilingual,m_arena_hard,368,de,heldout,0,b0199ee66f3d63c6ccf9ad63d3c0db72248b377611ccdabfd8fac83195ceb391
275,multilingual,m_arena_hard,68,es,heldout,1,b2422f81f91850dfbc808a8001de678876f561c96a397b91c299a34b81439f5c
276,multilingual,m_arena_hard,70,es,heldout,0,381223a81de3c273eb3975603b5697a4ab5f648631255d3293a76fe100db1a58
277,multilingual,m_arena_hard,259,es,analysis,0,aff4d4bd5308b1a035f2e09674531a8357b3efd6e1293f2560b2426ccd8f154d
278,multilingual,m_arena_hard,291,es,heldout,1,b9799d385dfa280f012a462809eed6103795335a8803bc0227ca258f5e4d3f6f
279,multilingual,m_arena_hard,472,es,heldout,0,5612b9f253a4c98f39d6efdf980cce7d4ff4fdfa27da1f027495b6a6bf7910c7
280,multilingual,mgsm,93,bn,heldout,1,b2c931b695d8d38141fdfc18069c4c1b4166edf6b58515ca6dd0e73a449f9b0d
281,multilingual,mgsm,101,bn,heldout,1,0891fb16ab2b40aab2e942e3355c5dbaeee634d040f3df6d1e05ad984a1d9dca
282,multilingual,mgsm,129,bn,analysis,0,ed473fdbf0f21f76a9fcdcdf609318718d2253a2a3740bda35aff32380cd38b0
283,multilingual,mgsm,194,bn,analysis,1,b4950f15077f0e2cff1ae7d839860cc42d7050eb36e1521b1f772c6048f15912
284,multilingual,mgsm,160,de,heldout,0,b51f78c2c9917b17b42b3727779dba8b7a6b7e8916c35f52073417fc13bd7613
285,multilingual,mgsm,169,de,heldout,0,3f69e5c8950f427fdf8f8e88568a69f8053e1adbf5b00b91017b8790b32685de
286,multilingual,mgsm,222,de,analysis,0,e150191aae9af4b77c7224ce894a6a15c41df670baa6d91f1714cb1edbde68fb
287,multilingual,mgsm,236,de,analysis,0,c0a1c01e0581daba7a3f740262ad972adebba68e36a7dca71f8d310d8e625547
288,multilingual,mgsm,158,es,heldout,0,ce3776bf535ec8edf7e06aa865ae1e09e8814547845996190ce4a5c0176600e1
289,multilingual,mgsm,179,es,analysis,0,f379edd17bb2c7add906e27907f89558bce2d93ee22a59f6aa5c689d9b189636
290,multilingual,mgsm,191,es,heldout,0,0284e398758f8cac962a4ba965386105af5c061fa9c347ea73c81e489cd5107a
291,multilingual,mgsm,206,es,analysis,1,3e4fa6178ed360ad4207608bd7d3348c1dcad24b947984c0da8e80bfc1f82eb3
292,multilingual,mgsm,29,fr,analysis,1,96d65797cab0ac314ab4b81d1c0fd1d43ad06280ce256a268c79ea6f19dced68
293,multilingual,mgsm,37,fr,heldout,1,1239563f86a86c0976113b8d5378a1c8eeabfb0a617051ad1c5fedd06769a23c
294,multilingual,mgsm,58,fr,heldout,1,5438434456deaf41542f13b2b5488aac0315ebdd93fa8fb01546bbd978e24983
295,multilingual,mgsm,69,fr,heldout,1,517d9f35a299495552956764cb4eed1ff81d491ad47948399e856526d0c9091f
296,multilingual,mgsm,57,ja,analysis,0,caf1d59dcdd0746cbd34fc3df116e23baa604034c728f2a8d4073e0fe1e0574c
297,multilingual,mgsm,128,ja,analysis,0,0d1ae52bfe01362d347673d635e3d273c1b71e0ce70a598677505f9e9a656e93
298,multilingual,mgsm,163,ja,analysis,0,fb7a05e6c94a2c67ef6fd036919bff82dc31f256aa34045e334568524faeef53
299,multilingual,mgsm,195,ja,analysis,0,995a2b6b5f1b4338ec3b2e2f1760d37383aec366b52a05b96a3a183f9f3030d6
300,multilingual,mgsm,62,ru,heldout,0,567b05f3350d249dc33a14842c387adfca8135cf4172980bdfa194a6d84c369a
301,multilingual,mgsm,81,ru,heldout,0,e8f5dd5543cab3202a87711eca708f7888ed2ca0da090d599d5bec28b7c86195
302,multilingual,mgsm,85,ru,analysis,0,7890984ec91cf3c9380cc349548d098df47b35457fe3ebb019042d8e511efd49
303,multilingual,mgsm,107,ru,heldout,0,33064afead9081b9d488d78ff37d30905144802d151c4f213854e1d1a09f9eb0
304,multilingual,mgsm,0,sw,heldout,1,e74214a1918f3403782cc8149620e36b190f62491513617115d36f464ba9f9c7
305,multilingual,mgsm,87,sw,heldout,0,4ed865a98e85b9b9fab807784c969dc4f6864046e15f71a4f62851374cd4e548
306,multilingual,mgsm,96,sw,heldout,1,fa249e45c40072d6a2d86fa375ff32b06a709195bd0aab8ca8cb8923fba30f76
307,multilingual,mgsm,249,sw,analysis,0,5c2ee2103c9c9712065b0cfff88d999e21f9054c4d60b6a65bf5afc814842ce2
308,multilingual,mgsm,25,te,analysis,1,78815dd9af3d8b03590363cc5351b66f1d3468ea774129d13c52854544cd5a24
309,multilingual,mgsm,79,te,analysis,0,e8150eedd8521f47409522e42a9846d49954285814c06bfa69cf3aaacf846cdf
310,multilingual,mgsm,108,te,heldout,0,cc952155ccf6f22d6da745f9c9ece905d456391451efb9be5a4f4cc8c8c06a95
311,multilingual,mgsm,222,te,analysis,0,d5fc85c7fb1342990e89c97727008e6b0e8708ad7ce1f9a60ec11577d5c3e349
312,multilingual,mgsm,46,th,analysis,1,500979c09aec896924bfa2da61f02e7e0a69644e934fbf0abb25bf17b1ee3d19
313,multilingual,mgsm,104,th,heldout,0,992b785ab0811dbbdc919b414fda2d2384b74053ebe5c978e92dc476e8bf6982
314,multilingual,mgsm,191,th,analysis,0,00b0ef04c8a42754303855d5e301a571f94d85305d599a3435d1d4f88ee5c2d1
315,multilingual,mgsm,238,th,heldout,1,273f9d042809b70db7151ef4c578ef8132de2310801d8975e6cc8d7a3661a2d1
316,multilingual,mgsm,32,zh,heldout,0,3784c29753211d32757d94320052d3c5bd903a1660524723bf0e97749cec9079
317,multilingual,mgsm,50,zh,analysis,0,44ab7f13c97b1f70fb5589ef2bde4aec4207b6fb38b1a581b1bccf6386d0947a
318,multilingual,mgsm,65,zh,heldout,0,f6357ef50e16d7e178689a09b59fe3fe155d27d1a3559179e9b6c5513e5b6eae
319,multilingual,mgsm,228,zh,analysis,1,7bca50fc9027717f49463878b8aed73a3a06a0a6c4cf6c5c549f41482e971441
