q,rho_all,rho_position1,rho_position2,rho_position3,rho_position4,threshold_int8_row,threshold_int8_g128,threshold_int4_row,threshold_int4_g128
0.005,0.55075,0.49231,0.63828,0.7002,0.72666,0.0054378,0.0042712,0.098734,0.077495
0.01,0.5905,0.51833,0.66872,0.72586,0.74489,0.0056811,0.0044375,0.10304,0.080493
0.015,0.61924,0.53464,0.68844,0.74203,0.76118,0.0058293,0.0045391,0.1057,0.082278
0.02,0.64074,0.55311,0.70203,0.75122,0.77177,0.005932,0.0046145,0.10761,0.083616
0.025,0.65884,0.56577,0.7157,0.75904,0.78164,0.0060224,0.0046706,0.1092,0.084687
0.03,0.67296,0.57758,0.7221,0.76685,0.78994,0.0060976,0.0047215,0.11064,0.085626
0.035,0.68458,0.58597,0.72821,0.77304,0.79556,0.0061665,0.004766,0.11189,0.086387
0.04,0.69459,0.59472,0.73414,0.77939,0.8005,0.0062256,0.0048068,0.11297,0.087104
0.045,0.7031,0.60131,0.73961,0.78558,0.80492,0.0062814,0.0048419,0.11397,0.087768
0.05,0.71184,0.61061,0.74517,0.78954,0.80914,0.0063368,0.0048728,0.11488,0.088336
0.055,0.71921,0.61747,0.75018,0.79423,0.81307,0.0063849,0.0049034,0.11577,0.088895
0.06,0.72612,0.62488,0.75473,0.79814,0.81763,0.0064304,0.0049314,0.11665,0.089412
0.065,0.73231,0.6321,0.75793,0.80091,0.8212,0.006474,0.0049583,0.11745,0.089885
0.07,0.7381,0.63725,0.76174,0.80509,0.82562,0.0065152,0.004983,0.1182,0.090371
0.075,0.74359,0.64268,0.76639,0.80787,0.82877,0.0065548,0.0050083,0.11891,0.090801
0.08,0.74856,0.64885,0.76996,0.8109,0.83288,0.006594,0.0050326,0.11959,0.091236
0.085,0.75318,0.65322,0.77268,0.81443,0.83614,0.0066309,0.0050535,0.12026,0.091655
0.09,0.758,0.65862,0.77602,0.81742,0.83955,0.0066659,0.0050755,0.1209,0.092011
0.095,0.76276,0.66224,0.77966,0.82002,0.84286,0.0067017,0.0050951,0.12155,0.092373
0.1,0.76731,0.66728,0.78322,0.82267,0.84543,0.006735,0.0051146,0.12215,0.09272
0.105,0.77134,0.67123,0.78622,0.82524,0.84825,0.0067687,0.0051331,0.12274,0.093048
0.11,0.77523,0.67552,0.7896,0.82805,0.85053,0.0068026,0.0051516,0.12332,0.09337
0.115,0.77908,0.6793,0.7925,0.83043,0.85346,0.0068334,0.0051685,0.12387,0.093682
0.12,0.78302,0.68355,0.7951,0.83352,0.85606,0.006864,0.0051859,0.12442,0.093994
0.125,0.78708,0.68652,0.79782,0.83633,0.85824,0.006894,0.0052025,0.12499,0.094306
0.13,0.79013,0.68996,0.80043,0.83902,0.86055,0.0069224,0.0052194,0.12549,0.094609
0.135,0.79335,0.69361,0.8027,0.84137,0.86216,0.0069495,0.0052347,0.12598,0.094897
0.14,0.79635,0.69607,0.80571,0.84373,0.86411,0.0069765,0.0052497,0.1265,0.095175
0.145,0.79899,0.69945,0.80814,0.8459,0.86691,0.0070049,0.0052648,0.127,0.09546
0.15,0.80192,0.70269,0.81043,0.84856,0.8698,0.0070327,0.0052799,0.12747,0.095748
0.155,0.80513,0.70505,0.81263,0.85083,0.87162,0.0070581,0.005295,0.12792,0.096017
0.16,0.80768,0.70797,0.81482,0.85331,0.87401,0.0070836,0.0053091,0.12842,0.09628
0.165,0.81028,0.711,0.81707,0.85542,0.87653,0.0071086,0.0053235,0.12888,0.096531
0.17,0.8128,0.71387,0.81919,0.85767,0.87872,0.0071331,0.0053382,0.12935,0.096785
0.175,0.81546,0.71727,0.82141,0.85995,0.88107,0.0071579,0.0053513,0.1298,0.097034
0.18,0.8182,0.7196,0.824,0.86237,0.88279,0.0071833,0.0053652,0.13025,0.097285
0.185,0.82074,0.72286,0.82589,0.86511,0.885,0.0072077,0.0053786,0.13069,0.097539
0.19,0.82354,0.72568,0.82751,0.86759,0.88695,0.0072325,0.0053925,0.13113,0.097787
0.195,0.82609,0.72821,0.82983,0.86931,0.8892,0.0072571,0.0054057,0.13156,0.098029
0.2,0.82851,0.73116,0.83189,0.87139,0.89138,0.0072811,0.0054189,0.13203,0.098259
0.205,0.83097,0.73353,0.83376,0.87308,0.89308,0.0073047,0.005432,0.13245,0.098493
0.21,0.83337,0.736,0.83633,0.8753,0.89481,0.0073277,0.0054444,0.13287,0.098722
0.215,0.83631,0.73841,0.83832,0.87714,0.89706,0.0073506,0.0054569,0.13331,0.09895
0.22,0.8387,0.74081,0.84042,0.87916,0.8987,0.0073724,0.0054687,0.13371,0.099173
0.225,0.84101,0.7439,0.84266,0.88133,0.90067,0.007395,0.0054803,0.13411,0.099391
0.23,0.8435,0.74596,0.8445,0.88305,0.90258,0.0074166,0.0054928,0.1345,0.099601
0.235,0.84591,0.74802,0.84655,0.88491,0.90418,0.00744,0.0055049,0.13491,0.099823
0.24,0.84805,0.75022,0.84837,0.88641,0.90583,0.0074615,0.0055166,0.1353,0.10004
0.245,0.85044,0.75267,0.85089,0.88796,0.90761,0.0074844,0.0055281,0.1357,0.10025
0.25,0.85271,0.75574,0.85245,0.89,0.9094,0.0075063,0.0055401,0.1361,0.10046
0.255,0.85493,0.75811,0.85442,0.89178,0.91154,0.0075282,0.0055517,0.13649,0.10066
0.26,0.85696,0.76044,0.85601,0.89335,0.9137,0.0075488,0.0055632,0.13687,0.10087
0.265,0.85918,0.76304,0.85748,0.89533,0.91604,0.0075703,0.0055747,0.13727,0.10108
0.27,0.86117,0.76528,0.85971,0.89704,0.91815,0.0075911,0.0055861,0.13765,0.10128
0.275,0.86314,0.7677,0.8617,0.89896,0.91987,0.0076125,0.0055973,0.13802,0.10147
0.28,0.86551,0.76991,0.86324,0.90045,0.922,0.0076323,0.0056084,0.1384,0.10167
0.285,0.86764,0.77226,0.86528,0.90215,0.92375,0.0076531,0.0056197,0.13878,0.10188
0.29,0.86945,0.77482,0.86732,0.90409,0.92552,0.007674,0.0056302,0.13914,0.10208
0.295,0.87152,0.7767,0.86854,0.90565,0.92725,0.0076949,0.0056412,0.13953,0.1023
0.3,0.87349,0.77902,0.87098,0.90759,0.92843,0.0077156,0.0056519,0.13991,0.1025
0.305,0.87569,0.78091,0.87247,0.90921,0.93001,0.0077373,0.0056631,0.14031,0.10269
0.31,0.87794,0.7831,0.87425,0.91151,0.93183,0.0077583,0.005674,0.1407,0.10289
0.315,0.88004,0.78557,0.87631,0.91392,0.93378,0.0077786,0.0056847,0.14109,0.10308
0.32,0.88215,0.78815,0.87854,0.91577,0.93552,0.0077986,0.0056952,0.14145,0.10327
0.325,0.88388,0.7899,0.88053,0.91749,0.93755,0.0078186,0.0057054,0.14182,0.10346
0.33,0.88598,0.79165,0.88244,0.91949,0.93988,0.0078388,0.005716,0.14221,0.10365
0.335,0.88786,0.79363,0.88388,0.92112,0.94159,0.0078593,0.0057264,0.1426,0.10384
0.34,0.88998,0.79574,0.88585,0.92248,0.94305,0.0078802,0.0057369,0.14297,0.10403
0.345,0.89193,0.79723,0.8876,0.92459,0.94502,0.007901,0.0057474,0.14334,0.10422
0.35,0.89379,0.79908,0.88948,0.92629,0.94699,0.0079208,0.0057575,0.14371,0.10441
0.355,0.89572,0.80142,0.89107,0.92799,0.94879,0.0079414,0.0057684,0.14408,0.1046
0.36,0.89783,0.80366,0.89307,0.92963,0.95027,0.0079621,0.0057788,0.14445,0.10478
0.365,0.89953,0.80541,0.89481,0.93126,0.95219,0.0079822,0.0057893,0.14481,0.10497
0.37,0.90155,0.807,0.89635,0.93301,0.95402,0.0080025,0.0057996,0.14517,0.10516
0.375,0.90354,0.80954,0.89854,0.93449,0.95587,0.0080233,0.0058097,0.14555,0.10534
0.38,0.90543,0.81113,0.90034,0.93606,0.95773,0.0080436,0.00582,0.14593,0.10553
0.385,0.90721,0.81273,0.90244,0.93773,0.95931,0.0080635,0.0058298,0.14631,0.10572
0.39,0.9092,0.81451,0.90465,0.93959,0.96128,0.0080843,0.0058397,0.14668,0.10589
0.395,0.9114,0.81667,0.90631,0.94153,0.96307,0.0081046,0.0058499,0.14703,0.10607
0.4,0.91362,0.81936,0.90782,0.94305,0.96522,0.008124,0.0058598,0.14742,0.10625
0.405,0.91586,0.82155,0.90963,0.94463,0.96707,0.0081449,0.0058702,0.14779,0.10642
0.41,0.91776,0.82373,0.91167,0.94639,0.96957,0.0081654,0.0058805,0.14814,0.1066
0.415,0.91986,0.82609,0.91379,0.94844,0.97153,0.0081861,0.0058902,0.14853,0.10679
0.42,0.92182,0.82869,0.91577,0.95051,0.97306,0.0082063,0.0059,0.14891,0.10697
0.425,0.92377,0.83079,0.91732,0.95247,0.97443,0.0082275,0.0059096,0.14927,0.10716
0.43,0.92573,0.83234,0.91952,0.95422,0.97583,0.0082481,0.0059193,0.14964,0.10734
0.435,0.92781,0.83439,0.9217,0.95638,0.97775,0.0082675,0.0059287,0.15002,0.10751
0.44,0.92964,0.837,0.92358,0.95841,0.97979,0.0082884,0.0059389,0.15041,0.10769
0.445,0.93155,0.8393,0.92539,0.96091,0.98166,0.0083096,0.0059486,0.15079,0.10788
0.45,0.93346,0.84124,0.92731,0.96296,0.98374,0.00833,0.0059587,0.15117,0.10805
0.455,0.93541,0.8437,0.92936,0.96508,0.98562,0.008351,0.0059691,0.15155,0.10823
0.46,0.93746,0.84629,0.93139,0.96674,0.98786,0.008371,0.0059791,0.15193,0.10842
0.465,0.9397,0.84808,0.93319,0.96874,0.98958,0.0083925,0.0059889,0.15228,0.10859
0.47,0.9417,0.85035,0.9352,0.97041,0.9913,0.0084145,0.0059988,0.15267,0.10877
0.475,0.94367,0.85249,0.93665,0.97237,0.99325,0.0084352,0.006009,0.15306,0.10896
0.48,0.94543,0.85515,0.93891,0.97424,0.99494,0.0084563,0.006019,0.15344,0.10914
0.485,0.94758,0.85755,0.94081,0.97635,0.99669,0.0084776,0.0060291,0.15383,0.10932
0.49,0.9495,0.85951,0.94315,0.97846,0.99901,0.0084996,0.0060398,0.15423,0.1095
0.495,0.95171,0.86131,0.94486,0.98025,1.0007,0.0085219,0.0060497,0.15463,0.10968
0.5,0.95371,0.86363,0.94688,0.98204,1.0024,0.0085429,0.0060595,0.15502,0.10986
0.505,0.95582,0.86602,0.94856,0.98409,1.0045,0.0085648,0.0060695,0.15541,0.11004
0.51,0.95775,0.86779,0.95098,0.98606,1.0063,0.0085866,0.0060795,0.15581,0.11022
0.515,0.96002,0.86941,0.95278,0.98782,1.0088,0.0086087,0.006089,0.15623,0.11041
0.52,0.96226,0.87137,0.95503,0.98998,1.0105,0.0086311,0.0060989,0.15665,0.1106
0.525,0.9645,0.87348,0.957,0.99233,1.0126,0.0086545,0.0061095,0.15705,0.11078
0.53,0.96659,0.87587,0.95916,0.9942,1.0143,0.0086767,0.0061195,0.15745,0.11096
0.535,0.96879,0.87813,0.96191,0.99612,1.0167,0.0086994,0.0061291,0.15784,0.11115
0.54,0.97094,0.88054,0.96423,0.99841,1.0193,0.008722,0.0061395,0.15828,0.11134
0.545,0.97303,0.88314,0.96656,1.0008,1.0209,0.0087448,0.00615,0.1587,0.11152
0.55,0.97499,0.88556,0.96827,1.0028,1.0229,0.0087681,0.0061606,0.1591,0.11172
0.555,0.97716,0.88782,0.97055,1.0049,1.0251,0.0087905,0.0061707,0.15953,0.1119
0.56,0.97916,0.89029,0.97268,1.0073,1.027,0.0088143,0.0061811,0.15994,0.11209
0.565,0.98137,0.89277,0.97496,1.0096,1.0291,0.0088381,0.0061914,0.16038,0.11228
0.57,0.98342,0.89516,0.97745,1.0119,1.0313,0.0088609,0.0062017,0.16082,0.11246
0.575,0.98567,0.89752,0.97921,1.0137,1.0342,0.0088855,0.0062125,0.16127,0.11265
0.58,0.98811,0.89936,0.98162,1.0162,1.0362,0.0089098,0.0062226,0.16171,0.11284
0.585,0.99028,0.90162,0.9841,1.0188,1.0383,0.0089343,0.0062331,0.16216,0.11303
0.59,0.99268,0.9044,0.98641,1.0206,1.0405,0.0089578,0.0062436,0.1626,0.11323
0.595,0.99493,0.90678,0.98972,1.0223,1.0425,0.0089822,0.006254,0.16302,0.11342
0.6,0.99709,0.90932,0.99161,1.0245,1.045,0.0090073,0.0062647,0.16347,0.11363
0.605,0.99951,0.91187,0.99376,1.0268,1.0467,0.0090323,0.0062754,0.16392,0.11382
0.61,1.0018,0.91435,0.99666,1.0292,1.0491,0.009058,0.0062863,0.1644,0.11401
0.615,1.004,0.91693,0.99861,1.0311,1.0517,0.0090845,0.006297,0.16485,0.1142
0.62,1.0064,0.91953,1.0008,1.0328,1.0544,0.0091098,0.0063085,0.16532,0.11441
0.625,1.0088,0.92174,1.003,1.0354,1.0567,0.0091354,0.0063195,0.1658,0.11461
0.63,1.0112,0.92438,1.0055,1.0376,1.0586,0.0091604,0.0063305,0.16627,0.1148
0.635,1.0133,0.92728,1.0074,1.0405,1.0609,0.0091867,0.0063417,0.16675,0.11501
0.64,1.0156,0.93048,1.0101,1.0425,1.0635,0.009214,0.006353,0.16723,0.11522
0.645,1.0183,0.93294,1.0118,1.045,1.0655,0.0092423,0.006364,0.16771,0.11543
0.65,1.0206,0.93598,1.0141,1.0478,1.068,0.0092697,0.0063754,0.16819,0.11564
0.655,1.0227,0.93892,1.0163,1.0506,1.0708,0.0092988,0.0063867,0.1687,0.11584
0.66,1.0253,0.94172,1.0183,1.053,1.0733,0.0093275,0.0063979,0.16921,0.11605
0.665,1.0277,0.94397,1.0207,1.0553,1.0758,0.0093563,0.0064099,0.16973,0.11626
0.67,1.0303,0.94661,1.0232,1.0569,1.0782,0.0093866,0.0064214,0.17026,0.11647
0.675,1.0326,0.9493,1.0261,1.0597,1.0809,0.0094157,0.0064336,0.17078,0.11669
0.68,1.0352,0.95192,1.0288,1.0626,1.0831,0.0094443,0.0064457,0.17129,0.11689
0.685,1.0377,0.95462,1.0317,1.0653,1.0855,0.0094729,0.0064582,0.17184,0.11711
0.69,1.0404,0.95666,1.0344,1.0678,1.0879,0.0095047,0.0064706,0.1724,0.11733
0.695,1.043,0.95875,1.037,1.0703,1.0903,0.0095368,0.0064828,0.17294,0.11756
0.7,1.0456,0.96195,1.0398,1.0725,1.0929,0.0095697,0.006495,0.17352,0.11777
0.705,1.0482,0.96433,1.0425,1.0751,1.0961,0.009602,0.0065077,0.17409,0.118
0.71,1.0512,0.96659,1.0445,1.0779,1.0987,0.0096356,0.0065198,0.17467,0.11823
0.715,1.054,0.96959,1.0467,1.0806,1.1019,0.009669,0.0065331,0.17525,0.11846
0.72,1.0562,0.97216,1.0501,1.0832,1.1047,0.0097025,0.0065456,0.17587,0.1187
0.725,1.0586,0.97542,1.0525,1.0857,1.1072,0.0097358,0.0065588,0.17648,0.11894
0.73,1.0615,0.9777,1.0551,1.089,1.1097,0.0097691,0.0065718,0.1771,0.11917
0.735,1.0643,0.98039,1.0574,1.0918,1.1127,0.0098025,0.0065853,0.1777,0.11942
0.74,1.0673,0.98244,1.06,1.0939,1.1155,0.0098365,0.0065987,0.17835,0.11967
0.745,1.0702,0.98506,1.0622,1.0964,1.1175,0.009872,0.0066122,0.17897,0.11991
0.75,1.0726,0.98828,1.0649,1.099,1.1194,0.0099086,0.0066256,0.17963,0.12016
0.755,1.0752,0.99128,1.0683,1.1016,1.122,0.009946,0.0066394,0.18027,0.12042
0.76,1.0781,0.99472,1.0711,1.1038,1.125,0.0099847,0.0066536,0.18092,0.12067
0.765,1.0811,0.99772,1.0736,1.1066,1.1283,0.010023,0.0066676,0.18164,0.12093
0.77,1.0838,1.001,1.076,1.1092,1.1313,0.010058,0.0066826,0.18232,0.12119
0.775,1.087,1.0041,1.0785,1.1116,1.1341,0.010098,0.0066974,0.18303,0.12145
0.78,1.09,1.0072,1.081,1.1146,1.1369,0.01014,0.006713,0.18375,0.12172
0.785,1.0929,1.0109,1.0839,1.1174,1.1393,0.010181,0.006728,0.1845,0.122
0.79,1.096,1.0138,1.0867,1.1203,1.1424,0.010221,0.0067434,0.18525,0.12229
0.795,1.0989,1.0172,1.0897,1.1225,1.1451,0.010263,0.0067596,0.18602,0.12258
0.8,1.1019,1.0208,1.0927,1.126,1.148,0.010307,0.0067756,0.18677,0.12287
0.805,1.1046,1.0236,1.0952,1.1288,1.1507,0.010349,0.0067919,0.18757,0.12316
0.81,1.1078,1.0266,1.0978,1.1316,1.1531,0.010392,0.0068082,0.18839,0.12345
0.815,1.1112,1.0301,1.1002,1.1343,1.1565,0.010438,0.0068245,0.18924,0.12375
0.82,1.1145,1.0323,1.1025,1.137,1.1587,0.010485,0.0068416,0.19012,0.12407
0.825,1.1178,1.0355,1.1053,1.1397,1.1612,0.010536,0.0068597,0.19102,0.12439
0.83,1.1209,1.0385,1.1093,1.1419,1.1645,0.010587,0.0068781,0.19191,0.12472
0.835,1.1241,1.0423,1.1125,1.1449,1.1679,0.01064,0.0068961,0.1929,0.12505
0.84,1.1278,1.047,1.116,1.1476,1.1708,0.010693,0.0069147,0.19387,0.12539
0.845,1.1316,1.0505,1.1193,1.1507,1.1746,0.010745,0.0069335,0.19491,0.12577
0.85,1.1348,1.054,1.1225,1.1543,1.1777,0.010801,0.0069538,0.19587,0.12612
0.855,1.1382,1.0571,1.1256,1.1577,1.1807,0.010858,0.0069741,0.1969,0.12649
0.86,1.1419,1.0605,1.1284,1.16,1.1835,0.010918,0.0069957,0.19794,0.12687
0.865,1.1454,1.0643,1.1319,1.1635,1.1867,0.010978,0.0070161,0.19909,0.12725
0.87,1.1487,1.0682,1.1348,1.1679,1.1903,0.011043,0.0070392,0.20028,0.12764
0.875,1.1528,1.0719,1.1381,1.1711,1.1935,0.011108,0.0070617,0.20146,0.12805
0.88,1.1567,1.075,1.1417,1.1749,1.1979,0.011176,0.0070859,0.20272,0.12848
0.885,1.1601,1.079,1.1452,1.1781,1.202,0.011248,0.0071113,0.20396,0.12892
0.89,1.1643,1.0831,1.1485,1.1825,1.2059,0.01132,0.0071387,0.20533,0.1294
0.895,1.169,1.0883,1.1534,1.1865,1.2102,0.011398,0.0071649,0.20676,0.1299
0.9,1.1735,1.0922,1.157,1.1905,1.2144,0.011481,0.0071921,0.20825,0.13042
0.905,1.1781,1.0976,1.1606,1.1949,1.2186,0.011568,0.0072207,0.20976,0.13094
0.91,1.1828,1.1016,1.1646,1.1991,1.2216,0.011657,0.0072519,0.21142,0.13153
0.915,1.1878,1.1065,1.17,1.2033,1.2263,0.011752,0.0072842,0.21317,0.13211
0.92,1.193,1.1118,1.1756,1.2088,1.2321,0.011851,0.0073197,0.21501,0.1327
0.925,1.1988,1.1177,1.1799,1.214,1.2372,0.011957,0.0073549,0.2169,0.13338
0.93,1.2043,1.1236,1.1866,1.2182,1.2415,0.012071,0.0073953,0.21896,0.13407
0.935,1.2107,1.1319,1.1933,1.2227,1.2472,0.012198,0.0074357,0.22116,0.13479
0.94,1.2167,1.1408,1.1998,1.2294,1.2528,0.012333,0.0074791,0.22358,0.13562
0.945,1.2226,1.1486,1.2059,1.2369,1.2581,0.01247,0.007526,0.22617,0.13648
0.95,1.2297,1.156,1.213,1.2428,1.264,0.012627,0.0075801,0.22888,0.1375
0.955,1.2377,1.1659,1.2214,1.2495,1.2706,0.012794,0.0076383,0.23201,0.13855
0.96,1.2459,1.1754,1.2296,1.2579,1.2789,0.012979,0.0077019,0.23552,0.13976
0.965,1.2547,1.1861,1.237,1.2656,1.2857,0.013201,0.0077744,0.23944,0.14102
0.97,1.2636,1.1984,1.247,1.2774,1.2925,0.013456,0.007855,0.2439,0.14246
0.975,1.2756,1.2135,1.2601,1.2847,1.3022,0.013739,0.007957,0.24921,0.14421
0.98,1.2859,1.2286,1.2726,1.2994,1.3119,0.014095,0.0080801,0.25568,0.14642
0.985,1.3013,1.2451,1.2847,1.3121,1.3235,0.014563,0.0082346,0.26423,0.14923
0.99,1.319,1.2661,1.3065,1.3266,1.339,0.015225,0.0084494,0.27601,0.15328
0.995,1.343,1.2981,1.3321,1.3496,1.3601,0.016482,0.0088233,0.29935,0.16002
