q,rho_all,rho_position1,rho_position2,rho_position3,rho_position4,rho_position5,rho_position6,rho_position7,rho_position8,rho_position9,rho_position10,rho_position11,rho_position12,rho_position13,rho_position14,rho_position15,threshold_int8_row,threshold_int8_g128,threshold_int4_row,threshold_int4_g128
0.005,0.8441,0.83357,0.83872,0.84282,0.84655,0.8462,0.84747,0.85174,0.84936,0.85448,0.85101,0.85441,0.8538,0.85618,0.85537,0.85601,0.0054378,0.0042712,0.098734,0.077495
0.01,0.84889,0.83633,0.84254,0.84756,0.85092,0.85294,0.85221,0.85581,0.85381,0.85949,0.85634,0.85883,0.85873,0.85939,0.86065,0.86039,0.0056811,0.0044375,0.10304,0.080493
0.015,0.85227,0.83891,0.84565,0.85106,0.85393,0.8559,0.85894,0.85874,0.85738,0.8613,0.86053,0.86272,0.86134,0.86284,0.86317,0.86353,0.0058293,0.0045391,0.1057,0.082278
0.02,0.85489,0.84067,0.84732,0.85288,0.85631,0.85795,0.8609,0.8608,0.85912,0.86287,0.86304,0.8643,0.86328,0.86451,0.86576,0.86723,0.005932,0.0046145,0.10761,0.083616
0.025,0.85697,0.84107,0.84898,0.855,0.85836,0.86187,0.86243,0.86241,0.86055,0.86407,0.86464,0.86587,0.86475,0.86629,0.868,0.86952,0.0060224,0.0046706,0.1092,0.084687
0.03,0.85905,0.84278,0.85075,0.85678,0.86011,0.86421,0.86451,0.86542,0.86299,0.86561,0.86543,0.86721,0.86677,0.86822,0.86992,0.87157,0.0060976,0.0047215,0.11064,0.085626
0.035,0.8605,0.84363,0.85229,0.85798,0.86162,0.86565,0.86532,0.86685,0.86594,0.86739,0.86684,0.86859,0.86867,0.86952,0.87225,0.87288,0.0061665,0.004766,0.11189,0.086387
0.04,0.862,0.84506,0.85348,0.85984,0.86339,0.86675,0.86651,0.86811,0.86775,0.86902,0.86911,0.87003,0.87075,0.87109,0.87353,0.87466,0.0062256,0.0048068,0.11297,0.087104
0.045,0.86333,0.84596,0.85463,0.86097,0.86517,0.86865,0.86756,0.86921,0.869,0.87003,0.87065,0.87136,0.87303,0.87216,0.87558,0.87582,0.0062814,0.0048419,0.11397,0.087768
0.05,0.86464,0.84664,0.85567,0.86256,0.86641,0.86965,0.86934,0.87048,0.86993,0.87122,0.87188,0.87249,0.87438,0.87369,0.87674,0.8771,0.0063368,0.0048728,0.11488,0.088336
0.055,0.86573,0.8471,0.85674,0.86335,0.86761,0.8703,0.87059,0.87133,0.87111,0.87203,0.873,0.8747,0.87626,0.87525,0.87798,0.8787,0.0063849,0.0049034,0.11577,0.088895
0.06,0.86695,0.84787,0.85756,0.86417,0.86843,0.87102,0.87199,0.87242,0.8725,0.8735,0.87439,0.87615,0.87741,0.87691,0.87876,0.88013,0.0064304,0.0049314,0.11665,0.089412
0.065,0.86801,0.84843,0.85822,0.86495,0.86915,0.8725,0.87336,0.87327,0.87376,0.87478,0.87517,0.87724,0.87921,0.87833,0.88016,0.88082,0.006474,0.0049583,0.11745,0.089885
0.07,0.86904,0.84903,0.85914,0.86585,0.86984,0.87356,0.87413,0.87426,0.87502,0.87555,0.87626,0.87825,0.88002,0.87996,0.88142,0.88151,0.0065152,0.004983,0.1182,0.090371
0.075,0.87001,0.84957,0.85987,0.86705,0.87082,0.87426,0.87459,0.875,0.87663,0.87642,0.87743,0.87968,0.88088,0.88096,0.88234,0.88223,0.0065548,0.0050083,0.11891,0.090801
0.08,0.87092,0.84994,0.86056,0.86754,0.87208,0.87519,0.87565,0.87606,0.87733,0.87721,0.87848,0.88052,0.88247,0.88196,0.88346,0.88332,0.006594,0.0050326,0.11959,0.091236
0.085,0.87186,0.85085,0.86144,0.8684,0.873,0.8761,0.87668,0.87708,0.87808,0.87803,0.87969,0.88105,0.88303,0.8831,0.88453,0.88416,0.0066309,0.0050535,0.12026,0.091655
0.09,0.87279,0.85136,0.86241,0.86893,0.87387,0.87713,0.87806,0.87791,0.87935,0.87921,0.88095,0.88159,0.88364,0.88371,0.88546,0.88508,0.0066659,0.0050755,0.1209,0.092011
0.095,0.8737,0.85201,0.86313,0.86973,0.87468,0.87815,0.87864,0.87873,0.88024,0.88086,0.88153,0.88201,0.88468,0.8843,0.88613,0.88598,0.0067017,0.0050951,0.12155,0.092373
0.1,0.87449,0.8523,0.86378,0.87063,0.87539,0.87927,0.87917,0.87944,0.88109,0.88143,0.882,0.88285,0.88555,0.88519,0.8869,0.88654,0.006735,0.0051146,0.12215,0.09272
0.105,0.87542,0.85281,0.86448,0.87119,0.8761,0.87997,0.88013,0.88034,0.88164,0.88209,0.88282,0.8838,0.88611,0.88593,0.88805,0.88719,0.0067687,0.0051331,0.12274,0.093048
0.11,0.87626,0.85339,0.86518,0.87237,0.87695,0.88071,0.88115,0.88095,0.8823,0.88277,0.88358,0.88433,0.88691,0.88656,0.88854,0.88813,0.0068026,0.0051516,0.12332,0.09337
0.115,0.87711,0.854,0.86576,0.87287,0.87745,0.88129,0.88198,0.88176,0.88278,0.88334,0.88418,0.8851,0.88779,0.88724,0.88931,0.88883,0.0068334,0.0051685,0.12387,0.093682
0.12,0.87793,0.85454,0.8666,0.87355,0.87807,0.88195,0.88281,0.8825,0.88348,0.88383,0.88486,0.88611,0.88848,0.88774,0.89002,0.88948,0.006864,0.0051859,0.12442,0.093994
0.125,0.8787,0.85498,0.8671,0.87402,0.87863,0.88263,0.88347,0.88313,0.88415,0.88438,0.88538,0.88659,0.88915,0.88849,0.89068,0.89011,0.006894,0.0052025,0.12499,0.094306
0.13,0.87948,0.8553,0.86753,0.87444,0.87907,0.88328,0.88422,0.88374,0.8849,0.88511,0.88609,0.88723,0.88968,0.8892,0.89149,0.89071,0.0069224,0.0052194,0.12549,0.094609
0.135,0.88025,0.85557,0.86809,0.87528,0.87956,0.88387,0.88467,0.88448,0.88537,0.88582,0.88666,0.88813,0.89006,0.8897,0.89198,0.89145,0.0069495,0.0052347,0.12598,0.094897
0.14,0.88098,0.85597,0.8686,0.87561,0.88039,0.88452,0.88514,0.88485,0.88575,0.88632,0.88725,0.88851,0.89061,0.89016,0.8925,0.89215,0.0069765,0.0052497,0.1265,0.095175
0.145,0.88159,0.85651,0.86923,0.87617,0.88112,0.88524,0.88605,0.88544,0.88653,0.88707,0.88787,0.88894,0.89116,0.89101,0.89296,0.89269,0.0070049,0.0052648,0.127,0.09546
0.15,0.8823,0.85711,0.86987,0.87678,0.88155,0.88588,0.88669,0.88614,0.88704,0.88758,0.88859,0.88956,0.89188,0.89172,0.89367,0.89329,0.0070327,0.0052799,0.12747,0.095748
0.155,0.88296,0.85755,0.87013,0.87736,0.88223,0.88663,0.88711,0.88648,0.88763,0.88821,0.88908,0.89014,0.89239,0.8922,0.89401,0.89376,0.0070581,0.005295,0.12792,0.096017
0.16,0.88358,0.85804,0.87055,0.87772,0.88264,0.88733,0.88785,0.88732,0.88873,0.88887,0.88948,0.89063,0.89301,0.8928,0.8946,0.8942,0.0070836,0.0053091,0.12842,0.09628
0.165,0.88416,0.85837,0.87096,0.87834,0.88343,0.88777,0.88829,0.88795,0.88941,0.88959,0.8899,0.89143,0.89355,0.89331,0.8951,0.89482,0.0071086,0.0053235,0.12888,0.096531
0.17,0.8848,0.85871,0.8714,0.87891,0.88385,0.88836,0.88875,0.88841,0.88988,0.88996,0.89046,0.8921,0.89409,0.89382,0.89586,0.89548,0.0071331,0.0053382,0.12935,0.096785
0.175,0.88545,0.85922,0.87176,0.87928,0.88455,0.88894,0.88957,0.88904,0.89038,0.8906,0.89133,0.8927,0.89436,0.89429,0.89624,0.89611,0.0071579,0.0053513,0.1298,0.097034
0.18,0.88612,0.85949,0.87212,0.87959,0.88501,0.8895,0.89016,0.88938,0.89105,0.89133,0.89177,0.89319,0.89525,0.89462,0.89662,0.897,0.0071833,0.0053652,0.13025,0.097285
0.185,0.88666,0.85993,0.87248,0.88024,0.88567,0.89022,0.8907,0.88981,0.89181,0.89177,0.89213,0.8936,0.89597,0.89522,0.89709,0.898,0.0072077,0.0053786,0.13069,0.097539
0.19,0.88724,0.86028,0.87277,0.88091,0.88622,0.89069,0.8911,0.89071,0.8923,0.89208,0.89255,0.89421,0.89671,0.89565,0.89747,0.89867,0.0072325,0.0053925,0.13113,0.097787
0.195,0.88777,0.86061,0.87331,0.88137,0.88652,0.89135,0.8915,0.89136,0.89284,0.89259,0.89315,0.89453,0.89706,0.8961,0.89826,0.89905,0.0072571,0.0054057,0.13156,0.098029
0.2,0.88835,0.86093,0.87374,0.88184,0.88716,0.89176,0.89205,0.89193,0.89305,0.89302,0.89371,0.89496,0.89745,0.89668,0.89871,0.89943,0.0072811,0.0054189,0.13203,0.098259
0.205,0.88892,0.86122,0.87411,0.8824,0.88772,0.89241,0.89262,0.8926,0.89354,0.89365,0.89427,0.89552,0.89812,0.89732,0.89924,0.90021,0.0073047,0.005432,0.13245,0.098493
0.21,0.88947,0.86145,0.87453,0.88324,0.88814,0.89301,0.89332,0.8932,0.89404,0.8939,0.89466,0.89595,0.89869,0.89792,0.89956,0.90064,0.0073277,0.0054444,0.13287,0.098722
0.215,0.88999,0.86176,0.87505,0.88364,0.8885,0.8937,0.89368,0.89405,0.89466,0.89446,0.89526,0.89664,0.89915,0.89847,0.90049,0.90103,0.0073506,0.0054569,0.13331,0.09895
0.22,0.89053,0.86214,0.87569,0.88411,0.88895,0.89398,0.89423,0.89459,0.89528,0.89494,0.89576,0.89702,0.89965,0.89922,0.90094,0.90178,0.0073724,0.0054687,0.13371,0.099173
0.225,0.89112,0.86236,0.87619,0.8847,0.88931,0.89451,0.8946,0.8951,0.89585,0.89546,0.89601,0.89749,0.90011,0.89963,0.90145,0.90225,0.007395,0.0054803,0.13411,0.099391
0.23,0.89167,0.86287,0.87653,0.88508,0.88956,0.89485,0.89522,0.89563,0.89622,0.89591,0.89642,0.89788,0.90071,0.90026,0.90187,0.90269,0.0074166,0.0054928,0.1345,0.099601
0.235,0.89218,0.86318,0.87706,0.88546,0.88992,0.89536,0.89593,0.89618,0.8969,0.89646,0.89705,0.89833,0.90116,0.90058,0.90231,0.90331,0.00744,0.0055049,0.13491,0.099823
0.24,0.89276,0.86345,0.87758,0.88638,0.89058,0.89606,0.89652,0.89658,0.89729,0.89705,0.89773,0.89899,0.90156,0.90091,0.90255,0.90381,0.0074615,0.0055166,0.1353,0.10004
0.245,0.89331,0.86378,0.87789,0.88669,0.89135,0.89654,0.89709,0.89708,0.89809,0.89755,0.89841,0.89926,0.90217,0.90134,0.90308,0.90419,0.0074844,0.0055281,0.1357,0.10025
0.25,0.89381,0.86406,0.87857,0.88704,0.89184,0.89709,0.89776,0.89769,0.89834,0.89794,0.89888,0.89973,0.9027,0.9019,0.90336,0.90484,0.0075063,0.0055401,0.1361,0.10046
0.255,0.8943,0.86436,0.87897,0.8875,0.89234,0.89753,0.8983,0.89818,0.89866,0.89844,0.89934,0.90031,0.90321,0.90232,0.90403,0.90534,0.0075282,0.0055517,0.13649,0.10066
0.26,0.89473,0.86475,0.87949,0.88778,0.89284,0.89797,0.89889,0.89863,0.89924,0.89885,0.89984,0.90078,0.90357,0.90299,0.90447,0.90562,0.0075488,0.0055632,0.13687,0.10087
0.265,0.8953,0.86504,0.87996,0.88828,0.89325,0.89831,0.89943,0.89884,0.89963,0.89939,0.90038,0.9011,0.90424,0.90349,0.90492,0.906,0.0075703,0.0055747,0.13727,0.10108
0.27,0.89584,0.86542,0.88019,0.88867,0.89367,0.89877,0.90002,0.89986,0.9,0.89968,0.9008,0.90143,0.90471,0.90386,0.90519,0.90633,0.0075911,0.0055861,0.13765,0.10128
0.275,0.89631,0.86573,0.88054,0.88908,0.89431,0.89927,0.90028,0.90021,0.9004,0.9,0.90128,0.90192,0.90514,0.90459,0.9055,0.90658,0.0076125,0.0055973,0.13802,0.10147
0.28,0.89689,0.86621,0.881,0.88961,0.89465,0.89955,0.9006,0.9009,0.90087,0.90051,0.90194,0.9023,0.90553,0.90492,0.90575,0.90692,0.0076323,0.0056084,0.1384,0.10167
0.285,0.89738,0.86651,0.88128,0.89017,0.89494,0.90007,0.90089,0.9013,0.90127,0.90136,0.9023,0.90285,0.9062,0.90534,0.90628,0.90723,0.0076531,0.0056197,0.13878,0.10188
0.29,0.89794,0.86685,0.8817,0.89069,0.89549,0.90058,0.90137,0.90178,0.90181,0.90181,0.90266,0.90308,0.90657,0.9058,0.90662,0.90758,0.007674,0.0056302,0.13914,0.10208
0.295,0.89849,0.86716,0.8821,0.89102,0.89606,0.90106,0.90181,0.90223,0.90221,0.90214,0.90308,0.90338,0.90683,0.9063,0.90709,0.90793,0.0076949,0.0056412,0.13953,0.1023
0.3,0.89899,0.86741,0.88255,0.89148,0.89665,0.90179,0.90209,0.90281,0.90255,0.90277,0.90359,0.9037,0.90722,0.90672,0.90746,0.90828,0.0077156,0.0056519,0.13991,0.1025
0.305,0.89943,0.86775,0.88297,0.89192,0.89707,0.90222,0.9028,0.90326,0.90292,0.90333,0.90404,0.9041,0.90771,0.90721,0.90781,0.90898,0.0077373,0.0056631,0.14031,0.10269
0.31,0.89996,0.86823,0.88347,0.89238,0.8976,0.90258,0.90314,0.90383,0.90332,0.9037,0.90467,0.90454,0.90808,0.90767,0.90824,0.9094,0.0077583,0.005674,0.1407,0.10289
0.315,0.90043,0.86862,0.88381,0.89302,0.8983,0.90319,0.9037,0.9042,0.90368,0.9042,0.90508,0.90515,0.90853,0.90818,0.9086,0.90984,0.0077786,0.0056847,0.14109,0.10308
0.32,0.90088,0.86889,0.88431,0.89361,0.89882,0.90364,0.90406,0.90446,0.90409,0.90469,0.90563,0.90576,0.90905,0.90845,0.90881,0.91009,0.0077986,0.0056952,0.14145,0.10327
0.325,0.90137,0.86929,0.8847,0.8941,0.89922,0.90405,0.90466,0.90485,0.9047,0.90508,0.90617,0.90629,0.90938,0.90875,0.90909,0.91037,0.0078186,0.0057054,0.14182,0.10346
0.33,0.90187,0.86971,0.88506,0.8944,0.89986,0.90454,0.90528,0.90515,0.90507,0.9056,0.90688,0.90684,0.90992,0.90914,0.90971,0.91094,0.0078388,0.005716,0.14221,0.10365
0.335,0.90232,0.87,0.88575,0.89498,0.90027,0.90496,0.90598,0.90553,0.90573,0.90583,0.90729,0.9076,0.91026,0.90965,0.91013,0.91125,0.0078593,0.0057264,0.1426,0.10384
0.34,0.90279,0.87025,0.88616,0.89541,0.90053,0.90551,0.90661,0.90592,0.90635,0.90639,0.9078,0.90783,0.91055,0.91008,0.91109,0.9116,0.0078802,0.0057369,0.14297,0.10403
0.345,0.90327,0.8706,0.88668,0.8957,0.90097,0.90588,0.90725,0.9064,0.90661,0.90667,0.90818,0.90809,0.91099,0.91064,0.91156,0.91189,0.007901,0.0057474,0.14334,0.10422
0.35,0.90374,0.87101,0.88696,0.8962,0.90143,0.90622,0.90782,0.9068,0.90703,0.907,0.90841,0.90842,0.91123,0.91103,0.91193,0.91241,0.0079208,0.0057575,0.14371,0.10441
0.355,0.90425,0.87134,0.88737,0.89667,0.9019,0.90668,0.90825,0.90729,0.90742,0.90741,0.90885,0.90905,0.91154,0.91145,0.91246,0.91287,0.0079414,0.0057684,0.14408,0.1046
0.36,0.90476,0.87157,0.88749,0.89727,0.90242,0.90725,0.90869,0.90769,0.90786,0.90791,0.90914,0.90947,0.91196,0.91197,0.91291,0.91331,0.0079621,0.0057788,0.14445,0.10478
0.365,0.90517,0.87187,0.88789,0.89779,0.90276,0.9077,0.9092,0.90804,0.90849,0.90841,0.90961,0.90984,0.91234,0.91215,0.91311,0.91356,0.0079822,0.0057893,0.14481,0.10497
0.37,0.90565,0.87229,0.88838,0.89809,0.90327,0.90806,0.90978,0.90834,0.90891,0.90902,0.90989,0.91023,0.91283,0.91254,0.91352,0.91389,0.0080025,0.0057996,0.14517,0.10516
0.375,0.90614,0.87254,0.8888,0.89865,0.90365,0.90857,0.9107,0.90871,0.90935,0.90955,0.91028,0.91065,0.91309,0.91286,0.91377,0.91412,0.0080233,0.0058097,0.14555,0.10534
0.38,0.90658,0.87287,0.88923,0.89899,0.90431,0.90895,0.91098,0.90924,0.90969,0.90997,0.91075,0.91111,0.91366,0.9132,0.91418,0.91476,0.0080436,0.00582,0.14593,0.10553
0.385,0.90708,0.87324,0.8899,0.89929,0.90469,0.90922,0.91146,0.90971,0.90999,0.91047,0.91125,0.91153,0.91417,0.91358,0.91465,0.91515,0.0080635,0.0058298,0.14631,0.10572
0.39,0.90754,0.87374,0.89019,0.89976,0.90506,0.90951,0.91181,0.91019,0.91036,0.91106,0.91191,0.91219,0.91457,0.9138,0.91517,0.91562,0.0080843,0.0058397,0.14668,0.10589
0.395,0.90795,0.87394,0.89055,0.90019,0.90549,0.90996,0.91245,0.91063,0.91064,0.91136,0.91227,0.91245,0.91488,0.91422,0.91559,0.91601,0.0081046,0.0058499,0.14703,0.10607
0.4,0.90837,0.87437,0.89094,0.90058,0.90607,0.91038,0.91265,0.911,0.91101,0.91183,0.91263,0.91287,0.91522,0.91463,0.91605,0.91647,0.008124,0.0058598,0.14742,0.10625
0.405,0.90883,0.8748,0.89124,0.90092,0.90664,0.91095,0.91297,0.91137,0.91136,0.91218,0.91294,0.91316,0.9155,0.91533,0.91648,0.9169,0.0081449,0.0058702,0.14779,0.10642
0.41,0.90928,0.87525,0.89151,0.90143,0.90732,0.91145,0.91331,0.91168,0.91216,0.91252,0.9133,0.91361,0.91593,0.91567,0.91691,0.91758,0.0081654,0.0058805,0.14814,0.1066
0.415,0.90975,0.87558,0.892,0.90199,0.90783,0.91204,0.91375,0.91202,0.91265,0.91315,0.91374,0.91389,0.91622,0.91604,0.91748,0.91788,0.0081861,0.0058902,0.14853,0.10679
0.42,0.91018,0.87603,0.89244,0.90246,0.90821,0.91258,0.91416,0.91248,0.91313,0.91387,0.9141,0.91443,0.9167,0.91639,0.91793,0.91844,0.0082063,0.0059,0.14891,0.10697
0.425,0.91068,0.87633,0.89293,0.90283,0.90867,0.91311,0.91449,0.91313,0.91355,0.9143,0.91459,0.91489,0.91718,0.91669,0.91849,0.91892,0.0082275,0.0059096,0.14927,0.10716
0.43,0.91114,0.8768,0.89346,0.90369,0.90923,0.9136,0.91502,0.91367,0.91389,0.91481,0.91483,0.91527,0.91787,0.91702,0.91893,0.91913,0.0082481,0.0059193,0.14964,0.10734
0.435,0.91159,0.87712,0.89385,0.90414,0.90954,0.9141,0.91539,0.91417,0.91424,0.91546,0.91519,0.9156,0.91829,0.91749,0.91913,0.91977,0.0082675,0.0059287,0.15002,0.10751
0.44,0.91204,0.87746,0.89433,0.9048,0.90998,0.91468,0.91571,0.91462,0.91467,0.91568,0.91548,0.91608,0.91859,0.9178,0.91951,0.91998,0.0082884,0.0059389,0.15041,0.10769
0.445,0.91247,0.87779,0.89467,0.90522,0.91055,0.9153,0.91617,0.91513,0.91529,0.91608,0.91611,0.91637,0.91913,0.91834,0.91993,0.92045,0.0083096,0.0059486,0.15079,0.10788
0.45,0.91292,0.87822,0.89557,0.90576,0.91101,0.91587,0.91658,0.91567,0.91554,0.91671,0.91658,0.91681,0.91966,0.91866,0.9203,0.92066,0.00833,0.0059587,0.15117,0.10805
0.455,0.91332,0.87853,0.89591,0.90628,0.91135,0.91632,0.9168,0.9162,0.91579,0.91709,0.91695,0.91725,0.91995,0.91902,0.92075,0.92102,0.008351,0.0059691,0.15155,0.10823
0.46,0.91376,0.87881,0.89632,0.90691,0.91173,0.91683,0.91734,0.91657,0.91606,0.91757,0.9173,0.91782,0.92066,0.91937,0.92112,0.9214,0.008371,0.0059791,0.15193,0.10842
0.465,0.91421,0.87921,0.8967,0.90763,0.91223,0.91731,0.91783,0.9168,0.91651,0.91819,0.91771,0.91817,0.92099,0.91988,0.92149,0.92179,0.0083925,0.0059889,0.15228,0.10859
0.47,0.91466,0.8796,0.89704,0.90805,0.91245,0.91778,0.91834,0.91733,0.91721,0.91848,0.91804,0.9185,0.92158,0.9202,0.92187,0.92216,0.0084145,0.0059988,0.15267,0.10877
0.475,0.91516,0.88,0.89761,0.90855,0.91295,0.91831,0.91906,0.9179,0.91759,0.91893,0.91838,0.91903,0.92185,0.92067,0.92226,0.92253,0.0084352,0.006009,0.15306,0.10896
0.48,0.91556,0.88036,0.89792,0.90928,0.91335,0.91868,0.91954,0.91852,0.91811,0.91936,0.91888,0.9194,0.92207,0.92092,0.92257,0.92279,0.0084563,0.006019,0.15344,0.10914
0.485,0.916,0.88087,0.89865,0.90987,0.91377,0.91918,0.91994,0.91894,0.91865,0.91973,0.9193,0.91983,0.92257,0.92152,0.92295,0.92303,0.0084776,0.0060291,0.15383,0.10932
0.49,0.91648,0.88145,0.89914,0.91046,0.91412,0.91976,0.92039,0.91924,0.91913,0.91999,0.91975,0.9202,0.92277,0.92187,0.92338,0.92332,0.0084996,0.0060398,0.15423,0.1095
0.495,0.9169,0.88191,0.89951,0.91085,0.9145,0.92027,0.92066,0.9198,0.91975,0.92044,0.92017,0.92063,0.92318,0.9223,0.92386,0.92383,0.0085219,0.0060497,0.15463,0.10968
0.5,0.9174,0.88238,0.9,0.91135,0.91492,0.92088,0.92103,0.92018,0.92018,0.92095,0.92061,0.92126,0.92364,0.92263,0.92405,0.92424,0.0085429,0.0060595,0.15502,0.10986
0.505,0.91789,0.88263,0.90041,0.91179,0.9153,0.92161,0.92158,0.92055,0.9206,0.92143,0.92097,0.92164,0.92395,0.92297,0.92451,0.92448,0.0085648,0.0060695,0.15541,0.11004
0.51,0.91843,0.88297,0.90082,0.91211,0.91582,0.92203,0.92188,0.92111,0.92111,0.92185,0.92139,0.92214,0.92427,0.92343,0.92493,0.92483,0.0085866,0.0060795,0.15581,0.11022
0.515,0.91892,0.88335,0.90137,0.91257,0.91631,0.9225,0.92232,0.9215,0.92151,0.9223,0.92175,0.92254,0.92462,0.92374,0.92519,0.92501,0.0086087,0.006089,0.15623,0.11041
0.52,0.9193,0.88388,0.90179,0.91293,0.91678,0.9229,0.92275,0.92183,0.92186,0.92277,0.92235,0.92298,0.92503,0.92402,0.92552,0.92552,0.0086311,0.0060989,0.15665,0.1106
0.525,0.91981,0.8843,0.90228,0.91353,0.91724,0.9234,0.92309,0.92227,0.92234,0.92361,0.92263,0.9234,0.9256,0.92451,0.92584,0.92579,0.0086545,0.0061095,0.15705,0.11078
0.53,0.92024,0.88489,0.90304,0.9139,0.9179,0.92387,0.92357,0.92282,0.92282,0.92401,0.92303,0.92379,0.92581,0.92481,0.9263,0.92639,0.0086767,0.0061195,0.15745,0.11096
0.535,0.92069,0.88563,0.90351,0.91458,0.9183,0.92417,0.92397,0.92332,0.92323,0.9244,0.92333,0.92416,0.92638,0.92519,0.92661,0.92679,0.0086994,0.0061291,0.15784,0.11115
0.54,0.92116,0.88598,0.90389,0.91529,0.91869,0.92485,0.92446,0.92377,0.92367,0.92482,0.9236,0.92468,0.92669,0.92568,0.92694,0.9272,0.008722,0.0061395,0.15828,0.11134
0.545,0.92167,0.88645,0.9047,0.91578,0.91912,0.92551,0.92487,0.92428,0.92404,0.92523,0.92414,0.92494,0.92708,0.92598,0.92761,0.92738,0.0087448,0.00615,0.1587,0.11152
0.55,0.92208,0.88687,0.90503,0.91632,0.91948,0.92598,0.92538,0.92466,0.92453,0.92555,0.92491,0.92511,0.92731,0.92647,0.92782,0.92783,0.0087681,0.0061606,0.1591,0.11172
0.555,0.92253,0.88738,0.90537,0.91679,0.92008,0.92654,0.92611,0.92514,0.92486,0.92592,0.92535,0.92551,0.92782,0.92698,0.9282,0.92831,0.0087905,0.0061707,0.15953,0.1119
0.56,0.92295,0.88772,0.90578,0.91719,0.92061,0.92732,0.92648,0.92564,0.92526,0.9263,0.92592,0.92588,0.92821,0.92735,0.92857,0.92877,0.0088143,0.0061811,0.15994,0.11209
0.565,0.92341,0.88822,0.90625,0.91749,0.92124,0.92796,0.92676,0.92608,0.92572,0.92686,0.92629,0.92624,0.92892,0.92796,0.92898,0.92903,0.0088381,0.0061914,0.16038,0.11228
0.57,0.9239,0.88882,0.90658,0.91804,0.92192,0.92821,0.92718,0.92657,0.92635,0.92723,0.92679,0.92675,0.92942,0.92841,0.92923,0.92931,0.0088609,0.0062017,0.16082,0.11246
0.575,0.92429,0.88919,0.90706,0.91882,0.9224,0.92861,0.92784,0.92686,0.92686,0.92764,0.92715,0.92698,0.9298,0.92874,0.9297,0.92965,0.0088855,0.0062125,0.16127,0.11265
0.58,0.92479,0.88974,0.90734,0.91922,0.92278,0.92917,0.92827,0.92706,0.92735,0.928,0.92754,0.92737,0.93013,0.92948,0.93015,0.92999,0.0089098,0.0062226,0.16171,0.11284
0.585,0.92525,0.89019,0.90778,0.91964,0.92322,0.92975,0.92856,0.92755,0.92773,0.92841,0.92783,0.9279,0.93063,0.92994,0.93061,0.93049,0.0089343,0.0062331,0.16216,0.11303
0.59,0.92572,0.89061,0.90815,0.92009,0.92394,0.93027,0.92909,0.92787,0.92813,0.92889,0.92827,0.92867,0.93099,0.93027,0.9312,0.9308,0.0089578,0.0062436,0.1626,0.11323
0.595,0.92621,0.89106,0.90863,0.92048,0.92444,0.93086,0.92957,0.92831,0.92856,0.92958,0.92873,0.92924,0.93154,0.93062,0.93175,0.93111,0.0089822,0.006254,0.16302,0.11342
0.6,0.9267,0.89166,0.90918,0.92097,0.92514,0.93151,0.92996,0.92877,0.92925,0.93013,0.92913,0.92945,0.93201,0.93103,0.93208,0.93165,0.0090073,0.0062647,0.16347,0.11363
0.605,0.92712,0.89235,0.90972,0.92159,0.92567,0.93182,0.93042,0.92913,0.92962,0.93052,0.92949,0.92991,0.93259,0.93146,0.93241,0.93193,0.0090323,0.0062754,0.16392,0.11382
0.61,0.92758,0.89342,0.91019,0.9221,0.92609,0.93232,0.93129,0.92977,0.93007,0.93101,0.92985,0.93034,0.93291,0.93196,0.9326,0.93224,0.009058,0.0062863,0.1644,0.11401
0.615,0.92805,0.8941,0.91049,0.92241,0.92659,0.93262,0.93165,0.93052,0.93047,0.93155,0.93041,0.93075,0.93341,0.93244,0.93319,0.93262,0.0090845,0.006297,0.16485,0.1142
0.62,0.92856,0.89448,0.91103,0.92285,0.92687,0.93296,0.93214,0.93107,0.93089,0.93197,0.93074,0.93124,0.93395,0.93283,0.93335,0.93327,0.0091098,0.0063085,0.16532,0.11441
0.625,0.92908,0.8949,0.91199,0.9234,0.92752,0.93349,0.93257,0.93153,0.9314,0.93239,0.9311,0.93154,0.9345,0.93318,0.93393,0.93365,0.0091354,0.0063195,0.1658,0.11461
0.63,0.92956,0.89551,0.9125,0.9241,0.92802,0.93398,0.93296,0.93202,0.93191,0.93287,0.93185,0.9319,0.93498,0.93362,0.93456,0.93394,0.0091604,0.0063305,0.16627,0.1148
0.635,0.93007,0.89585,0.91294,0.92461,0.92853,0.93456,0.93361,0.93247,0.93224,0.93323,0.93234,0.93246,0.93558,0.93395,0.93498,0.93445,0.0091867,0.0063417,0.16675,0.11501
0.64,0.93059,0.89651,0.9134,0.925,0.92925,0.93492,0.9341,0.93316,0.93271,0.93391,0.93305,0.93307,0.93598,0.93442,0.93529,0.93521,0.009214,0.006353,0.16723,0.11522
0.645,0.93108,0.89712,0.91398,0.92549,0.92951,0.93538,0.93468,0.93386,0.93339,0.93424,0.93355,0.93348,0.9364,0.93517,0.93576,0.93555,0.0092423,0.006364,0.16771,0.11543
0.65,0.93165,0.89769,0.91456,0.92615,0.93013,0.93612,0.93522,0.93448,0.93392,0.93463,0.93405,0.93411,0.93723,0.93558,0.93606,0.93589,0.0092697,0.0063754,0.16819,0.11564
0.655,0.93212,0.89847,0.91503,0.92689,0.93068,0.93653,0.93586,0.93494,0.93435,0.93527,0.93458,0.93444,0.93763,0.93616,0.93637,0.93627,0.0092988,0.0063867,0.1687,0.11584
0.66,0.93261,0.89903,0.91549,0.92722,0.93112,0.93686,0.93619,0.93535,0.93493,0.93585,0.93514,0.93485,0.93793,0.93673,0.93663,0.93686,0.0093275,0.0063979,0.16921,0.11605
0.665,0.93318,0.90015,0.91587,0.92769,0.93187,0.93771,0.93677,0.93576,0.93558,0.93629,0.93562,0.93528,0.93851,0.93723,0.93703,0.93734,0.0093563,0.0064099,0.16973,0.11626
0.67,0.93372,0.9008,0.91643,0.92817,0.93233,0.93838,0.93729,0.9365,0.93602,0.93663,0.93608,0.93563,0.93892,0.9377,0.93734,0.93777,0.0093866,0.0064214,0.17026,0.11647
0.675,0.93426,0.90159,0.91694,0.92865,0.93307,0.93919,0.93779,0.93712,0.93671,0.93726,0.93657,0.93616,0.93937,0.93804,0.93797,0.93842,0.0094157,0.0064336,0.17078,0.11669
0.68,0.93485,0.90213,0.91765,0.92905,0.93352,0.93986,0.93828,0.93762,0.93714,0.93783,0.93711,0.9366,0.93992,0.93844,0.93844,0.93867,0.0094443,0.0064457,0.17129,0.11689
0.685,0.93538,0.90252,0.91848,0.92989,0.93429,0.94022,0.93874,0.93822,0.9379,0.93832,0.93764,0.93723,0.94048,0.93881,0.93916,0.93936,0.0094729,0.0064582,0.17184,0.11711
0.69,0.93593,0.90311,0.91923,0.93063,0.9347,0.94062,0.93926,0.93886,0.93842,0.93895,0.93817,0.93778,0.94088,0.93932,0.93962,0.93992,0.0095047,0.0064706,0.1724,0.11733
0.695,0.93644,0.90372,0.91982,0.9312,0.93537,0.94106,0.93968,0.93931,0.9388,0.93932,0.93882,0.93813,0.94125,0.93999,0.94022,0.94063,0.0095368,0.0064828,0.17294,0.11756
0.7,0.93699,0.90434,0.92025,0.93172,0.93609,0.94194,0.94013,0.93978,0.93923,0.93975,0.93955,0.93862,0.94169,0.94048,0.9408,0.94133,0.0095697,0.006495,0.17352,0.11777
0.705,0.93761,0.90499,0.92099,0.93226,0.93664,0.94226,0.94083,0.94047,0.93995,0.94013,0.93996,0.93912,0.94202,0.94102,0.94149,0.94153,0.009602,0.0065077,0.17409,0.118
0.71,0.93813,0.90573,0.92154,0.93292,0.93723,0.94267,0.94141,0.94124,0.94043,0.94074,0.94059,0.93946,0.9425,0.94156,0.94199,0.9419,0.0096356,0.0065198,0.17467,0.11823
0.715,0.9387,0.90654,0.92222,0.93376,0.93784,0.94329,0.94193,0.94192,0.94073,0.9411,0.94109,0.93982,0.94284,0.94201,0.94266,0.94244,0.009669,0.0065331,0.17525,0.11846
0.72,0.93928,0.90715,0.923,0.93455,0.93843,0.94386,0.94267,0.94272,0.94103,0.94159,0.94175,0.94058,0.94344,0.94257,0.94294,0.94317,0.0097025,0.0065456,0.17587,0.1187
0.725,0.93987,0.90777,0.92349,0.93517,0.93882,0.94446,0.94334,0.94327,0.94146,0.94216,0.94248,0.94137,0.94399,0.9432,0.94351,0.94353,0.0097358,0.0065588,0.17648,0.11894
0.73,0.9405,0.9084,0.92401,0.93583,0.93956,0.94498,0.94397,0.9438,0.94206,0.94253,0.94293,0.94176,0.94448,0.94387,0.94389,0.94388,0.0097691,0.0065718,0.1771,0.11917
0.735,0.94104,0.9093,0.92485,0.93643,0.94003,0.94576,0.94439,0.94429,0.94267,0.94315,0.94357,0.94232,0.94496,0.94448,0.94447,0.94441,0.0098025,0.0065853,0.1777,0.11942
0.74,0.94162,0.91013,0.92543,0.93698,0.94074,0.9462,0.94505,0.94492,0.94332,0.94366,0.94433,0.94289,0.94539,0.94504,0.94508,0.94508,0.0098365,0.0065987,0.17835,0.11967
0.745,0.94221,0.91081,0.92615,0.93773,0.94104,0.94685,0.94571,0.94556,0.94387,0.94445,0.94494,0.94351,0.94617,0.94549,0.94556,0.94577,0.009872,0.0066122,0.17897,0.11991
0.75,0.94285,0.91166,0.92701,0.93822,0.94183,0.94734,0.94614,0.94606,0.9444,0.94513,0.94552,0.94393,0.94655,0.9466,0.94638,0.94651,0.0099086,0.0066256,0.17963,0.12016
0.755,0.94349,0.91215,0.92756,0.93924,0.94222,0.9478,0.94685,0.94669,0.94505,0.94562,0.94601,0.94449,0.947,0.94699,0.94725,0.94704,0.009946,0.0066394,0.18027,0.12042
0.76,0.94406,0.91298,0.92838,0.93978,0.94303,0.94866,0.94767,0.94727,0.94533,0.94638,0.94649,0.94555,0.94766,0.94755,0.9477,0.94751,0.0099847,0.0066536,0.18092,0.12067
0.765,0.94472,0.91385,0.92961,0.94097,0.94364,0.9495,0.94849,0.94774,0.94583,0.94711,0.9472,0.94608,0.94804,0.9479,0.94798,0.94828,0.010023,0.0066676,0.18164,0.12093
0.77,0.94534,0.91436,0.93062,0.94138,0.94459,0.95035,0.94934,0.94869,0.94618,0.94768,0.94761,0.94685,0.94894,0.94859,0.94835,0.94872,0.010058,0.0066826,0.18232,0.12119
0.775,0.94601,0.91494,0.93168,0.94217,0.94497,0.95113,0.94977,0.94925,0.94692,0.94817,0.94804,0.9476,0.9496,0.94936,0.94889,0.94906,0.010098,0.0066974,0.18303,0.12145
0.78,0.9467,0.91574,0.93248,0.94311,0.94583,0.95159,0.95061,0.94975,0.94763,0.94887,0.94882,0.94816,0.95015,0.94991,0.94959,0.94944,0.01014,0.006713,0.18375,0.12172
0.785,0.94743,0.91657,0.93344,0.94384,0.94616,0.9521,0.95169,0.95047,0.94818,0.94969,0.94941,0.94864,0.95084,0.95037,0.9501,0.94989,0.010181,0.006728,0.1845,0.122
0.79,0.94797,0.91726,0.93433,0.94452,0.94696,0.95295,0.95245,0.9514,0.94884,0.95033,0.95017,0.94929,0.95127,0.95088,0.95055,0.95055,0.010221,0.0067434,0.18525,0.12229
0.795,0.94866,0.91801,0.93535,0.94518,0.94788,0.95379,0.95332,0.95191,0.94938,0.95094,0.95101,0.94978,0.95175,0.95143,0.95164,0.951,0.010263,0.0067596,0.18602,0.12258
0.8,0.94937,0.91892,0.93602,0.94651,0.94847,0.95433,0.95398,0.95255,0.95046,0.95152,0.95135,0.95083,0.95249,0.95193,0.95204,0.95189,0.010307,0.0067756,0.18677,0.12287
0.805,0.94997,0.9195,0.93678,0.94719,0.94925,0.95523,0.95456,0.95326,0.95107,0.95205,0.95168,0.95152,0.95337,0.95255,0.95263,0.95221,0.010349,0.0067919,0.18757,0.12316
0.81,0.95086,0.92022,0.93762,0.94817,0.94991,0.95579,0.95533,0.95388,0.95197,0.95299,0.95215,0.95227,0.95388,0.95311,0.95301,0.95282,0.010392,0.0068082,0.18839,0.12345
0.815,0.95155,0.92118,0.93864,0.94909,0.95068,0.95645,0.95578,0.95462,0.95269,0.95352,0.95295,0.9528,0.9545,0.95412,0.95345,0.95344,0.010438,0.0068245,0.18924,0.12375
0.82,0.95219,0.92214,0.93967,0.94974,0.95142,0.95705,0.95629,0.95527,0.95324,0.95414,0.95379,0.95351,0.95535,0.95474,0.95413,0.9544,0.010485,0.0068416,0.19012,0.12407
0.825,0.95294,0.92285,0.94037,0.95096,0.952,0.95742,0.95704,0.95573,0.95367,0.9549,0.95436,0.95409,0.95603,0.95535,0.95459,0.95513,0.010536,0.0068597,0.19102,0.12439
0.83,0.95365,0.92371,0.94148,0.95213,0.95281,0.95846,0.9577,0.95677,0.95466,0.95609,0.9549,0.9548,0.95679,0.95588,0.95533,0.95561,0.010587,0.0068781,0.19191,0.12472
0.835,0.95444,0.9249,0.94252,0.95296,0.95364,0.95928,0.95841,0.95748,0.95552,0.95723,0.9554,0.95616,0.95727,0.95689,0.95614,0.95602,0.01064,0.0068961,0.1929,0.12505
0.84,0.95527,0.92638,0.94339,0.95357,0.95441,0.96052,0.95928,0.95842,0.95639,0.95776,0.95638,0.95676,0.95836,0.95741,0.95708,0.95663,0.010693,0.0069147,0.19387,0.12539
0.845,0.95602,0.92689,0.94427,0.95425,0.95546,0.96109,0.96059,0.95894,0.9569,0.95847,0.95691,0.95763,0.95909,0.95813,0.95748,0.95727,0.010745,0.0069335,0.19491,0.12577
0.85,0.95686,0.9281,0.94549,0.95503,0.95653,0.96203,0.96144,0.95966,0.95782,0.9596,0.95749,0.95793,0.96028,0.95884,0.95869,0.95782,0.010801,0.0069538,0.19587,0.12612
0.855,0.95757,0.92946,0.94652,0.95626,0.95755,0.96285,0.96205,0.96029,0.95846,0.9603,0.95837,0.95861,0.96085,0.95969,0.95941,0.95838,0.010858,0.0069741,0.1969,0.12649
0.86,0.95845,0.93052,0.94716,0.95686,0.95832,0.96397,0.96278,0.96126,0.95925,0.96114,0.95898,0.95945,0.96172,0.96038,0.96034,0.95908,0.010918,0.0069957,0.19794,0.12687
0.865,0.95932,0.93164,0.94801,0.95797,0.95931,0.96467,0.96376,0.96188,0.96008,0.96178,0.95988,0.96043,0.96263,0.96102,0.9616,0.95974,0.010978,0.0070161,0.19909,0.12725
0.87,0.96027,0.93298,0.94851,0.95909,0.96016,0.96579,0.96459,0.96251,0.96095,0.96257,0.96049,0.96134,0.96323,0.96174,0.9623,0.96058,0.011043,0.0070392,0.20028,0.12764
0.875,0.96115,0.93395,0.94953,0.95982,0.96084,0.96663,0.96535,0.96346,0.96181,0.96336,0.96178,0.96217,0.96368,0.96244,0.96312,0.96157,0.011108,0.0070617,0.20146,0.12805
0.88,0.96207,0.93523,0.95063,0.96073,0.96171,0.96754,0.96594,0.9643,0.96295,0.96418,0.96277,0.963,0.96438,0.96341,0.96398,0.96258,0.011176,0.0070859,0.20272,0.12848
0.885,0.96295,0.93654,0.95219,0.96138,0.96246,0.9682,0.96705,0.96539,0.96344,0.96522,0.96388,0.96342,0.96555,0.96443,0.96486,0.9634,0.011248,0.0071113,0.20396,0.12892
0.89,0.96389,0.93777,0.95282,0.96212,0.96377,0.96892,0.96762,0.96628,0.96422,0.96618,0.96438,0.96433,0.9661,0.96513,0.96558,0.96408,0.01132,0.0071387,0.20533,0.1294
0.895,0.96478,0.93898,0.9542,0.96269,0.96521,0.96956,0.96847,0.96724,0.96481,0.96674,0.96559,0.96546,0.96679,0.96595,0.96637,0.96472,0.011398,0.0071649,0.20676,0.1299
0.9,0.96577,0.94052,0.95571,0.9641,0.9663,0.97061,0.96911,0.96832,0.96592,0.96762,0.96635,0.96632,0.96749,0.96698,0.96717,0.96545,0.011481,0.0071921,0.20825,0.13042
0.905,0.96679,0.9413,0.95645,0.96547,0.96736,0.97156,0.97013,0.96923,0.96669,0.96866,0.96735,0.96713,0.96842,0.96772,0.9678,0.96666,0.011568,0.0072207,0.20976,0.13094
0.91,0.96772,0.94278,0.958,0.96651,0.9686,0.97228,0.97107,0.97029,0.96795,0.96958,0.96861,0.96863,0.96936,0.96839,0.96896,0.96738,0.011657,0.0072519,0.21142,0.13153
0.915,0.96873,0.94422,0.96015,0.96775,0.97031,0.97314,0.9718,0.97125,0.96914,0.97036,0.96937,0.96946,0.97031,0.96938,0.96997,0.96816,0.011752,0.0072842,0.21317,0.13211
0.92,0.96976,0.94543,0.96182,0.9686,0.97126,0.97383,0.97283,0.9723,0.97018,0.97113,0.97015,0.97092,0.97133,0.97042,0.97072,0.96885,0.011851,0.0073197,0.21501,0.1327
0.925,0.97094,0.9471,0.96315,0.97011,0.97268,0.97459,0.97441,0.97376,0.97145,0.97196,0.9715,0.97215,0.97218,0.97141,0.97143,0.96948,0.011957,0.0073549,0.2169,0.13338
0.93,0.97199,0.94833,0.96454,0.97113,0.97369,0.97586,0.97597,0.97467,0.97255,0.9731,0.97271,0.9729,0.97337,0.97218,0.97289,0.97067,0.012071,0.0073953,0.21896,0.13407
0.935,0.9733,0.95057,0.96573,0.97264,0.97469,0.97773,0.97702,0.97591,0.97375,0.9742,0.9738,0.9738,0.9743,0.97325,0.97408,0.97151,0.012198,0.0074357,0.22116,0.13479
0.94,0.97441,0.95276,0.96743,0.97396,0.97628,0.97901,0.97774,0.97674,0.97461,0.97515,0.97513,0.97424,0.97551,0.97457,0.97485,0.97314,0.012333,0.0074791,0.22358,0.13562
0.945,0.97568,0.9549,0.96845,0.97548,0.9774,0.98022,0.97851,0.97807,0.97635,0.97583,0.97588,0.97556,0.97629,0.97565,0.97615,0.97449,0.01247,0.007526,0.22617,0.13648
0.95,0.97702,0.95704,0.97165,0.97737,0.97916,0.98161,0.9798,0.97915,0.97737,0.97669,0.97745,0.9764,0.97765,0.97715,0.97769,0.97584,0.012627,0.0075801,0.22888,0.1375
0.955,0.97859,0.95828,0.97416,0.9783,0.98036,0.98366,0.98104,0.98026,0.97821,0.97824,0.9792,0.97751,0.97913,0.97934,0.97927,0.97767,0.012794,0.0076383,0.23201,0.13855
0.96,0.98016,0.96088,0.975,0.98025,0.9818,0.98482,0.98201,0.98229,0.97966,0.97947,0.98059,0.97982,0.9804,0.98045,0.97998,0.97938,0.012979,0.0077019,0.23552,0.13976
0.965,0.98179,0.9643,0.97839,0.9829,0.98362,0.98659,0.98333,0.98377,0.98202,0.98062,0.9816,0.98151,0.98183,0.98178,0.98231,0.98038,0.013201,0.0077744,0.23944,0.14102
0.97,0.98351,0.96684,0.98136,0.9847,0.9857,0.9877,0.98657,0.98514,0.98328,0.98254,0.98282,0.98301,0.98305,0.98376,0.98422,0.98161,0.013456,0.007855,0.2439,0.14246
0.975,0.98549,0.96937,0.98283,0.98643,0.98889,0.99047,0.98814,0.98987,0.98529,0.98424,0.98486,0.98475,0.98488,0.9855,0.98589,0.98257,0.013739,0.007957,0.24921,0.14421
0.98,0.98809,0.97257,0.98881,0.99045,0.9931,0.99304,0.99092,0.99207,0.98718,0.98702,0.98652,0.98694,0.98904,0.98745,0.98798,0.9843,0.014095,0.0080801,0.25568,0.14642
0.985,0.99186,0.97732,0.99322,0.99304,0.9967,0.9947,0.994,0.99612,0.98942,0.99103,0.98831,0.99024,0.99445,0.99041,0.9913,0.98594,0.014563,0.0082346,0.26423,0.14923
0.99,0.99704,0.98557,0.99751,0.99808,1.0001,0.99913,0.99814,1.0007,0.99581,0.99497,0.99436,0.99214,0.99892,0.99482,0.99794,0.99078,0.015225,0.0084494,0.27601,0.15328
0.995,1.0031,0.99468,1.0055,1.003,1.0048,1.0039,1.0025,1.0074,1.0031,1.0033,1.0014,0.99962,1.0055,1.0054,1.0016,0.9952,0.016482,0.0088233,0.29935,0.16002
