k,dflash_draft_int8_row_greedy,dflash_draft_int8_row_gumbel_t1.0,dflash_draft_int8_g128_greedy,dflash_draft_int8_g128_gumbel_t1.0,dflash_draft_int8_g32_greedy,dflash_draft_int8_g32_gumbel_t1.0,dflash_draft_fp8_row_greedy,dflash_draft_fp8_row_gumbel_t1.0,dflash_draft_int4_g32_greedy,dflash_draft_int4_g32_gumbel_t1.0,dflash_draft_int4_g128_greedy,dflash_draft_int4_g128_gumbel_t1.0,dflash_verify_int8_row_greedy,dflash_verify_int8_row_gumbel_t1.0,dflash_verify_int8_g128_greedy,dflash_verify_int8_g128_gumbel_t1.0,dflash_verify_int8_g32_greedy,dflash_verify_int8_g32_gumbel_t1.0,dflash_verify_fp8_row_greedy,dflash_verify_fp8_row_gumbel_t1.0,dflash_verify_int4_g32_greedy,dflash_verify_int4_g32_gumbel_t1.0,dflash_verify_int4_g128_greedy,dflash_verify_int4_g128_gumbel_t1.0
1,1,1,1,1,1,1,1,1,1,1,1,1,1,1,1,1,1,1,1,1,1,1,1,1
2,0.58408,0.400498,0.468905,0.288308,0.415174,0.247512,0.757711,0.697015,0.956468,0.965423,0.980846,0.984826,0.5865,0.57675,0.47025,0.46175,0.4125,0.41325,0.7735,0.78225,0.99975,1,1,1
3,0.414428,0.178109,0.253731,0.0957711,0.197264,0.0726368,0.661443,0.522388,0.931841,0.94403,0.964925,0.973632,0.4285,0.40075,0.2755,0.26075,0.2225,0.20875,0.705,0.71025,0.9995,0.9995,1,1
4,0.298259,0.0868159,0.136567,0.0358209,0.0920398,0.0223881,0.589055,0.404975,0.908706,0.924876,0.952985,0.96194,0.325,0.29875,0.16975,0.15675,0.12275,0.11625,0.664,0.66625,0.99875,0.99825,1,1
5,0.205721,0.0378109,0.0689055,0.0104478,0.0370647,0.00597015,0.527861,0.313682,0.891542,0.910448,0.940547,0.95398,0.24925,0.2255,0.108,0.10225,0.06825,0.06575,0.633,0.63275,0.99725,0.99775,1,1
6,0.131592,0.0199005,0.0313433,0.00472637,0.0159204,0.00248756,0.477612,0.254229,0.878856,0.898756,0.929104,0.946517,0.188,0.169,0.06675,0.06325,0.03825,0.03575,0.60675,0.60325,0.996,0.9955,1,1
8,0.0447761,0.00472637,0.00572139,0.00149254,0.00248756,0.000497512,0.398756,0.170398,0.855721,0.875622,0.910945,0.935075,0.107,0.1005,0.0315,0.0305,0.01325,0.013,0.5515,0.5555,0.99325,0.993,1,0.9995
12,0.00597015,0.000497512,0.000248756,0,0,0,0.252239,0.0741294,0.813433,0.837313,0.885572,0.909204,0.03725,0.03775,0.00825,0.00475,0.00325,0.0015,0.4825,0.47425,0.98375,0.987,1,0.99925
16,0,0,0,0,0,0,0.152985,0.0320896,0.784328,0.806965,0.864925,0.891294,0.0175,0.0125,0.00175,0.0015,0.00025,0,0.426,0.41775,0.96875,0.976,0.9995,0.99875
24,0,0,0,0,0,0,0.0442786,0.00820896,0.744279,0.764925,0.831095,0.864925,0.004,0.002,0,0,0,0,0.33925,0.33075,0.9505,0.95525,0.9955,0.99625
32,0,0,0,0,0,0,0.0174129,0.00248756,0.717662,0.731095,0.805721,0.84005,0.0005,0.00025,0,0,0,0,0.27525,0.26225,0.93625,0.94475,0.9935,0.99375
64,0,0,0,0,0,0,0.000995025,0,0.649751,0.626368,0.74204,0.773881,0,0,0,0,0,0,0.1305,0.12325,0.89725,0.91675,0.97925,0.98725
128,0,0,0,0,0,0,0,0,0.575871,0.49005,0.689055,0.691791,0,0,0,0,0,0,0.0385,0.036,0.86225,0.8875,0.961,0.97575
256,0,0,0,0,0,0,0,0,0.476119,0.310697,0.621393,0.585572,0,0,0,0,0,0,0.00875,0.0065,0.8355,0.86175,0.94575,0.9595
1024,0,0,0,0,0,0,0,0,0.163184,0.0328358,0.434328,0.254975,0,0,0,0,0,0,0,0,0.784,0.80525,0.90475,0.92675
4096,0,0,0,0,0,0,0,0,0.0126866,0,0.148756,0.0196517,0,0,0,0,0,0,0,0,0.731,0.7485,0.8665,0.882
16384,0,0,0,0,0,0,0,0,0.00422886,0,0.0333333,0,0,0,0,0,0,0,0,0,0.6625,0.67,0.817,0.83025
65536,0,0,0,0,0,0,0,0,0.000497512,0,0.00845771,0,0,0,0,0,0,0,0,0,0.55075,0.506,0.762,0.75525
248320,0,0,0,0,0,0,0,0,0,0,0,0,0,0,0,0,0,0,0,0,0,0,0.0685,0.004
