set,head,envelope,gamma,decision,mean,median,p90,p99,max,frac_le1,frac_le8,frac_le32,frac_le128,approx_pass_bytes_frac,total_bytes_frac_bs1
dflash_verify,int8_row,row_cs,tensor_core,greedy,3.4395,2.0,8.0,19.0,33.0,0.4135,0.91875,0.99975,1.0,0.501953,0.501967
dflash_verify,int8_row,row_cs,tensor_core,gumbel_t1.0,3.2615,2.0,8.0,17.0,44.0,0.42325,0.922,0.99975,1.0,0.501953,0.501966
dflash_verify,int8_row,row_cs,tensor_core,gumbel_t0.7,3.33925,2.0,8.0,17.0,53.0,0.4215,0.917,0.99975,1.0,0.501953,0.501967
dflash_verify,int8_row,row_cs,fp32_tree,greedy,3.1855,2.0,7.0,16.0,29.0,0.4295,0.93425,1.0,1.0,0.501953,0.501966
dflash_verify,int8_row,row_cs,fp32_tree,gumbel_t1.0,3.0245,2.0,7.0,15.0,38.0,0.44125,0.93525,0.99975,1.0,0.501953,0.501965
dflash_verify,int8_row,row_cs,fp32_tree,gumbel_t0.7,3.102,2.0,7.0,15.0,49.0,0.43425,0.93475,0.99975,1.0,0.501953,0.501966
dflash_verify,int8_row,block_l2,tensor_core,greedy,3.317,2.0,7.0,18.0,31.0,0.42175,0.926,1.0,1.0,0.508984,0.508998
dflash_verify,int8_row,block_l2,tensor_core,gumbel_t1.0,3.1405,2.0,7.0,16.0,42.0,0.43325,0.92925,0.99975,1.0,0.508984,0.508997
dflash_verify,int8_row,block_l2,tensor_core,gumbel_t0.7,3.2175,2.0,8.0,16.0,52.0,0.4295,0.9235,0.99975,1.0,0.508984,0.508997
dflash_verify,int8_row,block_l2,fp32_tree,greedy,3.0685,2.0,7.0,16.0,27.0,0.435,0.9415,1.0,1.0,0.508984,0.508997
dflash_verify,int8_row,block_l2,fp32_tree,gumbel_t1.0,2.915,2.0,7.0,14.0,38.0,0.45075,0.94225,0.99975,1.0,0.508984,0.508996
dflash_verify,int8_row,block_l2,fp32_tree,gumbel_t0.7,2.982,2.0,7.0,14.0,47.0,0.44125,0.94225,0.99975,1.0,0.508984,0.508996
dflash_verify,int8_row,hoelder_block,tensor_core,greedy,4.6955,2.0,11.0,28.0,51.0,0.361,0.8405,0.99525,1.0,0.508984,0.509003
dflash_verify,int8_row,hoelder_block,tensor_core,gumbel_t1.0,4.3895,2.0,11.0,24.0,67.0,0.366,0.8515,0.99825,1.0,0.508984,0.509002
dflash_verify,int8_row,hoelder_block,tensor_core,gumbel_t0.7,4.518,2.0,11.0,24.0,81.0,0.3645,0.8435,0.99675,1.0,0.508984,0.509003
dflash_verify,int8_row,hoelder_block,fp32_tree,greedy,4.349,2.0,10.0,25.0,45.0,0.372,0.86,0.99625,1.0,0.508984,0.509002
dflash_verify,int8_row,hoelder_block,fp32_tree,gumbel_t1.0,4.0545,2.0,10.0,22.0,63.0,0.38025,0.8725,0.99875,1.0,0.508984,0.509001
dflash_verify,int8_row,hoelder_block,fp32_tree,gumbel_t0.7,4.196,2.0,10.0,22.0,74.0,0.3755,0.8585,0.99875,1.0,0.508984,0.509001
dflash_verify,int8_row,hoelder_scale,tensor_core,greedy,4.7535,2.0,11.0,28.0,51.0,0.359,0.835,0.99425,1.0,0.501172,0.501191
dflash_verify,int8_row,hoelder_scale,tensor_core,gumbel_t1.0,4.44125,2.0,11.0,24.0,67.0,0.364,0.8485,0.99775,1.0,0.501172,0.50119
dflash_verify,int8_row,hoelder_scale,tensor_core,gumbel_t0.7,4.577,2.0,11.0,24.0,81.0,0.36325,0.84,0.99675,1.0,0.501172,0.50119
dflash_verify,int8_row,hoelder_scale,fp32_tree,greedy,4.4025,2.0,10.0,26.0,45.0,0.3705,0.85625,0.996,1.0,0.501172,0.50119
dflash_verify,int8_row,hoelder_scale,fp32_tree,gumbel_t1.0,4.10025,2.0,10.0,22.0,64.0,0.37825,0.87,0.99875,1.0,0.501172,0.501188
dflash_verify,int8_row,hoelder_scale,fp32_tree,gumbel_t0.7,4.24425,2.0,10.0,22.0,74.0,0.37475,0.85575,0.998,1.0,0.501172,0.501189
dflash_verify,int8_row,min,tensor_core,greedy,3.317,2.0,7.0,18.0,31.0,0.42175,0.926,1.0,1.0,0.517578,0.517591
dflash_verify,int8_row,min,tensor_core,gumbel_t1.0,3.1405,2.0,7.0,16.0,42.0,0.43325,0.92925,0.99975,1.0,0.517578,0.517591
dflash_verify,int8_row,min,tensor_core,gumbel_t0.7,3.2175,2.0,8.0,16.0,52.0,0.4295,0.9235,0.99975,1.0,0.517578,0.517591
dflash_verify,int8_row,min,fp32_tree,greedy,3.0685,2.0,7.0,16.0,27.0,0.435,0.9415,1.0,1.0,0.517578,0.51759
dflash_verify,int8_row,min,fp32_tree,gumbel_t1.0,2.915,2.0,7.0,14.0,38.0,0.45075,0.94225,0.99975,1.0,0.517578,0.51759
dflash_verify,int8_row,min,fp32_tree,gumbel_t0.7,2.982,2.0,7.0,14.0,47.0,0.44125,0.94225,0.99975,1.0,0.517578,0.51759
dflash_verify,int8_g128,row_cs,tensor_core,greedy,2.2915,1.0,5.0,11.0,21.0,0.52,0.9795,1.0,1.0,0.509375,0.509384
dflash_verify,int8_g128,row_cs,tensor_core,gumbel_t1.0,2.23025,1.0,5.0,10.0,20.0,0.5295,0.97925,1.0,1.0,0.509375,0.509384
dflash_verify,int8_g128,row_cs,tensor_core,gumbel_t0.7,2.2565,1.0,5.0,10.0,33.0,0.5275,0.981,0.99975,1.0,0.509375,0.509384
dflash_verify,int8_g128,row_cs,fp32_tree,greedy,2.1235,1.0,4.0,10.0,20.0,0.54625,0.98475,1.0,1.0,0.509375,0.509384
dflash_verify,int8_g128,row_cs,fp32_tree,gumbel_t1.0,2.07075,1.0,4.0,9.0,19.0,0.553,0.98625,1.0,1.0,0.509375,0.509383
dflash_verify,int8_g128,row_cs,fp32_tree,gumbel_t0.7,2.10125,1.0,4.0,9.0,25.0,0.55,0.98775,1.0,1.0,0.509375,0.509383
dflash_verify,int8_g128,block_l2,tensor_core,greedy,2.233,1.0,5.0,11.0,20.0,0.52975,0.982,1.0,1.0,0.516406,0.516415
dflash_verify,int8_g128,block_l2,tensor_core,gumbel_t1.0,2.17,1.0,5.0,10.0,20.0,0.53825,0.98175,1.0,1.0,0.516406,0.516415
dflash_verify,int8_g128,block_l2,tensor_core,gumbel_t0.7,2.201,1.0,5.0,9.0,30.0,0.53375,0.984,1.0,1.0,0.516406,0.516415
dflash_verify,int8_g128,block_l2,fp32_tree,greedy,2.072,1.0,4.0,9.0,20.0,0.5585,0.98625,1.0,1.0,0.516406,0.516415
dflash_verify,int8_g128,block_l2,fp32_tree,gumbel_t1.0,2.01725,1.0,4.0,9.0,18.0,0.563,0.988,1.0,1.0,0.516406,0.516414
dflash_verify,int8_g128,block_l2,fp32_tree,gumbel_t0.7,2.044,1.0,4.0,8.0,25.0,0.55875,0.9905,1.0,1.0,0.516406,0.516414
dflash_verify,int8_g128,hoelder_block,tensor_core,greedy,2.80175,2.0,6.0,15.0,29.0,0.46225,0.95175,1.0,1.0,0.516406,0.516418
dflash_verify,int8_g128,hoelder_block,tensor_core,gumbel_t1.0,2.69125,2.0,6.0,13.0,36.0,0.47875,0.954,0.99975,1.0,0.516406,0.516417
dflash_verify,int8_g128,hoelder_block,tensor_core,gumbel_t0.7,2.737,2.0,6.0,13.0,47.0,0.47225,0.95525,0.99975,1.0,0.516406,0.516417
dflash_verify,int8_g128,hoelder_block,fp32_tree,greedy,2.58775,2.0,5.0,13.0,26.0,0.47925,0.96425,1.0,1.0,0.516406,0.516417
dflash_verify,int8_g128,hoelder_block,fp32_tree,gumbel_t1.0,2.51475,2.0,5.0,12.0,29.0,0.49625,0.96325,1.0,1.0,0.516406,0.516416
dflash_verify,int8_g128,hoelder_block,fp32_tree,gumbel_t0.7,2.53825,2.0,6.0,11.0,40.0,0.49325,0.96575,0.99975,1.0,0.516406,0.516416
dflash_verify,int8_g128,hoelder_scale,tensor_core,greedy,2.82075,2.0,6.0,15.0,29.0,0.46025,0.95125,1.0,1.0,0.508594,0.508605
dflash_verify,int8_g128,hoelder_scale,tensor_core,gumbel_t1.0,2.71625,2.0,6.0,13.0,36.0,0.47625,0.95225,0.99975,1.0,0.508594,0.508605
dflash_verify,int8_g128,hoelder_scale,tensor_core,gumbel_t0.7,2.75875,2.0,6.0,13.0,47.0,0.4695,0.95425,0.99975,1.0,0.508594,0.508605
dflash_verify,int8_g128,hoelder_scale,fp32_tree,greedy,2.60825,2.0,6.0,13.01,27.0,0.4775,0.9625,1.0,1.0,0.508594,0.508604
dflash_verify,int8_g128,hoelder_scale,fp32_tree,gumbel_t1.0,2.534,2.0,5.0,12.0,29.0,0.49425,0.96175,1.0,1.0,0.508594,0.508604
dflash_verify,int8_g128,hoelder_scale,fp32_tree,gumbel_t0.7,2.558,2.0,6.0,12.0,40.0,0.4905,0.965,0.99975,1.0,0.508594,0.508604
dflash_verify,int8_g128,min,tensor_core,greedy,2.233,1.0,5.0,11.0,20.0,0.52975,0.982,1.0,1.0,0.525,0.525009
dflash_verify,int8_g128,min,tensor_core,gumbel_t1.0,2.17,1.0,5.0,10.0,20.0,0.53825,0.98175,1.0,1.0,0.525,0.525009
dflash_verify,int8_g128,min,tensor_core,gumbel_t0.7,2.201,1.0,5.0,9.0,30.0,0.53375,0.984,1.0,1.0,0.525,0.525009
dflash_verify,int8_g128,min,fp32_tree,greedy,2.072,1.0,4.0,9.0,20.0,0.5585,0.98625,1.0,1.0,0.525,0.525008
dflash_verify,int8_g128,min,fp32_tree,gumbel_t1.0,2.01725,1.0,4.0,9.0,18.0,0.563,0.988,1.0,1.0,0.525,0.525008
dflash_verify,int8_g128,min,fp32_tree,gumbel_t0.7,2.044,1.0,4.0,8.0,25.0,0.55875,0.9905,1.0,1.0,0.525,0.525008
dflash_verify,int8_g32,row_cs,tensor_core,greedy,1.95775,1.0,4.0,8.01,18.0,0.5795,0.99,1.0,1.0,0.532813,0.53282
dflash_verify,int8_g32,row_cs,tensor_core,gumbel_t1.0,1.922,1.0,4.0,8.0,16.0,0.58125,0.992,1.0,1.0,0.532813,0.53282
dflash_verify,int8_g32,row_cs,tensor_core,gumbel_t0.7,1.9425,1.0,4.0,8.0,22.0,0.58,0.993,1.0,1.0,0.532813,0.53282
dflash_verify,int8_g32,row_cs,fp32_tree,greedy,1.82425,1.0,4.0,7.0,16.0,0.6125,0.99475,1.0,1.0,0.532813,0.53282
dflash_verify,int8_g32,row_cs,fp32_tree,gumbel_t1.0,1.798,1.0,4.0,7.0,15.0,0.608,0.99525,1.0,1.0,0.532813,0.53282
dflash_verify,int8_g32,row_cs,fp32_tree,gumbel_t0.7,1.81175,1.0,3.0,7.0,18.0,0.608,0.99575,1.0,1.0,0.532813,0.53282
dflash_verify,int8_g32,block_l2,tensor_core,greedy,1.926,1.0,4.0,8.0,16.0,0.5875,0.99075,1.0,1.0,0.539844,0.539852
dflash_verify,int8_g32,block_l2,tensor_core,gumbel_t1.0,1.88825,1.0,4.0,8.0,15.0,0.58675,0.99375,1.0,1.0,0.539844,0.539851
dflash_verify,int8_g32,block_l2,tensor_core,gumbel_t0.7,1.91375,1.0,4.0,8.0,21.0,0.586,0.99375,1.0,1.0,0.539844,0.539851
dflash_verify,int8_g32,block_l2,fp32_tree,greedy,1.79525,1.0,4.0,7.0,15.0,0.61775,0.99475,1.0,1.0,0.539844,0.539851
dflash_verify,int8_g32,block_l2,fp32_tree,gumbel_t1.0,1.76925,1.0,3.0,7.0,14.0,0.61375,0.9955,1.0,1.0,0.539844,0.539851
dflash_verify,int8_g32,block_l2,fp32_tree,gumbel_t0.7,1.78025,1.0,3.0,7.0,17.0,0.61575,0.99575,1.0,1.0,0.539844,0.539851
dflash_verify,int8_g32,hoelder_block,tensor_core,greedy,2.7405,2.0,6.0,14.0,29.0,0.4675,0.955,1.0,1.0,0.539844,0.539855
dflash_verify,int8_g32,hoelder_block,tensor_core,gumbel_t1.0,2.635,2.0,6.0,13.0,33.0,0.4845,0.957,0.99975,1.0,0.539844,0.539854
dflash_verify,int8_g32,hoelder_block,tensor_core,gumbel_t0.7,2.6785,2.0,6.0,12.0,42.0,0.47625,0.9585,0.99975,1.0,0.539844,0.539855
dflash_verify,int8_g32,hoelder_block,fp32_tree,greedy,2.527,2.0,5.0,13.0,26.0,0.48875,0.96725,1.0,1.0,0.539844,0.539854
dflash_verify,int8_g32,hoelder_block,fp32_tree,gumbel_t1.0,2.452,1.0,5.0,11.01,28.0,0.501,0.96775,1.0,1.0,0.539844,0.539854
dflash_verify,int8_g32,hoelder_block,fp32_tree,gumbel_t0.7,2.4825,1.5,5.0,11.0,39.0,0.5,0.96975,0.99975,1.0,0.539844,0.539854
dflash_verify,int8_g32,min,tensor_core,greedy,1.926,1.0,4.0,8.0,16.0,0.5875,0.99075,1.0,1.0,0.548438,0.548445
dflash_verify,int8_g32,min,tensor_core,gumbel_t1.0,1.88825,1.0,4.0,8.0,15.0,0.58675,0.99375,1.0,1.0,0.548438,0.548445
dflash_verify,int8_g32,min,tensor_core,gumbel_t0.7,1.91375,1.0,4.0,8.0,21.0,0.586,0.99375,1.0,1.0,0.548438,0.548445
dflash_verify,int8_g32,min,fp32_tree,greedy,1.79525,1.0,4.0,7.0,15.0,0.61775,0.99475,1.0,1.0,0.548438,0.548445
dflash_verify,int8_g32,min,fp32_tree,gumbel_t1.0,1.76925,1.0,3.0,7.0,14.0,0.61375,0.9955,1.0,1.0,0.548438,0.548445
dflash_verify,int8_g32,min,fp32_tree,gumbel_t0.7,1.78025,1.0,3.0,7.0,17.0,0.61575,0.99575,1.0,1.0,0.548438,0.548445
dflash_verify,fp8_row,row_cs,tensor_core,greedy,32.09425,11.0,84.0,286.01,644.0,0.22325,0.45475,0.712,0.95025,0.501953,0.502082
dflash_verify,fp8_row,row_cs,tensor_core,gumbel_t1.0,30.18825,11.0,83.0,244.02,504.0,0.2155,0.45275,0.7215,0.9545,0.501953,0.502075
dflash_verify,fp8_row,row_cs,tensor_core,gumbel_t0.7,31.19075,11.0,85.0,243.0,729.0,0.218,0.456,0.7155,0.95225,0.501953,0.502079
dflash_verify,fp8_row,row_cs,fp32_tree,greedy,29.50425,10.0,77.1,261.01,596.0,0.22725,0.464,0.73,0.96025,0.501953,0.502072
dflash_verify,fp8_row,row_cs,fp32_tree,gumbel_t1.0,27.7535,10.0,76.0,219.09,469.0,0.2195,0.46375,0.73825,0.96175,0.501953,0.502065
dflash_verify,fp8_row,row_cs,fp32_tree,gumbel_t0.7,28.6565,10.0,78.0,222.0,659.0,0.222,0.4645,0.734,0.96225,0.501953,0.502069
dflash_verify,fp8_row,block_l2,tensor_core,greedy,28.9105,10.0,78.0,240.03,571.0,0.2265,0.4655,0.73425,0.962,0.508984,0.509101
dflash_verify,fp8_row,block_l2,tensor_core,gumbel_t1.0,27.09975,10.0,74.0,209.06,463.0,0.21775,0.46675,0.74375,0.9645,0.508984,0.509094
dflash_verify,fp8_row,block_l2,tensor_core,gumbel_t0.7,28.00675,10.0,77.0,223.0,658.0,0.2225,0.467,0.737,0.96375,0.508984,0.509097
dflash_verify,fp8_row,block_l2,fp32_tree,greedy,26.59975,10.0,71.0,223.01,526.0,0.23,0.478,0.75125,0.9675,0.508984,0.509091
dflash_verify,fp8_row,block_l2,fp32_tree,gumbel_t1.0,24.9405,9.0,68.0,194.0,419.0,0.22175,0.48025,0.76,0.9705,0.508984,0.509085
dflash_verify,fp8_row,block_l2,fp32_tree,gumbel_t0.7,25.71825,10.0,70.0,201.02,598.0,0.226,0.4765,0.7575,0.972,0.508984,0.509088
dflash_verify,fp8_row,hoelder_block,tensor_core,greedy,24974.1045,5347.0,80048.9,197414.81,237109.0,0.0025,0.05525,0.162,0.238,0.508984,0.609557
dflash_verify,fp8_row,hoelder_block,tensor_core,gumbel_t1.0,17874.3145,5118.0,53717.3,124950.76,222432.0,0.0045,0.05475,0.14375,0.21025,0.508984,0.580965
dflash_verify,fp8_row,hoelder_block,tensor_core,gumbel_t0.7,22002.01675,5406.5,68676.1,158180.2,233032.0,0.00425,0.0565,0.1535,0.22775,0.508984,0.597588
dflash_verify,fp8_row,hoelder_block,fp32_tree,greedy,23467.63975,4856.0,74867.5,192265.54,235033.0,0.00275,0.05975,0.16525,0.24275,0.508984,0.60349
dflash_verify,fp8_row,hoelder_block,fp32_tree,gumbel_t1.0,16791.67675,4707.5,50072.5,120192.74,219544.0,0.005,0.05825,0.14625,0.214,0.508984,0.576605
dflash_verify,fp8_row,hoelder_block,fp32_tree,gumbel_t0.7,20681.73175,4925.0,64441.4,152319.95,230974.0,0.00475,0.06,0.156,0.23,0.508984,0.592271
dflash_verify,fp8_row,min,tensor_core,greedy,28.9105,10.0,78.0,240.03,571.0,0.2265,0.4655,0.73425,0.962,0.517578,0.517695
dflash_verify,fp8_row,min,tensor_core,gumbel_t1.0,27.09975,10.0,74.0,209.06,463.0,0.21775,0.46675,0.74375,0.9645,0.517578,0.517687
dflash_verify,fp8_row,min,tensor_core,gumbel_t0.7,28.00675,10.0,77.0,223.0,658.0,0.2225,0.467,0.737,0.96375,0.517578,0.517691
dflash_verify,fp8_row,min,fp32_tree,greedy,26.59975,10.0,71.0,223.01,526.0,0.23,0.478,0.75125,0.9675,0.517578,0.517685
dflash_verify,fp8_row,min,fp32_tree,gumbel_t1.0,24.9405,9.0,68.0,194.0,419.0,0.22175,0.48025,0.76,0.9705,0.517578,0.517679
dflash_verify,fp8_row,min,fp32_tree,gumbel_t0.7,25.71825,10.0,70.0,201.02,598.0,0.226,0.4765,0.7575,0.972,0.517578,0.517682
dflash_verify,int4_g128,row_cs,tensor_core,greedy,180994.29275,245815.5,248320.0,248320.0,248320.0,0.0,0.0,0.0055,0.02975,0.259375,0.98825
dflash_verify,int4_g128,row_cs,tensor_core,gumbel_t1.0,175219.84375,234772.5,248276.0,248320.0,248320.0,0.0,0.00025,0.005,0.0185,0.259375,0.964996
dflash_verify,int4_g128,row_cs,tensor_core,gumbel_t0.7,178954.8835,241904.0,248316.0,248320.0,248320.0,0.0,0.00025,0.00625,0.02425,0.259375,0.980037
dflash_verify,int4_g128,row_cs,fp32_tree,greedy,179870.2355,245364.0,248320.0,248320.0,248320.0,0.0,0.0,0.00575,0.0315,0.259375,0.983724
dflash_verify,int4_g128,row_cs,fp32_tree,gumbel_t1.0,173819.52725,233064.5,248264.0,248320.0,248320.0,0.0,0.00025,0.0055,0.019,0.259375,0.959357
dflash_verify,int4_g128,row_cs,fp32_tree,gumbel_t0.7,177718.1675,240942.5,248314.0,248320.0,248320.0,0.0,0.00025,0.00625,0.02625,0.259375,0.975057
dflash_verify,int4_g128,block_l2,tensor_core,greedy,174453.5975,241712.5,248318.0,248320.0,248320.0,0.0,0.0,0.00675,0.039,0.266406,0.968942
dflash_verify,int4_g128,block_l2,tensor_core,gumbel_t1.0,166877.092,222965.5,248104.2,248316.01,248320.0,0.0,0.0005,0.0065,0.02425,0.266406,0.938431
dflash_verify,int4_g128,block_l2,tensor_core,gumbel_t0.7,171689.33425,234758.5,248291.0,248320.0,248320.0,0.0,0.00025,0.00775,0.03325,0.266406,0.95781
dflash_verify,int4_g128,block_l2,fp32_tree,greedy,173163.41275,240639.5,248317.0,248320.0,248320.0,0.0,0.0,0.0085,0.0405,0.266406,0.963746
dflash_verify,int4_g128,block_l2,fp32_tree,gumbel_t1.0,165251.76975,220336.5,248057.1,248315.01,248320.0,0.0,0.0005,0.00675,0.02575,0.266406,0.931885
dflash_verify,int4_g128,block_l2,fp32_tree,gumbel_t0.7,170258.90375,233134.5,248283.0,248320.0,248320.0,0.0,0.00025,0.008,0.0345,0.266406,0.952049
dflash_verify,int4_g128,hoelder_block,tensor_core,greedy,230657.72575,248320.0,248320.0,248320.0,248320.0,0.0,0.0,0.0,0.0,0.266406,1.195279
dflash_verify,int4_g128,hoelder_block,tensor_core,gumbel_t1.0,229079.669,248317.5,248320.0,248320.0,248320.0,0.0,0.0,0.0,0.0,0.266406,1.188924
dflash_verify,int4_g128,hoelder_block,tensor_core,gumbel_t0.7,229924.4875,248320.0,248320.0,248320.0,248320.0,0.0,0.0,0.0,0.0,0.266406,1.192326
dflash_verify,int4_g128,hoelder_block,fp32_tree,greedy,230088.57425,248320.0,248320.0,248320.0,248320.0,0.0,0.0,0.0,0.0,0.266406,1.192987
dflash_verify,int4_g128,hoelder_block,fp32_tree,gumbel_t1.0,228488.26325,248317.0,248320.0,248320.0,248320.0,0.0,0.0,0.0,0.0,0.266406,1.186543
dflash_verify,int4_g128,hoelder_block,fp32_tree,gumbel_t0.7,229350.55,248320.0,248320.0,248320.0,248320.0,0.0,0.0,0.0,0.0,0.266406,1.190015
dflash_verify,int4_g128,hoelder_scale,tensor_core,greedy,231651.296,248320.0,248320.0,248320.0,248320.0,0.0,0.0,0.0,0.0,0.258594,1.191468
dflash_verify,int4_g128,hoelder_scale,tensor_core,gumbel_t1.0,230113.872,248318.0,248320.0,248320.0,248320.0,0.0,0.0,0.0,0.0,0.258594,1.185277
dflash_verify,int4_g128,hoelder_scale,tensor_core,gumbel_t0.7,230930.4945,248320.0,248320.0,248320.0,248320.0,0.0,0.0,0.0,0.0,0.258594,1.188565
dflash_verify,int4_g128,hoelder_scale,fp32_tree,greedy,231105.33125,248320.0,248320.0,248320.0,248320.0,0.0,0.0,0.0,0.0,0.258594,1.189269
dflash_verify,int4_g128,hoelder_scale,fp32_tree,gumbel_t1.0,229545.5795,248318.0,248320.0,248320.0,248320.0,0.0,0.0,0.0,0.0,0.258594,1.182988
dflash_verify,int4_g128,hoelder_scale,fp32_tree,gumbel_t0.7,230377.97725,248320.0,248320.0,248320.0,248320.0,0.0,0.0,0.0,0.0,0.258594,1.18634
dflash_verify,int4_g128,min,tensor_core,greedy,174453.41175,241712.5,248318.0,248320.0,248320.0,0.0,0.0,0.00675,0.039,0.275,0.977535
dflash_verify,int4_g128,min,tensor_core,gumbel_t1.0,166875.2,222965.5,248104.2,248316.01,248320.0,0.0,0.0005,0.0065,0.02425,0.275,0.947017
dflash_verify,int4_g128,min,tensor_core,gumbel_t0.7,171688.26025,234758.5,248291.0,248320.0,248320.0,0.0,0.00025,0.00775,0.03325,0.275,0.966399
dflash_verify,int4_g128,min,fp32_tree,greedy,173163.196,240639.5,248317.0,248320.0,248320.0,0.0,0.0,0.0085,0.0405,0.275,0.972339
dflash_verify,int4_g128,min,fp32_tree,gumbel_t1.0,165249.754,220336.5,248057.1,248315.01,248320.0,0.0,0.0005,0.00675,0.02575,0.275,0.940471
dflash_verify,int4_g128,min,fp32_tree,gumbel_t0.7,170257.72625,233134.5,248283.0,248320.0,248320.0,0.0,0.00025,0.008,0.0345,0.275,0.960638
dflash_verify,int4_g32,row_cs,tensor_core,greedy,116903.66,114649.0,246161.1,248292.02,248320.0,0.00025,0.00725,0.05975,0.12775,0.282813,0.753591
dflash_verify,int4_g32,row_cs,tensor_core,gumbel_t1.0,99269.42425,84329.0,229839.1,246515.69,248290.0,0.0,0.007,0.05325,0.105,0.282813,0.682577
dflash_verify,int4_g32,row_cs,tensor_core,gumbel_t0.7,109601.65675,101102.0,240920.1,248086.02,248320.0,0.0,0.00675,0.05925,0.1195,0.282813,0.724185
dflash_verify,int4_g32,row_cs,fp32_tree,greedy,114550.27625,108665.5,245726.1,248283.02,248320.0,0.00025,0.0075,0.06125,0.132,0.282813,0.744114
dflash_verify,int4_g32,row_cs,fp32_tree,gumbel_t1.0,96754.85275,79874.0,227639.2,246188.91,248283.0,0.0,0.00775,0.05475,0.109,0.282813,0.67245
dflash_verify,int4_g32,row_cs,fp32_tree,gumbel_t0.7,107166.63325,96084.0,239863.9,248017.04,248320.0,0.0,0.00775,0.061,0.12375,0.282813,0.714379
dflash_verify,int4_g32,block_l2,tensor_core,greedy,107164.0325,92317.0,242272.4,248230.03,248318.0,0.00025,0.00825,0.0655,0.1385,0.289844,0.7214
dflash_verify,int4_g32,block_l2,tensor_core,gumbel_t1.0,88328.50775,67833.0,215357.5,244064.69,248204.0,0.0,0.008,0.056,0.11275,0.289844,0.645548
dflash_verify,int4_g32,block_l2,tensor_core,gumbel_t0.7,99268.6455,82474.0,233421.7,247624.08,248315.0,0.0,0.008,0.06525,0.1285,0.289844,0.689605
dflash_verify,int4_g32,block_l2,fp32_tree,greedy,104646.0555,87048.5,241191.6,248195.07,248318.0,0.00025,0.00975,0.06775,0.14075,0.289844,0.71126
dflash_verify,int4_g32,block_l2,fp32_tree,gumbel_t1.0,85744.72775,63812.5,212055.3,243358.59,248175.0,0.0,0.008,0.05875,0.1175,0.289844,0.635143
dflash_verify,int4_g32,block_l2,fp32_tree,gumbel_t0.7,96705.745,77850.5,231502.5,247462.19,248314.0,0.00025,0.00925,0.06725,0.131,0.289844,0.679284
dflash_verify,int4_g32,hoelder_block,tensor_core,greedy,227060.263,248320.0,248320.0,248320.0,248320.0,0.0,0.0,0.0,0.0,0.289844,1.204229
dflash_verify,int4_g32,hoelder_block,tensor_core,gumbel_t1.0,225374.61925,248311.0,248320.0,248320.0,248320.0,0.0,0.0,0.0,0.0,0.289844,1.197441
dflash_verify,int4_g32,hoelder_block,tensor_core,gumbel_t0.7,226309.26,248319.0,248320.0,248320.0,248320.0,0.0,0.0,0.0,0.0,0.289844,1.201205
dflash_verify,int4_g32,hoelder_block,fp32_tree,greedy,226411.255,248320.0,248320.0,248320.0,248320.0,0.0,0.0,0.0,0.0,0.289844,1.201616
dflash_verify,int4_g32,hoelder_block,fp32_tree,gumbel_t1.0,224702.6225,248309.0,248320.0,248320.0,248320.0,0.0,0.0,0.0,0.0,0.289844,1.194735
dflash_verify,int4_g32,hoelder_block,fp32_tree,gumbel_t0.7,225658.55175,248319.0,248320.0,248320.0,248320.0,0.0,0.0,0.0,0.0,0.289844,1.198585
dflash_verify,int4_g32,min,tensor_core,greedy,107164.0325,92317.0,242272.4,248230.03,248318.0,0.00025,0.00825,0.0655,0.1385,0.298438,0.729994
dflash_verify,int4_g32,min,tensor_core,gumbel_t1.0,88328.50775,67833.0,215357.5,244064.69,248204.0,0.0,0.008,0.056,0.11275,0.298438,0.654142
dflash_verify,int4_g32,min,tensor_core,gumbel_t0.7,99268.6455,82474.0,233421.7,247624.08,248315.0,0.0,0.008,0.06525,0.1285,0.298438,0.698198
dflash_verify,int4_g32,min,fp32_tree,greedy,104646.0555,87048.5,241191.6,248195.07,248318.0,0.00025,0.00975,0.06775,0.14075,0.298438,0.719854
dflash_verify,int4_g32,min,fp32_tree,gumbel_t1.0,85744.72775,63812.5,212055.3,243358.59,248175.0,0.0,0.008,0.05875,0.1175,0.298438,0.643737
dflash_verify,int4_g32,min,fp32_tree,gumbel_t0.7,96705.745,77850.5,231502.5,247462.19,248314.0,0.00025,0.00925,0.06725,0.131,0.298438,0.687878
dflash_draft,int8_row,row_cs,tensor_core,greedy,2.818657,2.0,6.0,10.0,15.0,0.41592,0.975622,1.0,1.0,0.501953,0.501964
dflash_draft,int8_row,row_cs,tensor_core,gumbel_t1.0,1.742289,1.0,3.0,7.0,13.0,0.599502,0.997761,1.0,1.0,0.501953,0.50196
dflash_draft,int8_row,row_cs,tensor_core,gumbel_t0.7,2.082836,1.0,4.0,8.0,13.0,0.524378,0.991045,1.0,1.0,0.501953,0.501962
dflash_draft,int8_row,row_cs,fp32_tree,greedy,2.69602,2.0,6.0,10.0,14.0,0.428856,0.983085,1.0,1.0,0.501953,0.501964
dflash_draft,int8_row,row_cs,fp32_tree,gumbel_t1.0,1.684328,1.0,3.0,6.0,13.0,0.620647,0.998507,1.0,1.0,0.501953,0.50196
dflash_draft,int8_row,row_cs,fp32_tree,gumbel_t0.7,2.004478,1.0,4.0,8.0,13.0,0.540547,0.994279,1.0,1.0,0.501953,0.501961
dflash_draft,int8_row,block_l2,tensor_core,greedy,2.770149,2.0,6.0,10.0,14.0,0.420647,0.979602,1.0,1.0,0.508984,0.508996
dflash_draft,int8_row,block_l2,tensor_core,gumbel_t1.0,1.726119,1.0,3.0,6.0,13.0,0.606219,0.99801,1.0,1.0,0.508984,0.508991
dflash_draft,int8_row,block_l2,tensor_core,gumbel_t0.7,2.05597,1.0,4.0,8.0,13.0,0.529353,0.99204,1.0,1.0,0.508984,0.508993
dflash_draft,int8_row,block_l2,fp32_tree,greedy,2.654975,2.0,6.0,9.0,14.0,0.43209,0.98408,1.0,1.0,0.508984,0.508995
dflash_draft,int8_row,block_l2,fp32_tree,gumbel_t1.0,1.66791,1.0,3.0,6.0,13.0,0.626368,0.998756,1.0,1.0,0.508984,0.508991
dflash_draft,int8_row,block_l2,fp32_tree,gumbel_t0.7,1.980597,1.0,4.0,8.0,13.0,0.54602,0.994527,1.0,1.0,0.508984,0.508992
dflash_draft,int8_row,hoelder_block,tensor_core,greedy,3.58408,2.0,8.0,13.81,20.0,0.352736,0.924876,1.0,1.0,0.508984,0.508999
dflash_draft,int8_row,hoelder_block,tensor_core,gumbel_t1.0,2.099005,1.0,4.0,9.0,17.0,0.518657,0.989055,1.0,1.0,0.508984,0.508993
dflash_draft,int8_row,hoelder_block,tensor_core,gumbel_t0.7,2.573134,2.0,5.0,11.0,21.0,0.444279,0.973632,1.0,1.0,0.508984,0.508995
dflash_draft,int8_row,hoelder_block,fp32_tree,greedy,3.437811,2.0,7.0,13.0,20.0,0.36393,0.936567,1.0,1.0,0.508984,0.508998
dflash_draft,int8_row,hoelder_block,fp32_tree,gumbel_t1.0,2.027363,1.0,4.0,8.0,17.0,0.535075,0.991294,1.0,1.0,0.508984,0.508993
dflash_draft,int8_row,hoelder_block,fp32_tree,gumbel_t0.7,2.472139,2.0,5.0,10.0,21.0,0.456716,0.977612,1.0,1.0,0.508984,0.508994
dflash_draft,int8_row,hoelder_scale,tensor_core,greedy,3.610448,2.0,8.0,13.81,20.0,0.351493,0.923134,1.0,1.0,0.501172,0.501186
dflash_draft,int8_row,hoelder_scale,tensor_core,gumbel_t1.0,2.113184,1.0,4.0,9.0,17.0,0.514428,0.988806,1.0,1.0,0.501172,0.50118
dflash_draft,int8_row,hoelder_scale,tensor_core,gumbel_t0.7,2.593035,2.0,5.0,11.0,21.0,0.440796,0.973134,1.0,1.0,0.501172,0.501182
dflash_draft,int8_row,hoelder_scale,fp32_tree,greedy,3.466169,2.0,8.0,13.0,20.0,0.36194,0.934826,1.0,1.0,0.501172,0.501186
dflash_draft,int8_row,hoelder_scale,fp32_tree,gumbel_t1.0,2.039055,1.0,4.0,8.0,17.0,0.532587,0.991045,1.0,1.0,0.501172,0.50118
dflash_draft,int8_row,hoelder_scale,fp32_tree,gumbel_t0.7,2.492289,2.0,5.0,10.0,21.0,0.454229,0.975622,1.0,1.0,0.501172,0.501182
dflash_draft,int8_row,min,tensor_core,greedy,2.770149,2.0,6.0,10.0,14.0,0.420647,0.979602,1.0,1.0,0.517578,0.517589
dflash_draft,int8_row,min,tensor_core,gumbel_t1.0,1.726119,1.0,3.0,6.0,13.0,0.606219,0.99801,1.0,1.0,0.517578,0.517585
dflash_draft,int8_row,min,tensor_core,gumbel_t0.7,2.05597,1.0,4.0,8.0,13.0,0.529353,0.99204,1.0,1.0,0.517578,0.517586
dflash_draft,int8_row,min,fp32_tree,greedy,2.654975,2.0,6.0,9.0,14.0,0.43209,0.98408,1.0,1.0,0.517578,0.517589
dflash_draft,int8_row,min,fp32_tree,gumbel_t1.0,1.66791,1.0,3.0,6.0,13.0,0.626368,0.998756,1.0,1.0,0.517578,0.517585
dflash_draft,int8_row,min,fp32_tree,gumbel_t0.7,1.980597,1.0,4.0,8.0,13.0,0.54602,0.994527,1.0,1.0,0.517578,0.517586
dflash_draft,int8_g128,row_cs,tensor_core,greedy,2.017164,1.0,4.0,7.0,12.0,0.526119,0.996269,1.0,1.0,0.509375,0.509383
dflash_draft,int8_g128,row_cs,tensor_core,gumbel_t1.0,1.451493,1.0,2.0,5.0,10.0,0.705721,0.999751,1.0,1.0,0.509375,0.509381
dflash_draft,int8_g128,row_cs,tensor_core,gumbel_t0.7,1.614925,1.0,3.0,6.0,10.0,0.64801,0.99801,1.0,1.0,0.509375,0.509382
dflash_draft,int8_g128,row_cs,fp32_tree,greedy,1.910448,1.0,4.0,7.0,11.0,0.548756,0.997761,1.0,1.0,0.509375,0.509383
dflash_draft,int8_g128,row_cs,fp32_tree,gumbel_t1.0,1.405224,1.0,2.0,4.0,8.0,0.726119,1.0,1.0,1.0,0.509375,0.509381
dflash_draft,int8_g128,row_cs,fp32_tree,gumbel_t0.7,1.556468,1.0,3.0,5.0,9.0,0.670149,0.998756,1.0,1.0,0.509375,0.509381
dflash_draft,int8_g128,block_l2,tensor_core,greedy,1.983582,1.0,4.0,7.0,12.0,0.531095,0.996766,1.0,1.0,0.516406,0.516414
dflash_draft,int8_g128,block_l2,tensor_core,gumbel_t1.0,1.439303,1.0,2.0,5.0,10.0,0.711692,0.999751,1.0,1.0,0.516406,0.516412
dflash_draft,int8_g128,block_l2,tensor_core,gumbel_t0.7,1.597264,1.0,3.0,5.81,10.0,0.654975,0.998259,1.0,1.0,0.516406,0.516413
dflash_draft,int8_g128,block_l2,fp32_tree,greedy,1.877114,1.0,4.0,6.81,11.0,0.557214,0.998507,1.0,1.0,0.516406,0.516414
dflash_draft,int8_g128,block_l2,fp32_tree,gumbel_t1.0,1.392786,1.0,2.0,4.0,8.0,0.731095,1.0,1.0,1.0,0.516406,0.516412
dflash_draft,int8_g128,block_l2,fp32_tree,gumbel_t0.7,1.539055,1.0,3.0,5.0,9.0,0.676119,0.999254,1.0,1.0,0.516406,0.516412
dflash_draft,int8_g128,hoelder_block,tensor_core,greedy,2.392289,2.0,5.0,9.0,13.0,0.461194,0.989055,1.0,1.0,0.516406,0.516416
dflash_draft,int8_g128,hoelder_block,tensor_core,gumbel_t1.0,1.628607,1.0,3.0,6.0,13.0,0.636567,0.998756,1.0,1.0,0.516406,0.516413
dflash_draft,int8_g128,hoelder_block,tensor_core,gumbel_t0.7,1.85,1.0,4.0,7.0,12.0,0.576368,0.996517,1.0,1.0,0.516406,0.516414
dflash_draft,int8_g128,hoelder_block,fp32_tree,greedy,2.274129,2.0,5.0,8.0,13.0,0.477861,0.991542,1.0,1.0,0.516406,0.516415
dflash_draft,int8_g128,hoelder_block,fp32_tree,gumbel_t1.0,1.572388,1.0,3.0,6.0,13.0,0.657463,0.999005,1.0,1.0,0.516406,0.516413
dflash_draft,int8_g128,hoelder_block,fp32_tree,gumbel_t0.7,1.782836,1.0,3.0,7.0,12.0,0.594527,0.997264,1.0,1.0,0.516406,0.516413
dflash_draft,int8_g128,hoelder_scale,tensor_core,greedy,2.403234,2.0,5.0,9.0,13.0,0.459701,0.989055,1.0,1.0,0.508594,0.508603
dflash_draft,int8_g128,hoelder_scale,tensor_core,gumbel_t1.0,1.63607,1.0,3.0,6.0,13.0,0.633582,0.998756,1.0,1.0,0.508594,0.5086
dflash_draft,int8_g128,hoelder_scale,tensor_core,gumbel_t0.7,1.858955,1.0,4.0,7.0,12.0,0.573881,0.996517,1.0,1.0,0.508594,0.508601
dflash_draft,int8_g128,hoelder_scale,fp32_tree,greedy,2.291791,2.0,5.0,8.0,13.0,0.473632,0.991045,1.0,1.0,0.508594,0.508603
dflash_draft,int8_g128,hoelder_scale,fp32_tree,gumbel_t1.0,1.577861,1.0,3.0,6.0,13.0,0.654726,0.999005,1.0,1.0,0.508594,0.5086
dflash_draft,int8_g128,hoelder_scale,fp32_tree,gumbel_t0.7,1.787313,1.0,3.0,7.0,12.0,0.593532,0.997264,1.0,1.0,0.508594,0.508601
dflash_draft,int8_g128,min,tensor_core,greedy,1.983582,1.0,4.0,7.0,12.0,0.531095,0.996766,1.0,1.0,0.525,0.525008
dflash_draft,int8_g128,min,tensor_core,gumbel_t1.0,1.439303,1.0,2.0,5.0,10.0,0.711692,0.999751,1.0,1.0,0.525,0.525006
dflash_draft,int8_g128,min,tensor_core,gumbel_t0.7,1.597264,1.0,3.0,5.81,10.0,0.654975,0.998259,1.0,1.0,0.525,0.525006
dflash_draft,int8_g128,min,fp32_tree,greedy,1.877114,1.0,4.0,6.81,11.0,0.557214,0.998507,1.0,1.0,0.525,0.525008
dflash_draft,int8_g128,min,fp32_tree,gumbel_t1.0,1.392786,1.0,2.0,4.0,8.0,0.731095,1.0,1.0,1.0,0.525,0.525006
dflash_draft,int8_g128,min,fp32_tree,gumbel_t0.7,1.539055,1.0,3.0,5.0,9.0,0.676119,0.999254,1.0,1.0,0.525,0.525006
dflash_draft,int8_g32,row_cs,tensor_core,greedy,1.781592,1.0,3.0,6.0,10.0,0.582836,0.998756,1.0,1.0,0.532813,0.53282
dflash_draft,int8_g32,row_cs,tensor_core,gumbel_t1.0,1.356965,1.0,2.0,4.0,8.0,0.75,1.0,1.0,1.0,0.532813,0.532818
dflash_draft,int8_g32,row_cs,tensor_core,gumbel_t0.7,1.480846,1.0,3.0,5.0,9.0,0.698259,0.999751,1.0,1.0,0.532813,0.532818
dflash_draft,int8_g32,row_cs,fp32_tree,greedy,1.687065,1.0,3.0,6.0,9.0,0.607463,0.999254,1.0,1.0,0.532813,0.532819
dflash_draft,int8_g32,row_cs,fp32_tree,gumbel_t1.0,1.318905,1.0,2.0,4.0,7.0,0.770149,1.0,1.0,1.0,0.532813,0.532818
dflash_draft,int8_g32,row_cs,fp32_tree,gumbel_t0.7,1.429602,1.0,2.0,4.81,8.0,0.717413,1.0,1.0,1.0,0.532813,0.532818
dflash_draft,int8_g32,block_l2,tensor_core,greedy,1.768905,1.0,3.0,6.0,10.0,0.584826,0.998756,1.0,1.0,0.539844,0.539851
dflash_draft,int8_g32,block_l2,tensor_core,gumbel_t1.0,1.352488,1.0,2.0,4.0,8.0,0.752488,1.0,1.0,1.0,0.539844,0.539849
dflash_draft,int8_g32,block_l2,tensor_core,gumbel_t0.7,1.474627,1.0,3.0,5.0,9.0,0.7,0.999751,1.0,1.0,0.539844,0.53985
dflash_draft,int8_g32,block_l2,fp32_tree,greedy,1.674627,1.0,3.0,6.0,9.0,0.610945,0.999254,1.0,1.0,0.539844,0.53985
dflash_draft,int8_g32,block_l2,fp32_tree,gumbel_t1.0,1.310199,1.0,2.0,4.0,7.0,0.774876,1.0,1.0,1.0,0.539844,0.539849
dflash_draft,int8_g32,block_l2,fp32_tree,gumbel_t0.7,1.4199,1.0,2.0,4.0,8.0,0.722886,1.0,1.0,1.0,0.539844,0.539849
dflash_draft,int8_g32,hoelder_block,tensor_core,greedy,2.359453,2.0,5.0,8.0,13.0,0.46592,0.99005,1.0,1.0,0.539844,0.539853
dflash_draft,int8_g32,hoelder_block,tensor_core,gumbel_t1.0,1.613184,1.0,3.0,6.0,13.0,0.642289,0.998756,1.0,1.0,0.539844,0.53985
dflash_draft,int8_g32,hoelder_block,tensor_core,gumbel_t0.7,1.827612,1.0,4.0,7.0,12.0,0.582587,0.996766,1.0,1.0,0.539844,0.539851
dflash_draft,int8_g32,hoelder_block,fp32_tree,greedy,2.24204,2.0,5.0,8.0,13.0,0.484328,0.992289,1.0,1.0,0.539844,0.539853
dflash_draft,int8_g32,hoelder_block,fp32_tree,gumbel_t1.0,1.556219,1.0,3.0,6.0,13.0,0.664179,0.999254,1.0,1.0,0.539844,0.53985
dflash_draft,int8_g32,hoelder_block,fp32_tree,gumbel_t0.7,1.756716,1.0,3.0,6.0,11.0,0.601244,0.997512,1.0,1.0,0.539844,0.539851
dflash_draft,int8_g32,min,tensor_core,greedy,1.768905,1.0,3.0,6.0,10.0,0.584826,0.998756,1.0,1.0,0.548438,0.548445
dflash_draft,int8_g32,min,tensor_core,gumbel_t1.0,1.352488,1.0,2.0,4.0,8.0,0.752488,1.0,1.0,1.0,0.548438,0.548443
dflash_draft,int8_g32,min,tensor_core,gumbel_t0.7,1.474627,1.0,3.0,5.0,9.0,0.7,0.999751,1.0,1.0,0.548438,0.548443
dflash_draft,int8_g32,min,fp32_tree,greedy,1.674627,1.0,3.0,6.0,9.0,0.610945,0.999254,1.0,1.0,0.548438,0.548444
dflash_draft,int8_g32,min,fp32_tree,gumbel_t1.0,1.310199,1.0,2.0,4.0,7.0,0.774876,1.0,1.0,1.0,0.548438,0.548443
dflash_draft,int8_g32,min,fp32_tree,gumbel_t0.7,1.4199,1.0,2.0,4.0,8.0,0.722886,1.0,1.0,1.0,0.548438,0.548443
dflash_draft,fp8_row,row_cs,tensor_core,greedy,8.058706,5.0,19.0,40.81,75.0,0.241294,0.633085,0.981841,1.0,0.501953,0.501986
dflash_draft,fp8_row,row_cs,tensor_core,gumbel_t1.0,4.43209,3.0,10.0,23.0,50.0,0.299751,0.85597,0.998259,1.0,0.501953,0.501971
dflash_draft,fp8_row,row_cs,tensor_core,gumbel_t0.7,5.728607,3.0,14.0,27.0,65.0,0.266169,0.772388,0.995771,1.0,0.501953,0.501976
dflash_draft,fp8_row,row_cs,fp32_tree,greedy,7.768657,5.0,18.0,39.0,65.0,0.243781,0.643284,0.983085,1.0,0.501953,0.501984
dflash_draft,fp8_row,row_cs,fp32_tree,gumbel_t1.0,4.279602,3.0,10.0,22.0,47.0,0.305473,0.864925,0.998507,1.0,0.501953,0.50197
dflash_draft,fp8_row,row_cs,fp32_tree,gumbel_t0.7,5.522139,3.0,13.0,25.0,61.0,0.272637,0.78607,0.996517,1.0,0.501953,0.501975
dflash_draft,fp8_row,block_l2,tensor_core,greedy,7.849005,5.0,18.0,38.0,68.0,0.242289,0.639303,0.983333,1.0,0.508984,0.509016
dflash_draft,fp8_row,block_l2,tensor_core,gumbel_t1.0,4.318905,3.0,10.0,22.0,47.0,0.302985,0.862687,0.998259,1.0,0.508984,0.509002
dflash_draft,fp8_row,block_l2,tensor_core,gumbel_t0.7,5.579602,3.0,13.0,26.0,63.0,0.271393,0.780597,0.996517,1.0,0.508984,0.509007
dflash_draft,fp8_row,block_l2,fp32_tree,greedy,7.557711,5.0,17.0,36.0,61.0,0.244776,0.648507,0.984577,1.0,0.508984,0.509015
dflash_draft,fp8_row,block_l2,fp32_tree,gumbel_t1.0,4.170896,3.0,10.0,21.0,45.0,0.310199,0.872139,0.998756,1.0,0.508984,0.509001
dflash_draft,fp8_row,block_l2,fp32_tree,gumbel_t0.7,5.370398,3.0,13.0,25.0,60.0,0.277363,0.79602,0.997264,1.0,0.508984,0.509006
dflash_draft,fp8_row,hoelder_block,tensor_core,greedy,202.777861,84.0,445.0,1396.58,29509.0,0.06791,0.218408,0.367662,0.582836,0.508984,0.509801
dflash_draft,fp8_row,hoelder_block,tensor_core,gumbel_t1.0,89.042289,48.0,228.0,550.62,1235.0,0.056219,0.207711,0.418657,0.764179,0.508984,0.509343
dflash_draft,fp8_row,hoelder_block,tensor_core,gumbel_t0.7,145.728109,64.0,368.1,1048.43,6347.0,0.062438,0.214428,0.374876,0.655224,0.508984,0.509571
dflash_draft,fp8_row,hoelder_block,fp32_tree,greedy,194.29005,82.0,429.0,1343.15,27076.0,0.068657,0.222139,0.370149,0.589801,0.508984,0.509767
dflash_draft,fp8_row,hoelder_block,fp32_tree,gumbel_t1.0,86.016169,46.0,221.0,534.0,1179.0,0.05796,0.20995,0.425124,0.773881,0.508984,0.509331
dflash_draft,fp8_row,hoelder_block,fp32_tree,gumbel_t0.7,140.073881,61.0,356.0,1008.81,6044.0,0.063682,0.216667,0.378607,0.663184,0.508984,0.509548
dflash_draft,fp8_row,min,tensor_core,greedy,7.849005,5.0,18.0,38.0,68.0,0.242289,0.639303,0.983333,1.0,0.517578,0.51761
dflash_draft,fp8_row,min,tensor_core,gumbel_t1.0,4.318905,3.0,10.0,22.0,47.0,0.302985,0.862687,0.998259,1.0,0.517578,0.517596
dflash_draft,fp8_row,min,tensor_core,gumbel_t0.7,5.579602,3.0,13.0,26.0,63.0,0.271393,0.780597,0.996517,1.0,0.517578,0.517601
dflash_draft,fp8_row,min,fp32_tree,greedy,7.557711,5.0,17.0,36.0,61.0,0.244776,0.648507,0.984577,1.0,0.517578,0.517609
dflash_draft,fp8_row,min,fp32_tree,gumbel_t1.0,4.170896,3.0,10.0,21.0,45.0,0.310199,0.872139,0.998756,1.0,0.517578,0.517595
dflash_draft,fp8_row,min,fp32_tree,gumbel_t0.7,5.370398,3.0,13.0,25.0,60.0,0.277363,0.79602,0.997264,1.0,0.517578,0.5176
dflash_draft,int4_g128,row_cs,tensor_core,greedy,4386.621891,832.0,7197.8,68645.64,247286.0,0.016169,0.09005,0.189055,0.301244,0.259375,0.27704
dflash_draft,int4_g128,row_cs,tensor_core,gumbel_t1.0,936.752985,455.0,2439.3,6019.01,17985.0,0.013682,0.068657,0.153234,0.28806,0.259375,0.263147
dflash_draft,int4_g128,row_cs,tensor_core,gumbel_t0.7,2352.537313,680.0,5860.1,22236.09,101182.0,0.015174,0.078607,0.179602,0.292786,0.259375,0.268849
dflash_draft,int4_g128,row_cs,fp32_tree,greedy,4195.70597,804.5,6803.7,64768.63,247055.0,0.016667,0.091294,0.190299,0.304229,0.259375,0.276271
dflash_draft,int4_g128,row_cs,fp32_tree,gumbel_t1.0,904.829353,439.0,2350.1,5802.24,17387.0,0.01393,0.069154,0.154975,0.291294,0.259375,0.263019
dflash_draft,int4_g128,row_cs,fp32_tree,gumbel_t0.7,2258.063682,656.0,5638.3,21356.14,97832.0,0.015423,0.0801,0.181592,0.296269,0.259375,0.268468
dflash_draft,int4_g128,block_l2,tensor_core,greedy,3473.212189,716.5,5497.4,49108.7,246519.0,0.019154,0.096766,0.198259,0.311443,0.266406,0.280393
dflash_draft,int4_g128,block_l2,tensor_core,gumbel_t1.0,792.766667,390.0,2059.1,5165.4,15409.0,0.015174,0.071144,0.162438,0.308955,0.266406,0.269599
dflash_draft,int4_g128,block_l2,tensor_core,gumbel_t0.7,1912.478856,586.5,4708.0,17752.2,91278.0,0.018159,0.083085,0.189552,0.304229,0.266406,0.274108
dflash_draft,int4_g128,block_l2,fp32_tree,greedy,3322.703483,690.5,5261.5,46081.08,246176.0,0.019403,0.097761,0.200249,0.314428,0.266406,0.279787
dflash_draft,int4_g128,block_l2,fp32_tree,gumbel_t1.0,765.797761,377.5,1985.2,4979.16,14864.0,0.015672,0.071891,0.165423,0.314179,0.266406,0.26949
dflash_draft,int4_g128,block_l2,fp32_tree,gumbel_t0.7,1835.264428,564.5,4520.1,17015.14,88180.0,0.018905,0.084328,0.191542,0.307711,0.266406,0.273797
dflash_draft,int4_g128,hoelder_block,tensor_core,greedy,36624.964428,9037.5,117892.3,245775.82,248320.0,0.000746,0.027612,0.076119,0.150995,0.266406,0.413897
dflash_draft,int4_g128,hoelder_block,tensor_core,gumbel_t1.0,7433.697015,3739.5,19401.6,47284.87,98649.0,0.001244,0.018657,0.054229,0.109453,0.266406,0.296342
dflash_draft,int4_g128,hoelder_block,tensor_core,gumbel_t0.7,21121.459204,7340.5,59190.7,167233.24,247532.0,0.000995,0.023383,0.067413,0.137313,0.266406,0.351464
dflash_draft,int4_g128,hoelder_block,fp32_tree,greedy,35466.852239,8650.0,112904.7,245528.73,248320.0,0.000746,0.028607,0.077114,0.152736,0.266406,0.409233
dflash_draft,int4_g128,hoelder_block,fp32_tree,gumbel_t1.0,7193.551741,3623.0,18774.5,45919.21,96379.0,0.001244,0.018657,0.054975,0.110697,0.266406,0.295375
dflash_draft,int4_g128,hoelder_block,fp32_tree,gumbel_t0.7,20442.758458,7033.5,56901.7,164049.04,247415.0,0.000995,0.023632,0.068408,0.138806,0.266406,0.348731
dflash_draft,int4_g128,hoelder_scale,tensor_core,greedy,38818.411692,9779.0,126839.2,246287.24,248320.0,0.000746,0.025871,0.073383,0.147512,0.258594,0.414918
dflash_draft,int4_g128,hoelder_scale,tensor_core,gumbel_t1.0,7895.232836,3982.5,20535.0,49900.94,102779.0,0.001244,0.018159,0.052985,0.105721,0.258594,0.290388
dflash_draft,int4_g128,hoelder_scale,tensor_core,gumbel_t0.7,22409.646517,7852.0,63297.4,172900.28,247703.0,0.000995,0.022388,0.066169,0.131841,0.258594,0.348839
dflash_draft,int4_g128,hoelder_scale,fp32_tree,greedy,37605.882338,9352.0,121778.7,246043.67,248320.0,0.000746,0.026866,0.074876,0.149502,0.258594,0.410035
dflash_draft,int4_g128,hoelder_scale,fp32_tree,gumbel_t1.0,7641.324378,3848.5,19915.0,48552.75,100452.0,0.001244,0.018657,0.053234,0.10796,0.258594,0.289366
dflash_draft,int4_g128,hoelder_scale,fp32_tree,gumbel_t0.7,21697.143035,7529.5,61153.9,169749.89,247602.0,0.000995,0.022637,0.067164,0.134826,0.258594,0.345969
dflash_draft,int4_g128,min,tensor_core,greedy,3473.212189,716.5,5497.4,49108.7,246519.0,0.019154,0.096766,0.198259,0.311443,0.275,0.288987
dflash_draft,int4_g128,min,tensor_core,gumbel_t1.0,792.766667,390.0,2059.1,5165.4,15409.0,0.015174,0.071144,0.162438,0.308955,0.275,0.278193
dflash_draft,int4_g128,min,tensor_core,gumbel_t0.7,1912.478856,586.5,4708.0,17752.2,91278.0,0.018159,0.083085,0.189552,0.304229,0.275,0.282702
dflash_draft,int4_g128,min,fp32_tree,greedy,3322.703483,690.5,5261.5,46081.08,246176.0,0.019403,0.097761,0.200249,0.314428,0.275,0.288381
dflash_draft,int4_g128,min,fp32_tree,gumbel_t1.0,765.797761,377.5,1985.2,4979.16,14864.0,0.015672,0.071891,0.165423,0.314179,0.275,0.278084
dflash_draft,int4_g128,min,fp32_tree,gumbel_t0.7,1835.264428,564.5,4520.1,17015.14,88180.0,0.018905,0.084328,0.191542,0.307711,0.275,0.282391
dflash_draft,int4_g32,row_cs,tensor_core,greedy,821.856965,241.5,1569.1,6700.54,174316.0,0.042289,0.15199,0.278358,0.417662,0.282813,0.286122
dflash_draft,int4_g32,row_cs,tensor_core,gumbel_t1.0,264.26194,135.0,691.0,1604.81,4441.0,0.033831,0.128856,0.264925,0.487811,0.282813,0.283877
dflash_draft,int4_g32,row_cs,tensor_core,gumbel_t0.7,527.4801,186.0,1316.2,4727.27,22670.0,0.038557,0.14403,0.270896,0.437065,0.282813,0.284937
dflash_draft,int4_g32,row_cs,fp32_tree,greedy,784.967164,234.0,1508.1,6330.11,169018.0,0.042786,0.15398,0.281841,0.420149,0.282813,0.285974
dflash_draft,int4_g32,row_cs,fp32_tree,gumbel_t1.0,255.200995,131.0,669.0,1556.67,4208.0,0.03408,0.131095,0.268657,0.495025,0.282813,0.28384
dflash_draft,int4_g32,row_cs,fp32_tree,gumbel_t0.7,506.497264,180.5,1260.4,4539.95,21703.0,0.039552,0.146517,0.273134,0.441294,0.282813,0.284852
dflash_draft,int4_g32,block_l2,tensor_core,greedy,716.554726,223.5,1338.0,5529.13,165114.0,0.043532,0.15597,0.286318,0.424378,0.289844,0.292729
dflash_draft,int4_g32,block_l2,tensor_core,gumbel_t1.0,237.646766,123.0,622.1,1480.0,3879.0,0.034577,0.135323,0.274876,0.511443,0.289844,0.290801
dflash_draft,int4_g32,block_l2,tensor_core,gumbel_t0.7,462.119154,169.0,1144.1,4098.98,20914.0,0.040299,0.149502,0.276368,0.45199,0.289844,0.291705
dflash_draft,int4_g32,block_l2,fp32_tree,greedy,684.808209,217.0,1285.0,5213.63,159487.0,0.044776,0.157214,0.288557,0.427363,0.289844,0.292602
dflash_draft,int4_g32,block_l2,fp32_tree,gumbel_t1.0,229.513682,119.0,599.1,1427.62,3708.0,0.035821,0.137313,0.277861,0.520398,0.289844,0.290768
dflash_draft,int4_g32,block_l2,fp32_tree,gumbel_t0.7,443.735572,163.0,1100.4,3892.58,19971.0,0.041045,0.153234,0.277861,0.458209,0.289844,0.291631
dflash_draft,int4_g32,hoelder_block,tensor_core,greedy,30727.774378,7100.5,93472.7,243694.22,248320.0,0.001244,0.031095,0.082836,0.161194,0.289844,0.413586
dflash_draft,int4_g32,hoelder_block,tensor_core,gumbel_t1.0,6163.012438,3082.5,16145.7,38963.29,84476.0,0.00199,0.020398,0.059204,0.118408,0.289844,0.314663
dflash_draft,int4_g32,hoelder_block,tensor_core,gumbel_t0.7,17578.415423,5795.5,48198.3,147316.3,246414.0,0.00199,0.026866,0.072388,0.148507,0.289844,0.360633
dflash_draft,int4_g32,hoelder_block,fp32_tree,greedy,29724.206219,6834.0,88793.1,243071.82,248320.0,0.001244,0.03209,0.084328,0.165174,0.289844,0.409545
dflash_draft,int4_g32,hoelder_block,fp32_tree,gumbel_t1.0,5962.253731,2983.5,15620.3,37900.39,82347.0,0.00199,0.020647,0.060199,0.120647,0.289844,0.313854
dflash_draft,int4_g32,hoelder_block,fp32_tree,gumbel_t0.7,16994.266667,5577.5,46347.9,143894.81,246165.0,0.00199,0.026866,0.073881,0.150249,0.289844,0.358281
dflash_draft,int4_g32,min,tensor_core,greedy,716.554726,223.5,1338.0,5529.13,165114.0,0.043532,0.15597,0.286318,0.424378,0.298438,0.301323
dflash_draft,int4_g32,min,tensor_core,gumbel_t1.0,237.646766,123.0,622.1,1480.0,3879.0,0.034577,0.135323,0.274876,0.511443,0.298438,0.299395
dflash_draft,int4_g32,min,tensor_core,gumbel_t0.7,462.119154,169.0,1144.1,4098.98,20914.0,0.040299,0.149502,0.276368,0.45199,0.298438,0.300298
dflash_draft,int4_g32,min,fp32_tree,greedy,684.808209,217.0,1285.0,5213.63,159487.0,0.044776,0.157214,0.288557,0.427363,0.298438,0.301195
dflash_draft,int4_g32,min,fp32_tree,gumbel_t1.0,229.513682,119.0,599.1,1427.62,3708.0,0.035821,0.137313,0.277861,0.520398,0.298438,0.299362
dflash_draft,int4_g32,min,fp32_tree,gumbel_t0.7,443.735572,163.0,1100.4,3892.58,19971.0,0.041045,0.153234,0.277861,0.458209,0.298438,0.300224
