k,plain_int8_row_greedy,plain_int8_row_gumbel_t1.0,plain_int8_g128_greedy,plain_int8_g128_gumbel_t1.0,plain_int8_g32_greedy,plain_int8_g32_gumbel_t1.0,plain_fp8_row_greedy,plain_fp8_row_gumbel_t1.0,plain_int4_g32_greedy,plain_int4_g32_gumbel_t1.0,plain_int4_g128_greedy,plain_int4_g128_gumbel_t1.0
1,1,1,1,1,1,1,1,1,1,1,1,1
2,0.246295,0.248793,0.185845,0.190674,0.160366,0.164363,0.438301,0.455121,0.999833,0.9995,1,1
3,0.1199,0.119234,0.0737719,0.0699417,0.0579517,0.0527893,0.30741,0.321399,0.999667,0.998002,1,0.999833
4,0.065612,0.065612,0.0331391,0.0341382,0.0221482,0.0226478,0.249958,0.259617,0.997169,0.994671,1,0.999833
5,0.0398002,0.0366361,0.0178185,0.0164863,0.0108243,0.00949209,0.206994,0.215321,0.994505,0.989842,1,0.9995
6,0.0253122,0.0221482,0.00915903,0.00915903,0.00499584,0.00466278,0.175687,0.180516,0.989842,0.986345,1,0.9995
8,0.0108243,0.00999167,0.0029975,0.00216486,0.00166528,0.000499584,0.13239,0.137552,0.978185,0.975021,1,0.999167
12,0.00266445,0.00216486,0.000832639,0,0.000333056,0,0.0852623,0.0942548,0.945545,0.950375,0.9995,0.998668
16,0.000999167,0.000333056,0.000166528,0,0.000166528,0,0.0631141,0.068776,0.90408,0.917569,0.997835,0.996503
24,0.000333056,0,0,0,0,0,0.0401332,0.0446295,0.843131,0.874771,0.988177,0.990008
32,0,0,0,0,0,0,0.027144,0.029642,0.800333,0.840633,0.978851,0.980683
64,0,0,0,0,0,0,0.00899251,0.00915903,0.706245,0.757369,0.938385,0.955204
128,0,0,0,0,0,0,0.00166528,0.000666112,0.614488,0.674604,0.881765,0.91557
256,0,0,0,0,0,0,0.000333056,0,0.536053,0.600333,0.825978,0.875437
1024,0,0,0,0,0,0,0,0,0.416986,0.469942,0.716403,0.772856
4096,0,0,0,0,0,0,0,0,0.298585,0.346545,0.607161,0.653789
16384,0,0,0,0,0,0,0,0,0.203164,0.219484,0.490092,0.5204
65536,0,0,0,0,0,0,0,0,0.109742,0.105912,0.358535,0.365362
248320,0,0,0,0,0,0,0,0,0,0,0.00133222,0
