arm,c,n,x_e2e_mean,x_e2e_std,y_mean,y_std,accept_length_mean
S0,1,3,981.88,0.97,869.29,0.71,5.701
S0,2,3,873.39,1.6,1504.55,2.61,5.693
S0,4,3,709.29,1.74,2420.95,5.49,5.682
S0,8,3,528.8,1.48,3494.37,9.32,5.766
B0,1,3,981.2,2.22,868.64,1.51,5.701
B0,2,3,871.99,2.51,1502.27,3.89,5.693
B0,4,3,708.89,3.73,2419.55,11.97,5.682
B0,8,3,526.06,3.56,3477.68,23.16,5.766
F,1,3,952.69,1.67,844.15,1.22,5.701
F,2,3,861.71,1.77,1484.37,2.85,5.693
F,4,3,715.46,2.25,2439.04,7.17,5.682
F,8,3,567.44,1.48,3731.68,8.48,5.766
G,1,3,990.45,1.72,881.88,1.55,5.743
G,2,3,863.23,0.82,1498.65,1.4,5.671
G,4,3,721.06,2.85,2462.7,9.23,5.685
G,8,3,533.01,2.1,3518.71,13.26,5.759
H,1,0,,,,,
H,2,0,,,,,
H,4,0,,,,,
H,8,0,,,,,
FG,1,3,956.71,2.27,852.39,2.16,5.743
FG,2,3,848.44,3.46,1473.29,5.65,5.671
FG,4,3,723.88,2.78,2470.03,8.93,5.685
FG,8,3,572.32,4.72,3761.82,29.43,5.766
FGH,1,3,967.68,0.52,860.98,0.28,5.743
FGH,2,3,849.21,1.01,1474.5,1.54,5.671
FGH,4,3,718.84,1.79,2451.86,4.63,5.693
FGH,8,3,570.42,1.74,3749.48,11.72,5.766
