label,run,arm,args,env,exactness,max_running_requests,max_total_num_tokens,graph_max_batch,weights_gb,kv_cache_gb,ready_after_s,checks_failed,overlap_event_loop,sglang_head,sglang_dirty,repo_head,server_version
stack-B0,20261002-004325,dflash-tuned-b16,"{""attention-backend"": ""triton"", ""disable-radix-cache"": true, ""enable-metrics"": true, ""max-mamba-cache-size"": 64, ""max-running-requests"": 64, ""max-total-tokens"": 1000000, ""mem-fraction-static"": 0.85, ""mm-attention-backend"": ""triton_attn"", ""random-seed"": 0, ""speculative-algorithm"": ""DFLASH"", ""speculative-dflash-block-size"": 16, ""speculative-draft-model-path"": ""z-lab/Qwen3.5-4B-DFlash"", ""speculative-draft-model-revision"": ""9a1996ccf887b79ab3af4fcbf8c1d1f4b5658bcf"", ""stream-interval"": 4}",{},exact-up-to-rounding,64,307934,64,8.6210,9.3970,57.0000,,,7f6f891b9e7fcfa983e896197e7fc0dfba9b44d1,False,84717d2e883f1aae6992ad8a1d4c65d857e71aad,0.5.21.dev861+gbd66ce343
stack-B0,20261002-005947,dflash-tuned-b16,"{""attention-backend"": ""triton"", ""disable-radix-cache"": true, ""enable-metrics"": true, ""max-mamba-cache-size"": 64, ""max-running-requests"": 64, ""max-total-tokens"": 1000000, ""mem-fraction-static"": 0.85, ""mm-attention-backend"": ""triton_attn"", ""random-seed"": 0, ""speculative-algorithm"": ""DFLASH"", ""speculative-dflash-block-size"": 16, ""speculative-draft-model-path"": ""z-lab/Qwen3.5-4B-DFlash"", ""speculative-draft-model-revision"": ""9a1996ccf887b79ab3af4fcbf8c1d1f4b5658bcf"", ""stream-interval"": 4}",{},exact-up-to-rounding,64,307927,64,8.6210,9.3970,59.0000,,,7f6f891b9e7fcfa983e896197e7fc0dfba9b44d1,False,84717d2e883f1aae6992ad8a1d4c65d857e71aad,0.5.21.dev861+gbd66ce343
stack-B0,20261002-020634,dflash-tuned-b16,"{""attention-backend"": ""triton"", ""disable-radix-cache"": true, ""enable-metrics"": true, ""max-mamba-cache-size"": 64, ""max-running-requests"": 64, ""max-total-tokens"": 1000000, ""mem-fraction-static"": 0.85, ""mm-attention-backend"": ""triton_attn"", ""random-seed"": 0, ""speculative-algorithm"": ""DFLASH"", ""speculative-dflash-block-size"": 16, ""speculative-draft-model-path"": ""z-lab/Qwen3.5-4B-DFlash"", ""speculative-draft-model-revision"": ""9a1996ccf887b79ab3af4fcbf8c1d1f4b5658bcf"", ""stream-interval"": 4}",{},exact-up-to-rounding,64,307917,64,8.6210,9.3970,55.0000,,,7f6f891b9e7fcfa983e896197e7fc0dfba9b44d1,False,84717d2e883f1aae6992ad8a1d4c65d857e71aad,0.5.21.dev861+gbd66ce343
stack-F,20261002-003243,dflash-tuned-b16,"{""attention-backend"": ""triton"", ""disable-radix-cache"": true, ""enable-linear-replayssm-spec"": true, ""enable-metrics"": true, ""max-mamba-cache-size"": 64, ""max-running-requests"": 64, ""max-total-tokens"": 1000000, ""mem-fraction-static"": 0.85, ""mm-attention-backend"": ""triton_attn"", ""random-seed"": 0, ""speculative-algorithm"": ""DFLASH"", ""speculative-dflash-block-size"": 16, ""speculative-draft-model-path"": ""z-lab/Qwen3.5-4B-DFlash"", ""speculative-draft-model-revision"": ""9a1996ccf887b79ab3af4fcbf8c1d1f4b5658bcf"", ""stream-interval"": 4}","{""SGLANG_GDN_REPLAYSSM_FOLD"": ""1""}",pending,64,1000000,64,8.6210,30.5180,55.0000,,,7f6f891b9e7fcfa983e896197e7fc0dfba9b44d1,False,84717d2e883f1aae6992ad8a1d4c65d857e71aad,0.5.21.dev861+gbd66ce343
stack-F,20261002-011033,dflash-tuned-b16,"{""attention-backend"": ""triton"", ""disable-radix-cache"": true, ""enable-linear-replayssm-spec"": true, ""enable-metrics"": true, ""max-mamba-cache-size"": 64, ""max-running-requests"": 64, ""max-total-tokens"": 1000000, ""mem-fraction-static"": 0.85, ""mm-attention-backend"": ""triton_attn"", ""random-seed"": 0, ""speculative-algorithm"": ""DFLASH"", ""speculative-dflash-block-size"": 16, ""speculative-draft-model-path"": ""z-lab/Qwen3.5-4B-DFlash"", ""speculative-draft-model-revision"": ""9a1996ccf887b79ab3af4fcbf8c1d1f4b5658bcf"", ""stream-interval"": 4}","{""SGLANG_GDN_REPLAYSSM_FOLD"": ""1""}",pending,64,1000000,64,8.6210,30.5180,55.0000,,,7f6f891b9e7fcfa983e896197e7fc0dfba9b44d1,False,84717d2e883f1aae6992ad8a1d4c65d857e71aad,0.5.21.dev861+gbd66ce343
stack-F,20261002-015557,dflash-tuned-b16,"{""attention-backend"": ""triton"", ""disable-radix-cache"": true, ""enable-linear-replayssm-spec"": true, ""enable-metrics"": true, ""max-mamba-cache-size"": 64, ""max-running-requests"": 64, ""max-total-tokens"": 1000000, ""mem-fraction-static"": 0.85, ""mm-attention-backend"": ""triton_attn"", ""random-seed"": 0, ""speculative-algorithm"": ""DFLASH"", ""speculative-dflash-block-size"": 16, ""speculative-draft-model-path"": ""z-lab/Qwen3.5-4B-DFlash"", ""speculative-draft-model-revision"": ""9a1996ccf887b79ab3af4fcbf8c1d1f4b5658bcf"", ""stream-interval"": 4}","{""SGLANG_GDN_REPLAYSSM_FOLD"": ""1""}",pending,64,1000000,64,8.6210,30.5180,55.1000,,,7f6f891b9e7fcfa983e896197e7fc0dfba9b44d1,False,84717d2e883f1aae6992ad8a1d4c65d857e71aad,0.5.21.dev861+gbd66ce343
stack-FG,20261002-004013,dflash-tuned-b16,"{""attention-backend"": ""triton"", ""disable-radix-cache"": true, ""enable-linear-replayssm-spec"": true, ""enable-metrics"": true, ""max-mamba-cache-size"": 64, ""max-running-requests"": 64, ""max-total-tokens"": 1000000, ""mem-fraction-static"": 0.85, ""mm-attention-backend"": ""triton_attn"", ""random-seed"": 0, ""speculative-algorithm"": ""DFLASH"", ""speculative-dflash-block-size"": 16, ""speculative-draft-model-path"": ""z-lab/Qwen3.5-4B-DFlash"", ""speculative-draft-model-revision"": ""9a1996ccf887b79ab3af4fcbf8c1d1f4b5658bcf"", ""stream-interval"": 4}","{""SGLANG_BACKBONE_GEMM"": ""1"", ""SGLANG_BACKBONE_GEMM_TABLE"": ""/home/ubuntu/vp-data/stack/equality/20261001T212416Z/backbone_table_v1.json"", ""SGLANG_BACKBONE_MERGE_IN_PROJ"": ""1"", ""SGLANG_BACKBONE_PDL"": ""1"", ""SGLANG_GDN_REPLAYSSM_FOLD"": ""1""}",pending,64,1000000,64,8.6200,30.5180,55.0000,,,7f6f891b9e7fcfa983e896197e7fc0dfba9b44d1,False,84717d2e883f1aae6992ad8a1d4c65d857e71aad,0.5.21.dev861+gbd66ce343
stack-FG,20261002-010305,dflash-tuned-b16,"{""attention-backend"": ""triton"", ""disable-radix-cache"": true, ""enable-linear-replayssm-spec"": true, ""enable-metrics"": true, ""max-mamba-cache-size"": 64, ""max-running-requests"": 64, ""max-total-tokens"": 1000000, ""mem-fraction-static"": 0.85, ""mm-attention-backend"": ""triton_attn"", ""random-seed"": 0, ""speculative-algorithm"": ""DFLASH"", ""speculative-dflash-block-size"": 16, ""speculative-draft-model-path"": ""z-lab/Qwen3.5-4B-DFlash"", ""speculative-draft-model-revision"": ""9a1996ccf887b79ab3af4fcbf8c1d1f4b5658bcf"", ""stream-interval"": 4}","{""SGLANG_BACKBONE_GEMM"": ""1"", ""SGLANG_BACKBONE_GEMM_TABLE"": ""/home/ubuntu/vp-data/stack/equality/20261001T212416Z/backbone_table_v1.json"", ""SGLANG_BACKBONE_MERGE_IN_PROJ"": ""1"", ""SGLANG_BACKBONE_PDL"": ""1"", ""SGLANG_GDN_REPLAYSSM_FOLD"": ""1""}",pending,64,1000000,64,8.6210,30.5180,57.0000,,,7f6f891b9e7fcfa983e896197e7fc0dfba9b44d1,False,84717d2e883f1aae6992ad8a1d4c65d857e71aad,0.5.21.dev861+gbd66ce343
stack-FG,20261002-020323,dflash-tuned-b16,"{""attention-backend"": ""triton"", ""disable-radix-cache"": true, ""enable-linear-replayssm-spec"": true, ""enable-metrics"": true, ""max-mamba-cache-size"": 64, ""max-running-requests"": 64, ""max-total-tokens"": 1000000, ""mem-fraction-static"": 0.85, ""mm-attention-backend"": ""triton_attn"", ""random-seed"": 0, ""speculative-algorithm"": ""DFLASH"", ""speculative-dflash-block-size"": 16, ""speculative-draft-model-path"": ""z-lab/Qwen3.5-4B-DFlash"", ""speculative-draft-model-revision"": ""9a1996ccf887b79ab3af4fcbf8c1d1f4b5658bcf"", ""stream-interval"": 4}","{""SGLANG_BACKBONE_GEMM"": ""1"", ""SGLANG_BACKBONE_GEMM_TABLE"": ""/home/ubuntu/vp-data/stack/equality/20261001T212416Z/backbone_table_v1.json"", ""SGLANG_BACKBONE_MERGE_IN_PROJ"": ""1"", ""SGLANG_BACKBONE_PDL"": ""1"", ""SGLANG_GDN_REPLAYSSM_FOLD"": ""1""}",pending,64,1000000,64,8.6200,30.5180,55.0000,,,7f6f891b9e7fcfa983e896197e7fc0dfba9b44d1,False,84717d2e883f1aae6992ad8a1d4c65d857e71aad,0.5.21.dev861+gbd66ce343
stack-FGH,20261002-002926,dflash-tuned-b16,"{""attention-backend"": ""triton"", ""disable-radix-cache"": true, ""enable-linear-replayssm-spec"": true, ""enable-metrics"": true, ""max-mamba-cache-size"": 64, ""max-running-requests"": 64, ""max-total-tokens"": 1000000, ""mem-fraction-static"": 0.85, ""mm-attention-backend"": ""triton_attn"", ""random-seed"": 0, ""speculative-algorithm"": ""DFLASH"", ""speculative-dflash-block-size"": 16, ""speculative-draft-model-path"": ""z-lab/Qwen3.5-4B-DFlash"", ""speculative-draft-model-revision"": ""9a1996ccf887b79ab3af4fcbf8c1d1f4b5658bcf"", ""stream-interval"": 4}","{""SGLANG_BACKBONE_GEMM"": ""1"", ""SGLANG_BACKBONE_GEMM_TABLE"": ""/home/ubuntu/vp-data/stack/equality/20261001T212416Z/backbone_table_v1.json"", ""SGLANG_BACKBONE_MERGE_IN_PROJ"": ""1"", ""SGLANG_BACKBONE_PDL"": ""1"", ""SGLANG_CERTIFIED_HEAD_FALLBACK"": ""columns"", ""SGLANG_CERTIFIED_HEAD_MAX_ROWS"": ""64"", ""SGLANG_CERTIFIED_HEAD_MODEL"": ""conservative"", ""SGLANG_CERTIFIED_HEAD_SRC"": ""/home/ubuntu/vp-wt/stack-cert/src"", ""SGLANG_CERTIFIED_HEAD_VERIFY"": ""1"", ""SGLANG_GDN_REPLAYSSM_FOLD"": ""1""}",pending,64,1000000,64,8.6210,30.5180,59.0000,,,7f6f891b9e7fcfa983e896197e7fc0dfba9b44d1,False,84717d2e883f1aae6992ad8a1d4c65d857e71aad,0.5.21.dev861+gbd66ce343
stack-FGH,20261002-004640,dflash-tuned-b16,"{""attention-backend"": ""triton"", ""disable-radix-cache"": true, ""enable-linear-replayssm-spec"": true, ""enable-metrics"": true, ""max-mamba-cache-size"": 64, ""max-running-requests"": 64, ""max-total-tokens"": 1000000, ""mem-fraction-static"": 0.85, ""mm-attention-backend"": ""triton_attn"", ""random-seed"": 0, ""speculative-algorithm"": ""DFLASH"", ""speculative-dflash-block-size"": 16, ""speculative-draft-model-path"": ""z-lab/Qwen3.5-4B-DFlash"", ""speculative-draft-model-revision"": ""9a1996ccf887b79ab3af4fcbf8c1d1f4b5658bcf"", ""stream-interval"": 4}","{""SGLANG_BACKBONE_GEMM"": ""1"", ""SGLANG_BACKBONE_GEMM_TABLE"": ""/home/ubuntu/vp-data/stack/equality/20261001T212416Z/backbone_table_v1.json"", ""SGLANG_BACKBONE_MERGE_IN_PROJ"": ""1"", ""SGLANG_BACKBONE_PDL"": ""1"", ""SGLANG_CERTIFIED_HEAD_FALLBACK"": ""columns"", ""SGLANG_CERTIFIED_HEAD_MAX_ROWS"": ""64"", ""SGLANG_CERTIFIED_HEAD_MODEL"": ""conservative"", ""SGLANG_CERTIFIED_HEAD_SRC"": ""/home/ubuntu/vp-wt/stack-cert/src"", ""SGLANG_CERTIFIED_HEAD_VERIFY"": ""1"", ""SGLANG_GDN_REPLAYSSM_FOLD"": ""1""}",pending,64,1000000,64,8.6210,30.5180,61.0000,,,7f6f891b9e7fcfa983e896197e7fc0dfba9b44d1,False,84717d2e883f1aae6992ad8a1d4c65d857e71aad,0.5.21.dev861+gbd66ce343
stack-FGH,20261002-005631,dflash-tuned-b16,"{""attention-backend"": ""triton"", ""disable-radix-cache"": true, ""enable-linear-replayssm-spec"": true, ""enable-metrics"": true, ""max-mamba-cache-size"": 64, ""max-running-requests"": 64, ""max-total-tokens"": 1000000, ""mem-fraction-static"": 0.85, ""mm-attention-backend"": ""triton_attn"", ""random-seed"": 0, ""speculative-algorithm"": ""DFLASH"", ""speculative-dflash-block-size"": 16, ""speculative-draft-model-path"": ""z-lab/Qwen3.5-4B-DFlash"", ""speculative-draft-model-revision"": ""9a1996ccf887b79ab3af4fcbf8c1d1f4b5658bcf"", ""stream-interval"": 4}","{""SGLANG_BACKBONE_GEMM"": ""1"", ""SGLANG_BACKBONE_GEMM_TABLE"": ""/home/ubuntu/vp-data/stack/equality/20261001T212416Z/backbone_table_v1.json"", ""SGLANG_BACKBONE_MERGE_IN_PROJ"": ""1"", ""SGLANG_BACKBONE_PDL"": ""1"", ""SGLANG_CERTIFIED_HEAD_FALLBACK"": ""columns"", ""SGLANG_CERTIFIED_HEAD_MAX_ROWS"": ""64"", ""SGLANG_CERTIFIED_HEAD_MODEL"": ""conservative"", ""SGLANG_CERTIFIED_HEAD_SRC"": ""/home/ubuntu/vp-wt/stack-cert/src"", ""SGLANG_CERTIFIED_HEAD_VERIFY"": ""1"", ""SGLANG_GDN_REPLAYSSM_FOLD"": ""1""}",pending,64,1000000,64,8.6210,30.5180,59.0000,,,7f6f891b9e7fcfa983e896197e7fc0dfba9b44d1,False,84717d2e883f1aae6992ad8a1d4c65d857e71aad,0.5.21.dev861+gbd66ce343
stack-FGH,20261002-011345,dflash-tuned-b16,"{""attention-backend"": ""triton"", ""disable-radix-cache"": true, ""enable-linear-replayssm-spec"": true, ""enable-metrics"": true, ""max-mamba-cache-size"": 64, ""max-running-requests"": 64, ""max-total-tokens"": 1000000, ""mem-fraction-static"": 0.85, ""mm-attention-backend"": ""triton_attn"", ""random-seed"": 0, ""speculative-algorithm"": ""DFLASH"", ""speculative-dflash-block-size"": 16, ""speculative-draft-model-path"": ""z-lab/Qwen3.5-4B-DFlash"", ""speculative-draft-model-revision"": ""9a1996ccf887b79ab3af4fcbf8c1d1f4b5658bcf"", ""stream-interval"": 4}","{""SGLANG_BACKBONE_GEMM"": ""1"", ""SGLANG_BACKBONE_GEMM_TABLE"": ""/home/ubuntu/vp-data/stack/equality/20261001T212416Z/backbone_table_v1.json"", ""SGLANG_BACKBONE_MERGE_IN_PROJ"": ""1"", ""SGLANG_BACKBONE_PDL"": ""1"", ""SGLANG_CERTIFIED_HEAD_FALLBACK"": ""columns"", ""SGLANG_CERTIFIED_HEAD_MAX_ROWS"": ""64"", ""SGLANG_CERTIFIED_HEAD_MODEL"": ""conservative"", ""SGLANG_CERTIFIED_HEAD_SRC"": ""/home/ubuntu/vp-wt/stack-cert/src"", ""SGLANG_CERTIFIED_HEAD_VERIFY"": ""1"", ""SGLANG_GDN_REPLAYSSM_FOLD"": ""1""}",pending,64,1000000,64,8.6210,30.5180,59.0000,,,7f6f891b9e7fcfa983e896197e7fc0dfba9b44d1,False,84717d2e883f1aae6992ad8a1d4c65d857e71aad,0.5.21.dev861+gbd66ce343
stack-FGH,20261002-015239,dflash-tuned-b16,"{""attention-backend"": ""triton"", ""disable-radix-cache"": true, ""enable-linear-replayssm-spec"": true, ""enable-metrics"": true, ""max-mamba-cache-size"": 64, ""max-running-requests"": 64, ""max-total-tokens"": 1000000, ""mem-fraction-static"": 0.85, ""mm-attention-backend"": ""triton_attn"", ""random-seed"": 0, ""speculative-algorithm"": ""DFLASH"", ""speculative-dflash-block-size"": 16, ""speculative-draft-model-path"": ""z-lab/Qwen3.5-4B-DFlash"", ""speculative-draft-model-revision"": ""9a1996ccf887b79ab3af4fcbf8c1d1f4b5658bcf"", ""stream-interval"": 4}","{""SGLANG_BACKBONE_GEMM"": ""1"", ""SGLANG_BACKBONE_GEMM_TABLE"": ""/home/ubuntu/vp-data/stack/equality/20261001T212416Z/backbone_table_v1.json"", ""SGLANG_BACKBONE_MERGE_IN_PROJ"": ""1"", ""SGLANG_BACKBONE_PDL"": ""1"", ""SGLANG_CERTIFIED_HEAD_FALLBACK"": ""columns"", ""SGLANG_CERTIFIED_HEAD_MAX_ROWS"": ""64"", ""SGLANG_CERTIFIED_HEAD_MODEL"": ""conservative"", ""SGLANG_CERTIFIED_HEAD_SRC"": ""/home/ubuntu/vp-wt/stack-cert/src"", ""SGLANG_CERTIFIED_HEAD_VERIFY"": ""1"", ""SGLANG_GDN_REPLAYSSM_FOLD"": ""1""}",pending,64,1000000,64,8.6210,30.5180,61.0000,,,7f6f891b9e7fcfa983e896197e7fc0dfba9b44d1,False,84717d2e883f1aae6992ad8a1d4c65d857e71aad,0.5.21.dev861+gbd66ce343
stack-FGH,20261002-020947,dflash-tuned-b16,"{""attention-backend"": ""triton"", ""disable-radix-cache"": true, ""enable-linear-replayssm-spec"": true, ""enable-metrics"": true, ""max-mamba-cache-size"": 64, ""max-running-requests"": 64, ""max-total-tokens"": 1000000, ""mem-fraction-static"": 0.85, ""mm-attention-backend"": ""triton_attn"", ""random-seed"": 0, ""speculative-algorithm"": ""DFLASH"", ""speculative-dflash-block-size"": 16, ""speculative-draft-model-path"": ""z-lab/Qwen3.5-4B-DFlash"", ""speculative-draft-model-revision"": ""9a1996ccf887b79ab3af4fcbf8c1d1f4b5658bcf"", ""stream-interval"": 4}","{""SGLANG_BACKBONE_GEMM"": ""1"", ""SGLANG_BACKBONE_GEMM_TABLE"": ""/home/ubuntu/vp-data/stack/equality/20261001T212416Z/backbone_table_v1.json"", ""SGLANG_BACKBONE_MERGE_IN_PROJ"": ""1"", ""SGLANG_BACKBONE_PDL"": ""1"", ""SGLANG_CERTIFIED_HEAD_FALLBACK"": ""columns"", ""SGLANG_CERTIFIED_HEAD_MAX_ROWS"": ""64"", ""SGLANG_CERTIFIED_HEAD_MODEL"": ""conservative"", ""SGLANG_CERTIFIED_HEAD_SRC"": ""/home/ubuntu/vp-wt/stack-cert/src"", ""SGLANG_CERTIFIED_HEAD_VERIFY"": ""1"", ""SGLANG_GDN_REPLAYSSM_FOLD"": ""1""}",pending,64,1000000,64,8.6210,30.5180,59.0000,,,7f6f891b9e7fcfa983e896197e7fc0dfba9b44d1,False,84717d2e883f1aae6992ad8a1d4c65d857e71aad,0.5.21.dev861+gbd66ce343
stack-G,20261002-003556,dflash-tuned-b16,"{""attention-backend"": ""triton"", ""disable-radix-cache"": true, ""enable-metrics"": true, ""max-mamba-cache-size"": 64, ""max-running-requests"": 64, ""max-total-tokens"": 1000000, ""mem-fraction-static"": 0.85, ""mm-attention-backend"": ""triton_attn"", ""random-seed"": 0, ""speculative-algorithm"": ""DFLASH"", ""speculative-dflash-block-size"": 16, ""speculative-draft-model-path"": ""z-lab/Qwen3.5-4B-DFlash"", ""speculative-draft-model-revision"": ""9a1996ccf887b79ab3af4fcbf8c1d1f4b5658bcf"", ""stream-interval"": 4}","{""SGLANG_BACKBONE_GEMM"": ""1"", ""SGLANG_BACKBONE_GEMM_TABLE"": ""/home/ubuntu/vp-data/stack/equality/20261001T212416Z/backbone_table_v1.json"", ""SGLANG_BACKBONE_MERGE_IN_PROJ"": ""1"", ""SGLANG_BACKBONE_PDL"": ""1""}",pending,64,307980,64,8.6210,9.3990,55.0000,,,7f6f891b9e7fcfa983e896197e7fc0dfba9b44d1,False,84717d2e883f1aae6992ad8a1d4c65d857e71aad,0.5.21.dev861+gbd66ce343
stack-G,20261002-010721,dflash-tuned-b16,"{""attention-backend"": ""triton"", ""disable-radix-cache"": true, ""enable-metrics"": true, ""max-mamba-cache-size"": 64, ""max-running-requests"": 64, ""max-total-tokens"": 1000000, ""mem-fraction-static"": 0.85, ""mm-attention-backend"": ""triton_attn"", ""random-seed"": 0, ""speculative-algorithm"": ""DFLASH"", ""speculative-dflash-block-size"": 16, ""speculative-draft-model-path"": ""z-lab/Qwen3.5-4B-DFlash"", ""speculative-draft-model-revision"": ""9a1996ccf887b79ab3af4fcbf8c1d1f4b5658bcf"", ""stream-interval"": 4}","{""SGLANG_BACKBONE_GEMM"": ""1"", ""SGLANG_BACKBONE_GEMM_TABLE"": ""/home/ubuntu/vp-data/stack/equality/20261001T212416Z/backbone_table_v1.json"", ""SGLANG_BACKBONE_MERGE_IN_PROJ"": ""1"", ""SGLANG_BACKBONE_PDL"": ""1""}",pending,64,307934,64,8.6200,9.3970,55.0000,,,7f6f891b9e7fcfa983e896197e7fc0dfba9b44d1,False,84717d2e883f1aae6992ad8a1d4c65d857e71aad,0.5.21.dev861+gbd66ce343
stack-G,20261002-015906,dflash-tuned-b16,"{""attention-backend"": ""triton"", ""disable-radix-cache"": true, ""enable-metrics"": true, ""max-mamba-cache-size"": 64, ""max-running-requests"": 64, ""max-total-tokens"": 1000000, ""mem-fraction-static"": 0.85, ""mm-attention-backend"": ""triton_attn"", ""random-seed"": 0, ""speculative-algorithm"": ""DFLASH"", ""speculative-dflash-block-size"": 16, ""speculative-draft-model-path"": ""z-lab/Qwen3.5-4B-DFlash"", ""speculative-draft-model-revision"": ""9a1996ccf887b79ab3af4fcbf8c1d1f4b5658bcf"", ""stream-interval"": 4}","{""SGLANG_BACKBONE_GEMM"": ""1"", ""SGLANG_BACKBONE_GEMM_TABLE"": ""/home/ubuntu/vp-data/stack/equality/20261001T212416Z/backbone_table_v1.json"", ""SGLANG_BACKBONE_MERGE_IN_PROJ"": ""1"", ""SGLANG_BACKBONE_PDL"": ""1""}",pending,64,308016,64,8.6210,9.4000,55.0000,,,7f6f891b9e7fcfa983e896197e7fc0dfba9b44d1,False,84717d2e883f1aae6992ad8a1d4c65d857e71aad,0.5.21.dev861+gbd66ce343
stack-S0,20261002-002613,dflash-tuned-b16,"{""attention-backend"": ""triton"", ""disable-radix-cache"": true, ""enable-metrics"": true, ""max-mamba-cache-size"": 64, ""max-running-requests"": 64, ""max-total-tokens"": 1000000, ""mem-fraction-static"": 0.85, ""mm-attention-backend"": ""triton_attn"", ""random-seed"": 0, ""speculative-algorithm"": ""DFLASH"", ""speculative-dflash-block-size"": 16, ""speculative-draft-model-path"": ""z-lab/Qwen3.5-4B-DFlash"", ""speculative-draft-model-revision"": ""9a1996ccf887b79ab3af4fcbf8c1d1f4b5658bcf"", ""stream-interval"": 4}",{},exact-up-to-rounding,64,307943,64,8.6210,9.3980,57.0000,,,bd66ce343e4f6e2f2b75d7e820fe4d0718a8d824,False,84717d2e883f1aae6992ad8a1d4c65d857e71aad,0.5.21.dev861+gbd66ce343
stack-S0,20261002-004958,dflash-tuned-b16,"{""attention-backend"": ""triton"", ""disable-radix-cache"": true, ""enable-metrics"": true, ""max-mamba-cache-size"": 64, ""max-running-requests"": 64, ""max-total-tokens"": 1000000, ""mem-fraction-static"": 0.85, ""mm-attention-backend"": ""triton_attn"", ""random-seed"": 0, ""speculative-algorithm"": ""DFLASH"", ""speculative-dflash-block-size"": 16, ""speculative-draft-model-path"": ""z-lab/Qwen3.5-4B-DFlash"", ""speculative-draft-model-revision"": ""9a1996ccf887b79ab3af4fcbf8c1d1f4b5658bcf"", ""stream-interval"": 4}",{},exact-up-to-rounding,64,307894,64,8.6210,9.3960,57.0000,,,bd66ce343e4f6e2f2b75d7e820fe4d0718a8d824,False,84717d2e883f1aae6992ad8a1d4c65d857e71aad,0.5.21.dev861+gbd66ce343
stack-S0,20261002-005317,dflash-tuned-b16,"{""attention-backend"": ""triton"", ""disable-radix-cache"": true, ""enable-metrics"": true, ""max-mamba-cache-size"": 64, ""max-running-requests"": 64, ""max-total-tokens"": 1000000, ""mem-fraction-static"": 0.85, ""mm-attention-backend"": ""triton_attn"", ""random-seed"": 0, ""speculative-algorithm"": ""DFLASH"", ""speculative-dflash-block-size"": 16, ""speculative-draft-model-path"": ""z-lab/Qwen3.5-4B-DFlash"", ""speculative-draft-model-revision"": ""9a1996ccf887b79ab3af4fcbf8c1d1f4b5658bcf"", ""stream-interval"": 4}",{},exact-up-to-rounding,64,307957,64,8.6210,9.3980,57.0000,,,bd66ce343e4f6e2f2b75d7e820fe4d0718a8d824,False,84717d2e883f1aae6992ad8a1d4c65d857e71aad,0.5.21.dev861+gbd66ce343
stack-S0,20261002-011701,dflash-tuned-b16,"{""attention-backend"": ""triton"", ""disable-radix-cache"": true, ""enable-metrics"": true, ""max-mamba-cache-size"": 64, ""max-running-requests"": 64, ""max-total-tokens"": 1000000, ""mem-fraction-static"": 0.85, ""mm-attention-backend"": ""triton_attn"", ""random-seed"": 0, ""speculative-algorithm"": ""DFLASH"", ""speculative-dflash-block-size"": 16, ""speculative-draft-model-path"": ""z-lab/Qwen3.5-4B-DFlash"", ""speculative-draft-model-revision"": ""9a1996ccf887b79ab3af4fcbf8c1d1f4b5658bcf"", ""stream-interval"": 4}",{},exact-up-to-rounding,64,308006,64,8.6210,9.4000,55.1000,,,bd66ce343e4f6e2f2b75d7e820fe4d0718a8d824,False,84717d2e883f1aae6992ad8a1d4c65d857e71aad,0.5.21.dev861+gbd66ce343
stack-S0,20261002-014924,dflash-tuned-b16,"{""attention-backend"": ""triton"", ""disable-radix-cache"": true, ""enable-metrics"": true, ""max-mamba-cache-size"": 64, ""max-running-requests"": 64, ""max-total-tokens"": 1000000, ""mem-fraction-static"": 0.85, ""mm-attention-backend"": ""triton_attn"", ""random-seed"": 0, ""speculative-algorithm"": ""DFLASH"", ""speculative-dflash-block-size"": 16, ""speculative-draft-model-path"": ""z-lab/Qwen3.5-4B-DFlash"", ""speculative-draft-model-revision"": ""9a1996ccf887b79ab3af4fcbf8c1d1f4b5658bcf"", ""stream-interval"": 4}",{},exact-up-to-rounding,64,308018,64,8.6210,9.4000,59.0000,,,bd66ce343e4f6e2f2b75d7e820fe4d0718a8d824,False,84717d2e883f1aae6992ad8a1d4c65d857e71aad,0.5.21.dev861+gbd66ce343
stack-S0,20261002-021302,dflash-tuned-b16,"{""attention-backend"": ""triton"", ""disable-radix-cache"": true, ""enable-metrics"": true, ""max-mamba-cache-size"": 64, ""max-running-requests"": 64, ""max-total-tokens"": 1000000, ""mem-fraction-static"": 0.85, ""mm-attention-backend"": ""triton_attn"", ""random-seed"": 0, ""speculative-algorithm"": ""DFLASH"", ""speculative-dflash-block-size"": 16, ""speculative-draft-model-path"": ""z-lab/Qwen3.5-4B-DFlash"", ""speculative-draft-model-revision"": ""9a1996ccf887b79ab3af4fcbf8c1d1f4b5658bcf"", ""stream-interval"": 4}",{},exact-up-to-rounding,64,307929,64,8.6210,9.3970,55.0000,,,bd66ce343e4f6e2f2b75d7e820fe4d0718a8d824,False,84717d2e883f1aae6992ad8a1d4c65d857e71aad,0.5.21.dev861+gbd66ce343
