id,regime,lever,axis,measured_effect,evidence_kind,n,where,exactness,engine_series,switch,blocker,in_composed_run
D1,c1-8 on tuned DFlash,DFlash block 16 with Triton target and draft attention (dflash-tuned-b16) instead of block 8 with FA4 draft attention (dflash-tuned),progress per pass; host overhead,"x_e2e 986.9 vs 814.4 tok/s/user at c=1 (1.21x), 876.4 vs 752.6 at c=2, 713.0 vs 650.1 at c=4, 530.0 vs 519.4 at c=8; y 3,502 vs 3,651 tok/s at c=8 (0.96x)",served end to end (bench confirmation),3 sessions each,evidence/bench/confirm/frontier.csv (PR #131),exact-up-to-rounding (b16 Triton) vs stock (b8 FA4); against stock DFlash b16 every first divergence is rounding-level,none (flags),--speculative-dflash-block-size 16 --attention-backend triton,none; it is the baseline of the composition,baseline S0
D2,c1-8 on tuned DFlash,Triton GDN verify kernel instead of FlashInfer gated_delta_rule_mtp,verify cost per token,"already the verify kernel of every bench arm (SGLang resolves it from the Triton linear-attention default on sm_90); against FlashInfer GDN verify: whole verify pass 4.55 vs 4.78 ms at B=16, 2.06x faster at B=64, 2.34x at B=256 (forced acceptance, c=1)","served cycle phases, forced acceptance (repair Stage A decomposition), single runs","1 run per width (1,024 to 64 cycles)",evidence/repair/README.md; evidence/repair/stage_a_timing.json,bench: --linear-attn-verify-backend triton gives the same tokens as the default on all 320 prompts (it is the default),none (default),default at the pin,no gain over tuned DFlash: already in it; matters for blocks of 64 and more,in every arm (default)
D3,c1-8 on tuned DFlash,Exact snapshot-free GDN verify (fold every commit),bytes per verify pass (state),"none served yet; derived: removes 16 FP32 state snapshots (16 x 50.3 MB) and the commit copy per request per cycle, about 0.27 ms per request-cycle at 3 TB/s: ~5% of the 5.29 ms c=1 cycle, ~2.1 ms of the 10.19 ms c=8 cycle; the fold's ring verify uses value tiles of 32 instead of 4, and moonshot measured the recurrent verify slower at one request when the wrapper picks its no-snapshot launch configuration (92 vs 76 us per layer at T=16), so the sign at c=1 is open",kernel-level bitwise check; derived bytes,9 kernel cases; 80 served MTP sequences,"PR #133 (drafter, evidence/drafter/README.md ""Buffered GDN verify""); evidence/moonshot/README.md section 2e","bitwise at kernel level (verify output and committed state, B 1/8/16); served MTP s3 c=1 80/80 bitwise; served DFlash undecided (pool confound), pinned-pool localization queued","drafter 0002-0003 (PR #133), base bd66ce343e",--enable-linear-replayssm-spec + SGLANG_GDN_REPLAYSSM_FOLD=1,served DFlash exactness and timing pending (drafter fold localization and fold A/B queued),yes: F
D4,c1-8 on tuned DFlash,"Backbone GEMM routing table v1 (Hopper GEMV at M=1, Triton skinny GEMM with PDL at M=2-16, merged GDN in_proj from M=64)",bytes per pass (kernel efficiency),"microbenchmarks only: at M=16, GDN out_proj and attention o_proj 0.88-0.89x of cuBLAS, GDN in_proj 0.97x, merged in_proj from M=64 5-13% faster on that projection; derived about 0.07-0.09 ms per c=1 block-16 cycle (16 verify rows and 16 draft rows), nothing at c=2 (32 rows route to cuBLAS), about 0.12-0.13 ms per verify at c=4-8 from the merged in_proj",isolated kernel microbenchmark; derived,15 replays x 10 calls per shape,evidence/backbone/README.md; evidence/backbone/tables.md,"pending: merged in_proj bitwise to cuBLAS per GEMM at every M; Triton and GEMV outputs differ from cuBLAS in a few elements (GEMV bitwise on 99.65-99.88%); served classification queued (backbone), and the stack equality hold classifies it on DFlash","backbone 0001-0008 (main), base bd66ce343e","SGLANG_BACKBONE_GEMM=1, SGLANG_BACKBONE_PDL=1, SGLANG_BACKBONE_MERGE_IN_PROJ=1, SGLANG_BACKBONE_GEMM_TABLE=<json>",served throughput and exactness pending (backbone hold 2 is plain decode only),yes: G
D5,c1-8 on tuned DFlash,Certified int8 LM head on the greedy verify,bytes per verify pass (head),"no served timing; microbenchmarks: certified W8A16 pass ~205 us plus 15-25 us of small kernels against 394 us for the stock head chain at M=16; 3.78% of DFlash verify rows fell back and 63.8% of verify steps had a fallback (c<=2, whole-batch fallback); derived per c=1 cycle: about -80 us with whole-batch fallback, up to +150 us with column fallback",isolated kernel microbenchmark; engine check-mode counters; derived,"56,080 verify rows","PR #45, PR #52 (evidence/certified_head/README.md, engine_v1.json)",stock-kernel contract: 0 rows differing from the stock head in check mode; column fallback rests on measured column-subset invariance of this cuBLAS build,kernel 0001-0006 (PR #52) rebased: stack/0001-0002 replace kernel 0002-0003,"SGLANG_CERTIFIED_HEAD_VERIFY=1 (+ _FALLBACK, _MODEL, _MAX_ROWS, _SRC)","#45 not merged; the package version the engine checks ran (TMA-fault fix, self-test gate) is not on the remote; column fallback never ran in the engine at DFlash verify shapes; batch fallback is a derived loss",only if a citable package commit exists before session 1 (H)
D6,c1-8 on tuned DFlash,Certified head on the DFlash draft projection,bytes per draft step (head),89.6% of draft-projection rows fall back (flat deep-block logits): a derived loss,engine check-mode counters,"53,820 rows",PR #52 (evidence/certified_head/README.md),stock-kernel contract,kernel 0003 (PR #52),SGLANG_CERTIFIED_HEAD_DRAFT=1,fallback rate,no (kernel advises off)
D7,c1-8 on tuned DFlash,"Hot-vocabulary DFlash draft head (speculative token map, 22,936 rows)",bytes per draft step (head),"not measured served; derived: the draft head reads 1.27 GB per 256-row chunk (one chunk at c<=8), ~0.3 ms, against ~0.03 ms for the hot rows; held-out coverage 97.5% of target tokens, which truncates accepted runs (about -7% tokens per cycle at tau 5.7 if misses were independent): net about break-even",derived from measured coverage,"171,968 held-out tokens (coverage)",evidence/moonshot/README.md sections 2f and 3,exact (draft-side only; the target verifies),moonshot 0005 (main),--speculative-token-map <map>,derived net gain below 1%; no served run,no (declared exclusion: derived net < 1%)
D8,c1-8 on tuned DFlash,FA4 draft attention under Triton target attention,draft cost,"untested at block 16; at block 8 FA4 draft with FlashInfer target served 769 tok/s/user at c=1 against 686 for FlashInfer draft and 807 for Triton target and draft (single tuning runs, different sessions)",served single runs on the tuning split,1,"evidence/bench/README.md (tuning, slots T2/T3)",exact (draft-side only),none (flag),--speculative-draft-attention-backend fa4,no evidence of a gain over Triton draft attention,no
D9,c1-8 on tuned DFlash,Host-gap patches (sync-free FlashInfer planning),system overhead,"no-op on both tuned DFlash arms (Triton attention plans nothing on the host; dflash-tuned drafts with FA4 and its verify already uses fast_prefill_plan); tuned MTP held-batch cycle -2.7% (B=1) to -4.8% (B=128); DFlash b8 with FlashInfer draft -0.7 to -1.7%, unconfirmed",held-batch untraced cycle windows,3 windows per batch size,evidence/hostgap/README.md,"bitwise (plans, in-engine validation, 192/192 greedy outputs)","hostgap 0001-0005 (main), base bd66ce343e","SGLANG_HOSTGAP_VERIFY_PLAN, _DRAFT_INDPTR, _DFLASH_DRAFT_PLAN",nothing to remove on these arms,"applied, switched off"
D10,c1-8 on tuned DFlash,Triton target attention for MTP (host gap),system overhead,"MTP: 1.18x per-user rate at c=1, 1.14x y at c=4 (single runs); confirmed in bench mtp-tuned-triton",served single runs,1,evidence/moonshot/host_levers.csv,exact-up-to-rounding (bench),none (flag),--attention-backend triton,MTP is dominated by DFlash at c<=8 (540 vs 987 tok/s/user at c=1),in the baseline (DFlash arm already uses it)
D11,c1-8 on tuned DFlash,"CUDA graphs, overlap scheduler, stream interval 4",system overhead,"on in every bench arm (launch checks); --stream-interval 4 raised client throughput 8% at c=256 (frontend), no effect expected at c<=8; tc_piecewise prefill graphs crash at the pin",served (frontend diagnostic),1,evidence/bench/README.md (frontend),stock,none,defaults,already on,in every arm
D12,c1-8 on tuned DFlash,SGLANG_ENABLE_OVERLAP_PLAN_STREAM,system overhead,"MTP fails at the first verify (NotImplementedError in the hybrid GDN backend); irrelevant with Triton attention, which plans nothing",launch test,1,evidence/moonshot/README.md section 2d,-,none,env,crash (MTP); no plan to overlap (Triton),no
D13,c1-8 on tuned DFlash,Relaxed greedy acceptance (logit gap g),progress per pass (lossy),not measured,none,0,"engine/sglang/README.md (moonshot 0002, 0004)",lossy by construction,"moonshot 0002, 0004 (main)",SGLANG_SPEC_RELAXED_GREEDY_LOGIT_GAP=g,needs the lossy quality budget run; no served timing,no (lossy stack)
D14,c1-8 on tuned DFlash,INT4 QAD target with its INT4 DFlash drafter (nota-ai),bytes per verify pass (lossy),not loaded; verify weight bytes 8.4 -> 3.3 GB (derived from the checkpoint headers),derived,0,evidence/moonshot/README.md section 3,lossy,none,model swap,load test and quality budget,no (lossy stack)
D15,c1-8 on tuned DFlash,FP16 GDN state,"bytes per pass (state, lossy)","plain decode c=1 284.9 vs 280.7 tok/s/user (no gain); +24% y at c=128 (single runs, radix cache on)",served single runs,1,evidence/moonshot/lever_sweeps_quick.csv,lossy (quality pending),none (flag),--mamba-ssm-dtype float16,quality; no low-concurrency gain,no (lossy stack)
D16,c1-8 on tuned DFlash,Wider blocks (32-256) with perfect acceptance,progress per pass (oracle),"forced acceptance with the Triton GDN verify: 456 us per committed token at B=16, 165 at B=64, 89 at B=256 including DFlash drafting (c=1, MATH-500, 2,048 tokens)","served forced-acceptance oracle, not a decoder",1 run per width,evidence/repair/stage_a_timing.json,not a decoder (forced tokens),repair 0001 (main),SGLANG_SIMULATE_ACC_LEN=B,needs a drafter that keeps 50 or more tokens per 64-token block,no (gap analysis)
D17,c1-8 on tuned DFlash,Rate-trained selector over DFlash candidates (P6),progress per pass,"oracle only: top-16 support bound 10.14 tokens per cycle on the stock trajectory against 6.20 engine (an upper bound on that trajectory, not a selector result)",offline oracle,"21,067 cycles",evidence/drafter/support/,exact (draft-side),none,-,selector training (drafter),no
D18,c1-8 on tuned DFlash,Reuse a cached window once after a rejection (P9),draft cost,"oracle upper bound +0.99 tokens per post-rejection boundary at top-16 (95% interval 0.89-1.07), padded block-16 verify, always-reuse, c=1, compile and conditioning uncharged",offline oracle,"18,274 boundaries",evidence/repair/p9_support_oracle.json,exact (draft-side),none,-,no program built; cost test pending,no
D19,c1-8 on tuned DFlash,Anchor-fused exact replay (P10),bytes per verify pass (state),c=1: rejected by derivation (the DFlash-16 commit phase is 0.11 of a 7.60 ms cycle); c>=8 pending the phase split,derived from measured phases,-,evidence/repair/README.md,exact by design,none,-,phase split at c=8/16 queued (drafter),no
D20,c1-8 on tuned DFlash,"Long-window repair, target-anchored residual decoding (P2 Arm B, P3)",progress per pass,refuted: one-step recycling 0.52 and 1.11 accepted drafts vs 4.44 fresh; residual evaluator at most +0.11 drafts in four sweeps,offline replay on a served trace,"18,525 boundaries; 80 held-out blocks",evidence/repair/README.md,exact (audited),-,-,refuted,no
P1,c32-128 on tuned plain,"Buffered GDN decode (ReplaySSM, flush every 16 tokens)",bytes per pass (state),"y 15,012 vs 13,898 tok/s at c=128 (1.08x), 12,773 vs 12,180 at c=96, 9,917 vs 9,901 at c=64, 5,888 vs 6,233 at c=32 (0.94x); 244 vs 282 tok/s/user at c=1 (tuning)","served end to end; replayssm one session, plain four (cross-session)",1 vs 4,evidence/bench/confirm/frontier.csv (PR #131),"exact-up-to-rounding against radix-off plain (3.40/1K, all tie or one_ulp); not bit-exact (BF16 tensor-core reconstruction)",none (flag),--enable-linear-replayssm,two more supplementary sessions queued (bench),no (c<=8 plan)
P2,c32-128 on tuned plain,Rounding-preserving exact replay (P4),bytes per pass (state),"kernel 1.22x at B=128 and 256 (L=4); derived about 1.08x per decode step at B=128, below the declared 1.10x; served A/B void twice (127-request plateau, explained in PR #123)",isolated kernel; derived,kernel: 48 steps x 3 configurations,evidence/moonshot/README.md section 2c,bitwise at kernel level (synthetic activations),moonshot 0007-0009 (main),SGLANG_GDN_EXACT_REPLAY=1 --enable-linear-replayssm --linear-replayssm-cache-len 4,served A/B (admission preflight at running limit 129 queued),no
P3,c32-128 on tuned plain,FP16 GDN state,"bytes per pass (state, lossy)","+24% y at c=128, +11% at c=32 (single runs, radix cache on)",served single runs,1,evidence/moonshot/lever_sweeps_quick.csv,lossy (quality pending),none (flag),--mamba-ssm-dtype float16,quality run,no (lossy stack)
P4,c32-128 on tuned plain,Merged GDN in_proj (backbone),kernel efficiency,5-13% faster on the in_proj GEMM from M=64 (microbenchmark); derived under 1% of a step,isolated kernel,15x10 replays,evidence/backbone/README.md,bitwise per GEMM at every M,backbone 0003-0007 (main),SGLANG_BACKBONE_GEMM=1 SGLANG_BACKBONE_MERGE_IN_PROJ=1,served run pending,no
P5,c32-128 on tuned plain,Speculation at high concurrency (MTP + buffered verify; DFlash b8/b4),progress per pass,"MTP buffered 12,003 vs plain 13,898 at c=128 (0.86x), 6,556 vs 6,233 at c=32 (1.05x); DFlash b8 6,844 at c=32 (1.10x plain), b4 11,582 at c=128 (0.83x)",served end to end,3 sessions,evidence/bench/confirm/frontier.csv (PR #131),exact-up-to-rounding / stock,none (flags),arm choice,plain leads from c=48,no
P6,c32-128 on tuned plain,Snapshot-free DFlash verify at c=32-64,bytes per verify pass (state),not measured; derived: 16 snapshots per request per cycle are 25.8 GB per cycle at c=32 (6.8 ms at 3.79 TB/s),derived,-,PR #133,as D3,drafter 0002-0003,as D3,drafter fold A/B (c up to 32) queued,no
P7,c32-128 on tuned plain,Host-gap patches for MTP at high batch,system overhead,held-batch MTP cycle -4.8% at B=128 (55% of the derived idle),held-batch cycle windows,3 windows,evidence/hostgap/README.md,bitwise,hostgap 0001-0005 (main),SGLANG_HOSTGAP_*,MTP trails plain at c>=48,no
P8,c32-128 on tuned plain,"Prefill delayer, capacity above 128 (radix off)",concurrency and batching,"not measured cleanly (capacity probes contaminated by foreign CPU load; plain serves 512-1,024 running at ~16k tok/s in the server log)",feasibility probes,1,evidence/bench/README.md (probes),stock (scheduling only),none,--enable-prefill-delayer ...; --max-running-requests,unmeasured,no
P9,c32-128 on tuned plain,"FP8 W8A8 (Triton route), FP8 KV",bytes per pass (lossy),no gain: 0.96x and 0.99x y at c=128 (single runs); the CUTLASS FP8 route aborts on this aarch64 build,served single runs,1,evidence/moonshot/lever_sweeps_quick.csv,lossy,none,--quantization fp8; --kv-cache-dtype fp8_e4m3,no gain,no
